country_id,country,GEOLEVEL1,province,cohort,primary_educ,higher_educ,tertiary_educ,n,1a_distance-to-the-nearest-city,1b_name-of-the-nearest-city,2a_elevation-sd,2b_elevation-mean,2c_elevation-min,2d_elevation-max,2e_elevation-valid-pixels,3a_average-annual-precipitation-mm,3b_annual-precipitation-min-mm,3c_annual-precipitation-max-mm,3d_annual-precipitation-sd-mm,3e_annual-precipitation-valid-pixels,4a_average-annual-temperature-c,4b_annual-temperature-min-c,4c_annual-temperature-max-c,4d_annual-temperature-sd-c,5_area-km-2,6_river,7_sea,8_border,9_latitude,10_longitude,11_caloric_suitability_average,12_oil-surface-share,13_gold-deposit,14a_nighttime_light_intensity_average_2000,14b_nighttime_light_intensity_average_2012,15_railway,16a_mission-dummy,16b_distance-to-nearest-mission-km,16e_25-km-mission-exposure-buffer,16f_mission-count-within-25km-centroid,16g_mission-count-within-50km-centroid,16h_mission-count-within-75km-centroid,16i_mission-count-within-100km-centroid,16j_mission-count-total,16k_mission-station-density
1,benin,204001,Alibori,1915,0.002717391304347826,0.0009057971014492754,0.0,1104,315.7411284925201,Sokoto,41.24800671853644,265.0,168.0,333.0,103,911.1553398058252,646.0,1057.0,114.20963158689652,103,27.934757343773704,26.900144577026367,29.044588088989254,0.6154288104010638,26816.528065744656,1,0,1,11.324537177940773,2.897403478704802,4003.505460357666,0.0,0,6.96212100982666,8.202020645141602,0,0,231.66302679127517,0.0,0,0,0,0,0,0.0
1,benin,204002,Atacora,1915,0.0012106537530266344,0.0,0.0,1652,373.3858716519603,Iseyin,104.5321444090435,307.2073170731707,141.0,546.0,82,1041.3536585365853,878.0,1193.0,86.4756235145192,82,27.50192379369968,26.1460018157959,28.815832138061523,0.7910562690571945,20716.932436159223,0,0,1,10.684670261423204,1.575623537477644,4295.988332801606,0.0,0,8.074073791503906,9.27464771270752,0,0,199.48811051823145,0.0,0,0,0,0,0,0.0
1,benin,204003,Atlantique,1915,0.0333716915995397,0.0030686612965093976,0.0003835826620636747,2607,42.290666695850405,Porto Novo,27.975132255118258,36.94444444444444,3.0,102.0,18,1085.7222222222222,987.0,1201.0,60.42792360008148,18,27.23116355472141,27.06483459472656,27.473709106445312,0.1306271234190618,3148.242328156205,0,1,0,6.613548955406543,2.21453421939166,3522.201220703125,0.0,0,8.5958251953125,12.807332038879396,1,1,23.714330967414355,0.5033222334558249,1,5,10,16,2,0.0006352751127551
1,benin,204004,Borgou,1915,0.002081887578070784,0.0,0.0,1441,221.36200672398328,Iseyin,39.75507539192292,342.0,256.0,464.0,103,1071.2135922330096,1020.0,1136.0,23.683450649529043,103,26.57437172676753,25.86569023132324,27.18577003479004,0.2871029142991653,25565.59536932945,0,0,1,9.79625416772478,2.7713410058090853,4176.628527382944,0.0,0,10.251121520996094,13.032154083251951,1,0,141.60969890045266,0.0,0,0,0,0,0,0.0
1,benin,204005,Collines,1915,0.014357501794687724,0.0007178750897343862,0.0,1393,107.03565618529665,Abomey,54.6169972525851,201.9833333333333,91.0,300.0,60,1060.7666666666669,1005.0,1141.0,33.11714896478191,60,26.98593587875366,26.44758415222168,27.54981231689453,0.3116645655349564,13993.957276118785,0,0,1,8.136834782865934,2.206505771847065,3688.9762686270255,0.0,0,5.765100479125977,6.760000228881836,1,0,103.90935492319366,0.0,0,0,0,0,0,0.0
1,benin,204012,Zou,1915,0.019964973730297722,0.0024518388791593695,0.0,2855,11.517072593885665,Abomey,48.54219478511672,104.96153846153848,23.0,195.0,26,1042.576923076923,989.0,1145.0,34.56562663078305,26,27.268632081838756,26.9277286529541,27.571060180664062,0.1854002830752794,5284.404667442954,0,0,1,7.278233331033497,2.1074301726721343,3522.4691375248017,0.0,0,8.310218811035156,9.927499771118164,1,1,11.250811247630612,0.4692451024554435,1,2,2,5,1,0.0001892360753825
1,benin,204001,Alibori,1925,0.010684798445847498,0.0024283632831471587,0.00048567265662943174,2059,315.7411284925201,Sokoto,41.24800671853644,265.0,168.0,333.0,103,911.1553398058252,646.0,1057.0,114.20963158689652,103,27.934757343773704,26.900144577026367,29.044588088989254,0.6154288104010638,26816.528065744656,1,0,1,11.324537177940773,2.897403478704802,4003.505460357666,0.0,0,6.96212100982666,8.202020645141602,0,0,231.66302679127517,0.0,0,0,0,0,0,0.0
1,benin,204002,Atacora,1925,0.007768150582611294,0.0023902001792650133,0.00029877502240812666,3347,373.3858716519603,Iseyin,104.5321444090435,307.2073170731707,141.0,546.0,82,1041.3536585365853,878.0,1193.0,86.4756235145192,82,27.50192379369968,26.1460018157959,28.815832138061523,0.7910562690571945,20716.932436159223,0,0,1,10.684670261423204,1.575623537477644,4295.988332801606,0.0,0,8.074073791503906,9.27464771270752,0,0,199.48811051823145,0.0,0,0,0,0,0,0.0
1,benin,204006,Couffo,1915,0.0049382716049382715,0.0,0.0,1215,37.28549607668226,Abomey,47.22758139524449,117.66666666666669,39.0,192.0,18,1013.9444444444443,987.0,1048.0,18.89289173273089,18,27.013625568813747,26.87555885314941,27.17064476013184,0.0963925809502457,2376.7458057158883,0,0,1,6.996912955635301,1.7822525610043036,3505.929969200721,0.0,0,5.140127182006836,6.63095235824585,1,0,44.408739127771504,0.0460556719303439,0,2,3,16,0,0.0
1,benin,204003,Atlantique,1925,0.05649364185949552,0.009380863039399626,0.0016677089847821555,4797,42.290666695850405,Porto Novo,27.975132255118258,36.94444444444444,3.0,102.0,18,1085.7222222222222,987.0,1201.0,60.42792360008148,18,27.23116355472141,27.06483459472656,27.473709106445312,0.1306271234190618,3148.242328156205,0,1,0,6.613548955406543,2.21453421939166,3522.201220703125,0.0,0,8.5958251953125,12.807332038879396,1,1,23.714330967414355,0.5033222334558249,1,5,10,16,2,0.0006352751127551
1,benin,204007,Donga,1915,0.005106382978723404,0.001702127659574468,0.0,1175,239.3592643510598,Abomey,59.43651202701683,348.6470588235294,194.0,451.0,51,1132.2941176470588,1013.0,1293.0,63.37665003232257,51,26.50327121510225,26.00745964050293,27.1510009765625,0.2511994017016596,11102.32654013522,0,0,1,9.322826475562794,1.8079604698487952,3887.488410608092,0.0,0,7.083333492279053,9.829268455505373,0,0,183.77956521330103,0.0,0,0,0,0,0,0.0
1,benin,204004,Borgou,1925,0.013109978150036417,0.003641660597232338,0.0003641660597232338,2746,221.36200672398328,Iseyin,39.75507539192292,342.0,256.0,464.0,103,1071.2135922330096,1020.0,1136.0,23.683450649529043,103,26.57437172676753,25.86569023132324,27.18577003479004,0.2871029142991653,25565.59536932945,0,0,1,9.79625416772478,2.7713410058090853,4176.628527382944,0.0,0,10.251121520996094,13.032154083251951,1,0,141.60969890045266,0.0,0,0,0,0,0,0.0
1,benin,204005,Collines,1925,0.027203065134099615,0.0072796934865900385,0.0007662835249042146,2610,107.03565618529665,Abomey,54.6169972525851,201.9833333333333,91.0,300.0,60,1060.7666666666669,1005.0,1141.0,33.11714896478191,60,26.98593587875366,26.44758415222168,27.54981231689453,0.3116645655349564,13993.957276118785,0,0,1,8.136834782865934,2.206505771847065,3688.9762686270255,0.0,0,5.765100479125977,6.760000228881836,1,0,103.90935492319366,0.0,0,0,0,0,0,0.0
1,benin,204008,Littoral,1915,0.19889502762430938,0.055248618784530384,0.011049723756906077,181,27.83114563373657,Porto Novo,0.0,4.0,4.0,4.0,1,1181.0,1181.0,1181.0,0.0,1,27.23941802978516,27.23941802978516,27.23941802978516,0.0,70.40410980732173,0,1,0,6.370698600697339,2.416250555896379,3405.9844970703125,0.0,0,49.24691390991211,56.296295166015625,1,1,0.6554921086717901,0.9999999999999998,2,5,8,15,1,0.0142037162707794
1,benin,204009,Mono,1915,0.02932551319648094,0.002346041055718475,0.0,1705,74.6458912534373,Abomey,20.67792032311008,30.916666666666668,3.0,69.0,12,1018.6666666666666,987.0,1059.0,20.56831435863317,12,27.101917107899983,26.87860679626465,27.262834548950195,0.1144606535383878,1622.7997689559354,0,1,1,6.553966633631442,1.831309609846535,3507.951574707032,0.0,0,5.622857093811035,7.331670761108398,0,1,18.134500292130674,0.8162738486167597,1,7,11,16,3,0.0018486569060396
1,benin,204010,Oueme,1915,0.034307992202729044,0.0031189083820662767,0.0003898635477582846,2565,9.08585020244261,Porto Novo,30.840881958854556,31.8,4.0,100.0,10,1186.7,1063.0,1320.0,76.54678308067558,10,27.320516777038574,27.162397384643555,27.473709106445312,0.1049400314310268,1355.9675795657731,0,1,1,6.613480001830888,2.540216092650103,3341.306583180147,0.0,0,9.749593734741213,15.406760215759276,1,1,12.979103831766956,0.6958311784661985,2,6,8,13,2,0.0014749615183575
1,benin,204011,Plateau,1915,0.00801924619085806,0.0016038492381716118,0.0,1247,62.05877286467165,Abomey,50.35712462005748,102.6,33.0,198.0,20,1145.05,1059.0,1283.0,52.02064494025425,20,27.19521560668945,26.737457275390625,27.571060180664062,0.2391810193228492,3241.407724679636,0,0,1,7.199032432251508,2.624350811154,3446.5503315172696,0.0,0,4.94818639755249,6.70028018951416,1,1,12.110507724909125,0.4560669318617806,1,1,3,10,1,0.0003085079338788
1,benin,204006,Couffo,1925,0.008166969147005444,0.0013611615245009074,0.0009074410163339383,2204,37.28549607668226,Abomey,47.22758139524449,117.66666666666669,39.0,192.0,18,1013.9444444444443,987.0,1048.0,18.89289173273089,18,27.013625568813747,26.87555885314941,27.17064476013184,0.0963925809502457,2376.7458057158883,0,0,1,6.996912955635301,1.7822525610043036,3505.929969200721,0.0,0,5.140127182006836,6.63095235824585,1,0,44.408739127771504,0.0460556719303439,0,2,3,16,0,0.0
1,benin,204007,Donga,1925,0.0125,0.004807692307692308,0.0009615384615384616,2080,239.3592643510598,Abomey,59.43651202701683,348.6470588235294,194.0,451.0,51,1132.2941176470588,1013.0,1293.0,63.37665003232257,51,26.50327121510225,26.00745964050293,27.1510009765625,0.2511994017016596,11102.32654013522,0,0,1,9.322826475562794,1.8079604698487952,3887.488410608092,0.0,0,7.083333492279053,9.829268455505373,0,0,183.77956521330103,0.0,0,0,0,0,0,0.0
1,benin,204008,Littoral,1925,0.2706333973128599,0.08445297504798464,0.019193857965451054,521,27.83114563373657,Porto Novo,0.0,4.0,4.0,4.0,1,1181.0,1181.0,1181.0,0.0,1,27.23941802978516,27.23941802978516,27.23941802978516,0.0,70.40410980732173,0,1,0,6.370698600697339,2.416250555896379,3405.9844970703125,0.0,0,49.24691390991211,56.296295166015625,1,1,0.6554921086717901,0.9999999999999998,2,5,8,15,1,0.0142037162707794
1,benin,204009,Mono,1925,0.03549899531145345,0.005023442732752847,0.0006697923643670462,2986,74.6458912534373,Abomey,20.67792032311008,30.916666666666668,3.0,69.0,12,1018.6666666666666,987.0,1059.0,20.56831435863317,12,27.101917107899983,26.87860679626465,27.262834548950195,0.1144606535383878,1622.7997689559354,0,1,1,6.553966633631442,1.831309609846535,3507.951574707032,0.0,0,5.622857093811035,7.331670761108398,0,1,18.134500292130674,0.8162738486167597,1,7,11,16,3,0.0018486569060396
1,benin,204010,Oueme,1925,0.059403905447070915,0.014594039054470709,0.0041109969167523125,4865,9.08585020244261,Porto Novo,30.840881958854556,31.8,4.0,100.0,10,1186.7,1063.0,1320.0,76.54678308067558,10,27.320516777038574,27.162397384643555,27.473709106445312,0.1049400314310268,1355.9675795657731,0,1,1,6.613480001830888,2.540216092650103,3341.306583180147,0.0,0,9.749593734741213,15.406760215759276,1,1,12.979103831766956,0.6958311784661985,2,6,8,13,2,0.0014749615183575
1,benin,204011,Plateau,1925,0.01715686274509804,0.004493464052287581,0.0016339869281045752,2448,62.05877286467165,Abomey,50.35712462005748,102.6,33.0,198.0,20,1145.05,1059.0,1283.0,52.02064494025425,20,27.19521560668945,26.737457275390625,27.571060180664062,0.2391810193228492,3241.407724679636,0,0,1,7.199032432251508,2.624350811154,3446.5503315172696,0.0,0,4.94818639755249,6.70028018951416,1,1,12.110507724909125,0.4560669318617806,1,1,3,10,1,0.0003085079338788
1,benin,204012,Zou,1925,0.0345713156854998,0.005926511260371394,0.001185302252074279,5062,11.517072593885665,Abomey,48.54219478511672,104.96153846153848,23.0,195.0,26,1042.576923076923,989.0,1145.0,34.56562663078305,26,27.268632081838756,26.9277286529541,27.571060180664062,0.1854002830752794,5284.404667442954,0,0,1,7.278233331033497,2.1074301726721343,3522.4691375248017,0.0,0,8.310218811035156,9.927499771118164,1,1,11.250811247630612,0.4692451024554435,1,2,2,5,1,0.0001892360753825
1,benin,204001,Alibori,1935,0.01441784548422198,0.003264417845484222,0.000544069640914037,3676,315.7411284925201,Sokoto,41.24800671853644,265.0,168.0,333.0,103,911.1553398058252,646.0,1057.0,114.20963158689652,103,27.934757343773704,26.900144577026367,29.044588088989254,0.6154288104010638,26816.528065744656,1,0,1,11.324537177940773,2.897403478704802,4003.505460357666,0.0,0,6.96212100982666,8.202020645141602,0,0,231.66302679127517,0.0,0,0,0,0,0,0.0
1,benin,204002,Atacora,1935,0.01900512312014543,0.003305238803503553,0.0009915716410510659,6051,373.3858716519603,Iseyin,104.5321444090435,307.2073170731707,141.0,546.0,82,1041.3536585365853,878.0,1193.0,86.4756235145192,82,27.50192379369968,26.1460018157959,28.815832138061523,0.7910562690571945,20716.932436159223,0,0,1,10.684670261423204,1.575623537477644,4295.988332801606,0.0,0,8.074073791503906,9.27464771270752,0,0,199.48811051823145,0.0,0,0,0,0,0,0.0
1,benin,204003,Atlantique,1935,0.0967002165881004,0.024079500573321443,0.004204357242960886,7849,42.290666695850405,Porto Novo,27.975132255118258,36.94444444444444,3.0,102.0,18,1085.7222222222222,987.0,1201.0,60.42792360008148,18,27.23116355472141,27.06483459472656,27.473709106445312,0.1306271234190618,3148.242328156205,0,1,0,6.613548955406543,2.21453421939166,3522.201220703125,0.0,0,8.5958251953125,12.807332038879396,1,1,23.714330967414355,0.5033222334558249,1,5,10,16,2,0.0006352751127551
1,benin,204004,Borgou,1935,0.027596697088222513,0.008039982616253803,0.001738374619730552,4602,221.36200672398328,Iseyin,39.75507539192292,342.0,256.0,464.0,103,1071.2135922330096,1020.0,1136.0,23.683450649529043,103,26.57437172676753,25.86569023132324,27.18577003479004,0.2871029142991653,25565.59536932945,0,0,1,9.79625416772478,2.7713410058090853,4176.628527382944,0.0,0,10.251121520996094,13.032154083251951,1,0,141.60969890045266,0.0,0,0,0,0,0,0.0
1,benin,204005,Collines,1935,0.07506161774591082,0.025319291956083352,0.00425722608111136,4463,107.03565618529665,Abomey,54.6169972525851,201.9833333333333,91.0,300.0,60,1060.7666666666669,1005.0,1141.0,33.11714896478191,60,26.98593587875366,26.44758415222168,27.54981231689453,0.3116645655349564,13993.957276118785,0,0,1,8.136834782865934,2.206505771847065,3688.9762686270255,0.0,0,5.765100479125977,6.760000228881836,1,0,103.90935492319366,0.0,0,0,0,0,0,0.0
1,benin,204006,Couffo,1935,0.020828228375398185,0.006125949522175937,0.00098015192354815,4081,37.28549607668226,Abomey,47.22758139524449,117.66666666666669,39.0,192.0,18,1013.9444444444443,987.0,1048.0,18.89289173273089,18,27.013625568813747,26.87555885314941,27.17064476013184,0.0963925809502457,2376.7458057158883,0,0,1,6.996912955635301,1.7822525610043036,3505.929969200721,0.0,0,5.140127182006836,6.63095235824585,1,0,44.408739127771504,0.0460556719303439,0,2,3,16,0,0.0
1,benin,204007,Donga,1935,0.022850614110254214,0.006569551556698086,0.0028563267637817767,3501,239.3592643510598,Abomey,59.43651202701683,348.6470588235294,194.0,451.0,51,1132.2941176470588,1013.0,1293.0,63.37665003232257,51,26.50327121510225,26.00745964050293,27.1510009765625,0.2511994017016596,11102.32654013522,0,0,1,9.322826475562794,1.8079604698487952,3887.488410608092,0.0,0,7.083333492279053,9.829268455505373,0,0,183.77956521330103,0.0,0,0,0,0,0,0.0
1,benin,204008,Littoral,1935,0.3826860841423948,0.13106796116504854,0.02750809061488673,1236,27.83114563373657,Porto Novo,0.0,4.0,4.0,4.0,1,1181.0,1181.0,1181.0,0.0,1,27.23941802978516,27.23941802978516,27.23941802978516,0.0,70.40410980732173,0,1,0,6.370698600697339,2.416250555896379,3405.9844970703125,0.0,0,49.24691390991211,56.296295166015625,1,1,0.6554921086717901,0.9999999999999998,2,5,8,15,1,0.0142037162707794
1,benin,204009,Mono,1935,0.07617107942973524,0.021995926680244398,0.004276985743380856,4910,74.6458912534373,Abomey,20.67792032311008,30.916666666666668,3.0,69.0,12,1018.6666666666666,987.0,1059.0,20.56831435863317,12,27.101917107899983,26.87860679626465,27.262834548950195,0.1144606535383878,1622.7997689559354,0,1,1,6.553966633631442,1.831309609846535,3507.951574707032,0.0,0,5.622857093811035,7.331670761108398,0,1,18.134500292130674,0.8162738486167597,1,7,11,16,3,0.0018486569060396
1,benin,204010,Oueme,1935,0.09674525884161968,0.02972834443874936,0.007560225525371604,7804,9.08585020244261,Porto Novo,30.840881958854556,31.8,4.0,100.0,10,1186.7,1063.0,1320.0,76.54678308067558,10,27.320516777038574,27.162397384643555,27.473709106445312,0.1049400314310268,1355.9675795657731,0,1,1,6.613480001830888,2.540216092650103,3341.306583180147,0.0,0,9.749593734741213,15.406760215759276,1,1,12.979103831766956,0.6958311784661985,2,6,8,13,2,0.0014749615183575
1,benin,204011,Plateau,1935,0.04371584699453552,0.007285974499089253,0.001593806921675774,4392,62.05877286467165,Abomey,50.35712462005748,102.6,33.0,198.0,20,1145.05,1059.0,1283.0,52.02064494025425,20,27.19521560668945,26.737457275390625,27.571060180664062,0.2391810193228492,3241.407724679636,0,0,1,7.199032432251508,2.624350811154,3446.5503315172696,0.0,0,4.94818639755249,6.70028018951416,1,1,12.110507724909125,0.4560669318617806,1,1,3,10,1,0.0003085079338788
1,benin,204012,Zou,1935,0.07274969173859433,0.019358816276202218,0.0036991368680641184,8110,11.517072593885665,Abomey,48.54219478511672,104.96153846153848,23.0,195.0,26,1042.576923076923,989.0,1145.0,34.56562663078305,26,27.268632081838756,26.9277286529541,27.571060180664062,0.1854002830752794,5284.404667442954,0,0,1,7.278233331033497,2.1074301726721343,3522.4691375248017,0.0,0,8.310218811035156,9.927499771118164,1,1,11.250811247630612,0.4692451024554435,1,2,2,5,1,0.0001892360753825
1,benin,204001,Alibori,1945,0.03766233766233766,0.013149350649350649,0.0035714285714285713,6160,315.7411284925201,Sokoto,41.24800671853644,265.0,168.0,333.0,103,911.1553398058252,646.0,1057.0,114.20963158689652,103,27.934757343773704,26.900144577026367,29.044588088989254,0.6154288104010638,26816.528065744656,1,0,1,11.324537177940773,2.897403478704802,4003.505460357666,0.0,0,6.96212100982666,8.202020645141602,0,0,231.66302679127517,0.0,0,0,0,0,0,0.0
1,benin,204002,Atacora,1945,0.03690757684794901,0.009458209108666599,0.001542099311195641,9727,373.3858716519603,Iseyin,104.5321444090435,307.2073170731707,141.0,546.0,82,1041.3536585365853,878.0,1193.0,86.4756235145192,82,27.50192379369968,26.1460018157959,28.815832138061523,0.7910562690571945,20716.932436159223,0,0,1,10.684670261423204,1.575623537477644,4295.988332801606,0.0,0,8.074073791503906,9.27464771270752,0,0,199.48811051823145,0.0,0,0,0,0,0,0.0
1,benin,204003,Atlantique,1945,0.1633747658777456,0.05150689596458369,0.012514898688915376,11746,42.290666695850405,Porto Novo,27.975132255118258,36.94444444444444,3.0,102.0,18,1085.7222222222222,987.0,1201.0,60.42792360008148,18,27.23116355472141,27.06483459472656,27.473709106445312,0.1306271234190618,3148.242328156205,0,1,0,6.613548955406543,2.21453421939166,3522.201220703125,0.0,0,8.5958251953125,12.807332038879396,1,1,23.714330967414355,0.5033222334558249,1,5,10,16,2,0.0006352751127551
1,benin,204004,Borgou,1945,0.054638746359728194,0.015531826376369436,0.0031895714880044376,7211,221.36200672398328,Iseyin,39.75507539192292,342.0,256.0,464.0,103,1071.2135922330096,1020.0,1136.0,23.683450649529043,103,26.57437172676753,25.86569023132324,27.18577003479004,0.2871029142991653,25565.59536932945,0,0,1,9.79625416772478,2.7713410058090853,4176.628527382944,0.0,0,10.251121520996094,13.032154083251951,1,0,141.60969890045266,0.0,0,0,0,0,0,0.0
1,benin,204005,Collines,1945,0.16760583730674758,0.060973847709868516,0.015460193613639647,6921,107.03565618529665,Abomey,54.6169972525851,201.9833333333333,91.0,300.0,60,1060.7666666666669,1005.0,1141.0,33.11714896478191,60,26.98593587875366,26.44758415222168,27.54981231689453,0.3116645655349564,13993.957276118785,0,0,1,8.136834782865934,2.206505771847065,3688.9762686270255,0.0,0,5.765100479125977,6.760000228881836,1,0,103.90935492319366,0.0,0,0,0,0,0,0.0
1,benin,204006,Couffo,1945,0.04192992533026996,0.015221137277426766,0.002871912693854107,6964,37.28549607668226,Abomey,47.22758139524449,117.66666666666669,39.0,192.0,18,1013.9444444444443,987.0,1048.0,18.89289173273089,18,27.013625568813747,26.87555885314941,27.17064476013184,0.0963925809502457,2376.7458057158883,0,0,1,6.996912955635301,1.7822525610043036,3505.929969200721,0.0,0,5.140127182006836,6.63095235824585,1,0,44.408739127771504,0.0460556719303439,0,2,3,16,0,0.0
1,benin,204007,Donga,1945,0.05530776092774309,0.023550401427297057,0.006244424620874219,5605,239.3592643510598,Abomey,59.43651202701683,348.6470588235294,194.0,451.0,51,1132.2941176470588,1013.0,1293.0,63.37665003232257,51,26.50327121510225,26.00745964050293,27.1510009765625,0.2511994017016596,11102.32654013522,0,0,1,9.322826475562794,1.8079604698487952,3887.488410608092,0.0,0,7.083333492279053,9.829268455505373,0,0,183.77956521330103,0.0,0,0,0,0,0,0.0
1,benin,204008,Littoral,1945,0.47614991482112434,0.2065587734241908,0.05238500851788756,2348,27.83114563373657,Porto Novo,0.0,4.0,4.0,4.0,1,1181.0,1181.0,1181.0,0.0,1,27.23941802978516,27.23941802978516,27.23941802978516,0.0,70.40410980732173,0,1,0,6.370698600697339,2.416250555896379,3405.9844970703125,0.0,0,49.24691390991211,56.296295166015625,1,1,0.6554921086717901,0.9999999999999998,2,5,8,15,1,0.0142037162707794
1,benin,204009,Mono,1945,0.13144618834080718,0.04035874439461883,0.005325112107623318,7136,74.6458912534373,Abomey,20.67792032311008,30.916666666666668,3.0,69.0,12,1018.6666666666666,987.0,1059.0,20.56831435863317,12,27.101917107899983,26.87860679626465,27.262834548950195,0.1144606535383878,1622.7997689559354,0,1,1,6.553966633631442,1.831309609846535,3507.951574707032,0.0,0,5.622857093811035,7.331670761108398,0,1,18.134500292130674,0.8162738486167597,1,7,11,16,3,0.0018486569060396
1,benin,204010,Oueme,1945,0.1607722393276192,0.054922193559124574,0.0139801947241408,12017,9.08585020244261,Porto Novo,30.840881958854556,31.8,4.0,100.0,10,1186.7,1063.0,1320.0,76.54678308067558,10,27.320516777038574,27.162397384643555,27.473709106445312,0.1049400314310268,1355.9675795657731,0,1,1,6.613480001830888,2.540216092650103,3341.306583180147,0.0,0,9.749593734741213,15.406760215759276,1,1,12.979103831766956,0.6958311784661985,2,6,8,13,2,0.0014749615183575
1,benin,204011,Plateau,1945,0.08276055547762659,0.023986533875718894,0.003927619581989059,7129,62.05877286467165,Abomey,50.35712462005748,102.6,33.0,198.0,20,1145.05,1059.0,1283.0,52.02064494025425,20,27.19521560668945,26.737457275390625,27.571060180664062,0.2391810193228492,3241.407724679636,0,0,1,7.199032432251508,2.624350811154,3446.5503315172696,0.0,0,4.94818639755249,6.70028018951416,1,1,12.110507724909125,0.4560669318617806,1,1,3,10,1,0.0003085079338788
1,benin,204012,Zou,1945,0.120872074382815,0.04119910227637063,0.009297851875601153,12476,11.517072593885665,Abomey,48.54219478511672,104.96153846153848,23.0,195.0,26,1042.576923076923,989.0,1145.0,34.56562663078305,26,27.268632081838756,26.9277286529541,27.571060180664062,0.1854002830752794,5284.404667442954,0,0,1,7.278233331033497,2.1074301726721343,3522.4691375248017,0.0,0,8.310218811035156,9.927499771118164,1,1,11.250811247630612,0.4692451024554435,1,2,2,5,1,0.0001892360753825
1,benin,204001,Alibori,1955,0.06142900090189398,0.029762501252630524,0.008618098005812206,9979,315.7411284925201,Sokoto,41.24800671853644,265.0,168.0,333.0,103,911.1553398058252,646.0,1057.0,114.20963158689652,103,27.934757343773704,26.900144577026367,29.044588088989254,0.6154288104010638,26816.528065744656,1,0,1,11.324537177940773,2.897403478704802,4003.505460357666,0.0,0,6.96212100982666,8.202020645141602,0,0,231.66302679127517,0.0,0,0,0,0,0,0.0
1,benin,204002,Atacora,1955,0.06390801524166054,0.02627180961294204,0.0054816498429039375,14959,373.3858716519603,Iseyin,104.5321444090435,307.2073170731707,141.0,546.0,82,1041.3536585365853,878.0,1193.0,86.4756235145192,82,27.50192379369968,26.1460018157959,28.815832138061523,0.7910562690571945,20716.932436159223,0,0,1,10.684670261423204,1.575623537477644,4295.988332801606,0.0,0,8.074073791503906,9.27464771270752,0,0,199.48811051823145,0.0,0,0,0,0,0,0.0
1,benin,204003,Atlantique,1955,0.20279831045406546,0.09582893347412882,0.02191129883843717,18940,42.290666695850405,Porto Novo,27.975132255118258,36.94444444444444,3.0,102.0,18,1085.7222222222222,987.0,1201.0,60.42792360008148,18,27.23116355472141,27.06483459472656,27.473709106445312,0.1306271234190618,3148.242328156205,0,1,0,6.613548955406543,2.21453421939166,3522.201220703125,0.0,0,8.5958251953125,12.807332038879396,1,1,23.714330967414355,0.5033222334558249,1,5,10,16,2,0.0006352751127551
1,benin,204004,Borgou,1955,0.10985074626865672,0.05398720682302772,0.013816631130063966,11725,221.36200672398328,Iseyin,39.75507539192292,342.0,256.0,464.0,103,1071.2135922330096,1020.0,1136.0,23.683450649529043,103,26.57437172676753,25.86569023132324,27.18577003479004,0.2871029142991653,25565.59536932945,0,0,1,9.79625416772478,2.7713410058090853,4176.628527382944,0.0,0,10.251121520996094,13.032154083251951,1,0,141.60969890045266,0.0,0,0,0,0,0,0.0
1,benin,204005,Collines,1955,0.25035148561252224,0.12016121473427688,0.02905614396850689,10669,107.03565618529665,Abomey,54.6169972525851,201.9833333333333,91.0,300.0,60,1060.7666666666669,1005.0,1141.0,33.11714896478191,60,26.98593587875366,26.44758415222168,27.54981231689453,0.3116645655349564,13993.957276118785,0,0,1,8.136834782865934,2.206505771847065,3688.9762686270255,0.0,0,5.765100479125977,6.760000228881836,1,0,103.90935492319366,0.0,0,0,0,0,0,0.0
1,benin,204006,Couffo,1955,0.07124289195775792,0.038180341186027617,0.006580016246953696,12310,37.28549607668226,Abomey,47.22758139524449,117.66666666666669,39.0,192.0,18,1013.9444444444443,987.0,1048.0,18.89289173273089,18,27.013625568813747,26.87555885314941,27.17064476013184,0.0963925809502457,2376.7458057158883,0,0,1,6.996912955635301,1.7822525610043036,3505.929969200721,0.0,0,5.140127182006836,6.63095235824585,1,0,44.408739127771504,0.0460556719303439,0,2,3,16,0,0.0
1,benin,204007,Donga,1955,0.07678491243825775,0.03603502469690166,0.009429726088908847,8908,239.3592643510598,Abomey,59.43651202701683,348.6470588235294,194.0,451.0,51,1132.2941176470588,1013.0,1293.0,63.37665003232257,51,26.50327121510225,26.00745964050293,27.1510009765625,0.2511994017016596,11102.32654013522,0,0,1,9.322826475562794,1.8079604698487952,3887.488410608092,0.0,0,7.083333492279053,9.829268455505373,0,0,183.77956521330103,0.0,0,0,0,0,0,0.0
1,benin,204008,Littoral,1955,0.598153547133139,0.3216715257531584,0.08794946550048591,6174,27.83114563373657,Porto Novo,0.0,4.0,4.0,4.0,1,1181.0,1181.0,1181.0,0.0,1,27.23941802978516,27.23941802978516,27.23941802978516,0.0,70.40410980732173,0,1,0,6.370698600697339,2.416250555896379,3405.9844970703125,0.0,0,49.24691390991211,56.296295166015625,1,1,0.6554921086717901,0.9999999999999998,2,5,8,15,1,0.0142037162707794
1,benin,204009,Mono,1955,0.18451166504036193,0.08285283420562406,0.017209261066264525,11273,74.6458912534373,Abomey,20.67792032311008,30.916666666666668,3.0,69.0,12,1018.6666666666666,987.0,1059.0,20.56831435863317,12,27.101917107899983,26.87860679626465,27.262834548950195,0.1144606535383878,1622.7997689559354,0,1,1,6.553966633631442,1.831309609846535,3507.951574707032,0.0,0,5.622857093811035,7.331670761108398,0,1,18.134500292130674,0.8162738486167597,1,7,11,16,3,0.0018486569060396
1,benin,204010,Oueme,1955,0.22596621152510993,0.11006711409395974,0.029021059939828744,21605,9.08585020244261,Porto Novo,30.840881958854556,31.8,4.0,100.0,10,1186.7,1063.0,1320.0,76.54678308067558,10,27.320516777038574,27.162397384643555,27.473709106445312,0.1049400314310268,1355.9675795657731,0,1,1,6.613480001830888,2.540216092650103,3341.306583180147,0.0,0,9.749593734741213,15.406760215759276,1,1,12.979103831766956,0.6958311784661985,2,6,8,13,2,0.0014749615183575
1,benin,204011,Plateau,1955,0.10852082768591308,0.040751784584801665,0.008313002620403,11067,62.05877286467165,Abomey,50.35712462005748,102.6,33.0,198.0,20,1145.05,1059.0,1283.0,52.02064494025425,20,27.19521560668945,26.737457275390625,27.571060180664062,0.2391810193228492,3241.407724679636,0,0,1,7.199032432251508,2.624350811154,3446.5503315172696,0.0,0,4.94818639755249,6.70028018951416,1,1,12.110507724909125,0.4560669318617806,1,1,3,10,1,0.0003085079338788
1,benin,204012,Zou,1955,0.1820465846637006,0.08725464538079036,0.019994765768123528,19105,11.517072593885665,Abomey,48.54219478511672,104.96153846153848,23.0,195.0,26,1042.576923076923,989.0,1145.0,34.56562663078305,26,27.268632081838756,26.9277286529541,27.571060180664062,0.1854002830752794,5284.404667442954,0,0,1,7.278233331033497,2.1074301726721343,3522.4691375248017,0.0,0,8.310218811035156,9.927499771118164,1,1,11.250811247630612,0.4692451024554435,1,2,2,5,1,0.0001892360753825
1,benin,204001,Alibori,1965,0.10007581501137225,0.05054334091483447,0.008086934546373515,11871,315.7411284925201,Sokoto,41.24800671853644,265.0,168.0,333.0,103,911.1553398058252,646.0,1057.0,114.20963158689652,103,27.934757343773704,26.900144577026367,29.044588088989254,0.6154288104010638,26816.528065744656,1,0,1,11.324537177940773,2.897403478704802,4003.505460357666,0.0,0,6.96212100982666,8.202020645141602,0,0,231.66302679127517,0.0,0,0,0,0,0,0.0
1,benin,204002,Atacora,1965,0.09728664929783314,0.046895850543305584,0.007625341551757005,15737,373.3858716519603,Iseyin,104.5321444090435,307.2073170731707,141.0,546.0,82,1041.3536585365853,878.0,1193.0,86.4756235145192,82,27.50192379369968,26.1460018157959,28.815832138061523,0.7910562690571945,20716.932436159223,0,0,1,10.684670261423204,1.575623537477644,4295.988332801606,0.0,0,8.074073791503906,9.27464771270752,0,0,199.48811051823145,0.0,0,0,0,0,0,0.0
1,benin,204003,Atlantique,1965,0.27607272727272725,0.1324121212121212,0.02303030303030303,20625,42.290666695850405,Porto Novo,27.975132255118258,36.94444444444444,3.0,102.0,18,1085.7222222222222,987.0,1201.0,60.42792360008148,18,27.23116355472141,27.06483459472656,27.473709106445312,0.1306271234190618,3148.242328156205,0,1,0,6.613548955406543,2.21453421939166,3522.201220703125,0.0,0,8.5958251953125,12.807332038879396,1,1,23.714330967414355,0.5033222334558249,1,5,10,16,2,0.0006352751127551
1,benin,204004,Borgou,1965,0.1717675136880528,0.0925873929524077,0.017197809911554122,14246,221.36200672398328,Iseyin,39.75507539192292,342.0,256.0,464.0,103,1071.2135922330096,1020.0,1136.0,23.683450649529043,103,26.57437172676753,25.86569023132324,27.18577003479004,0.2871029142991653,25565.59536932945,0,0,1,9.79625416772478,2.7713410058090853,4176.628527382944,0.0,0,10.251121520996094,13.032154083251951,1,0,141.60969890045266,0.0,0,0,0,0,0,0.0
1,benin,204005,Collines,1965,0.3432761620681084,0.17955091556881267,0.03372276079211202,12069,107.03565618529665,Abomey,54.6169972525851,201.9833333333333,91.0,300.0,60,1060.7666666666669,1005.0,1141.0,33.11714896478191,60,26.98593587875366,26.44758415222168,27.54981231689453,0.3116645655349564,13993.957276118785,0,0,1,8.136834782865934,2.206505771847065,3688.9762686270255,0.0,0,5.765100479125977,6.760000228881836,1,0,103.90935492319366,0.0,0,0,0,0,0,0.0
1,benin,204006,Couffo,1965,0.1548914836070981,0.08278910218352134,0.011478329705125669,15159,37.28549607668226,Abomey,47.22758139524449,117.66666666666669,39.0,192.0,18,1013.9444444444443,987.0,1048.0,18.89289173273089,18,27.013625568813747,26.87555885314941,27.17064476013184,0.0963925809502457,2376.7458057158883,0,0,1,6.996912955635301,1.7822525610043036,3505.929969200721,0.0,0,5.140127182006836,6.63095235824585,1,0,44.408739127771504,0.0460556719303439,0,2,3,16,0,0.0
1,benin,204007,Donga,1965,0.1191510864072764,0.06023244062657908,0.01101566447700859,9895,239.3592643510598,Abomey,59.43651202701683,348.6470588235294,194.0,451.0,51,1132.2941176470588,1013.0,1293.0,63.37665003232257,51,26.50327121510225,26.00745964050293,27.1510009765625,0.2511994017016596,11102.32654013522,0,0,1,9.322826475562794,1.8079604698487952,3887.488410608092,0.0,0,7.083333492279053,9.829268455505373,0,0,183.77956521330103,0.0,0,0,0,0,0,0.0
1,benin,204008,Littoral,1965,0.7015476609215617,0.40942666197678507,0.0972564192754133,11372,27.83114563373657,Porto Novo,0.0,4.0,4.0,4.0,1,1181.0,1181.0,1181.0,0.0,1,27.23941802978516,27.23941802978516,27.23941802978516,0.0,70.40410980732173,0,1,0,6.370698600697339,2.416250555896379,3405.9844970703125,0.0,0,49.24691390991211,56.296295166015625,1,1,0.6554921086717901,0.9999999999999998,2,5,8,15,1,0.0142037162707794
1,benin,204009,Mono,1965,0.29213302198244623,0.13600128834849826,0.02037201062887511,12419,74.6458912534373,Abomey,20.67792032311008,30.916666666666668,3.0,69.0,12,1018.6666666666666,987.0,1059.0,20.56831435863317,12,27.101917107899983,26.87860679626465,27.262834548950195,0.1144606535383878,1622.7997689559354,0,1,1,6.553966633631442,1.831309609846535,3507.951574707032,0.0,0,5.622857093811035,7.331670761108398,0,1,18.134500292130674,0.8162738486167597,1,7,11,16,3,0.0018486569060396
1,benin,204010,Oueme,1965,0.30282422247249413,0.16299922030667938,0.03218400762366802,23086,9.08585020244261,Porto Novo,30.840881958854556,31.8,4.0,100.0,10,1186.7,1063.0,1320.0,76.54678308067558,10,27.320516777038574,27.162397384643555,27.473709106445312,0.1049400314310268,1355.9675795657731,0,1,1,6.613480001830888,2.540216092650103,3341.306583180147,0.0,0,9.749593734741213,15.406760215759276,1,1,12.979103831766956,0.6958311784661985,2,6,8,13,2,0.0014749615183575
1,benin,204011,Plateau,1965,0.15865844121991485,0.06612216526196889,0.011469284907463724,11509,62.05877286467165,Abomey,50.35712462005748,102.6,33.0,198.0,20,1145.05,1059.0,1283.0,52.02064494025425,20,27.19521560668945,26.737457275390625,27.571060180664062,0.2391810193228492,3241.407724679636,0,0,1,7.199032432251508,2.624350811154,3446.5503315172696,0.0,0,4.94818639755249,6.70028018951416,1,1,12.110507724909125,0.4560669318617806,1,1,3,10,1,0.0003085079338788
1,benin,204012,Zou,1965,0.26395481298651985,0.13912094171254985,0.021928991835959748,21068,11.517072593885665,Abomey,48.54219478511672,104.96153846153848,23.0,195.0,26,1042.576923076923,989.0,1145.0,34.56562663078305,26,27.268632081838756,26.9277286529541,27.571060180664062,0.1854002830752794,5284.404667442954,0,0,1,7.278233331033497,2.1074301726721343,3522.4691375248017,0.0,0,8.310218811035156,9.927499771118164,1,1,11.250811247630612,0.4692451024554435,1,2,2,5,1,0.0001892360753825
1,benin,204001,Alibori,1975,0.08681501162404517,0.033477250083028896,0.014546662238458984,15055,315.7411284925201,Sokoto,41.24800671853644,265.0,168.0,333.0,103,911.1553398058252,646.0,1057.0,114.20963158689652,103,27.934757343773704,26.900144577026367,29.044588088989254,0.6154288104010638,26816.528065744656,1,0,1,11.324537177940773,2.897403478704802,4003.505460357666,0.0,0,6.96212100982666,8.202020645141602,0,0,231.66302679127517,0.0,0,0,0,0,0,0.0
1,benin,204002,Atacora,1975,0.11591936044490789,0.04564940331363689,0.014250955856795273,17262,373.3858716519603,Iseyin,104.5321444090435,307.2073170731707,141.0,546.0,82,1041.3536585365853,878.0,1193.0,86.4756235145192,82,27.50192379369968,26.1460018157959,28.815832138061523,0.7910562690571945,20716.932436159223,0,0,1,10.684670261423204,1.575623537477644,4295.988332801606,0.0,0,8.074073791503906,9.27464771270752,0,0,199.48811051823145,0.0,0,0,0,0,0,0.0
1,benin,204003,Atlantique,1975,0.2516497235598359,0.09162653825575173,0.025459247369359728,22428,42.290666695850405,Porto Novo,27.975132255118258,36.94444444444444,3.0,102.0,18,1085.7222222222222,987.0,1201.0,60.42792360008148,18,27.23116355472141,27.06483459472656,27.473709106445312,0.1306271234190618,3148.242328156205,0,1,0,6.613548955406543,2.21453421939166,3522.201220703125,0.0,0,8.5958251953125,12.807332038879396,1,1,23.714330967414355,0.5033222334558249,1,5,10,16,2,0.0006352751127551
1,benin,204004,Borgou,1975,0.1805990656773839,0.07227260236328661,0.024292388018686453,18195,221.36200672398328,Iseyin,39.75507539192292,342.0,256.0,464.0,103,1071.2135922330096,1020.0,1136.0,23.683450649529043,103,26.57437172676753,25.86569023132324,27.18577003479004,0.2871029142991653,25565.59536932945,0,0,1,9.79625416772478,2.7713410058090853,4176.628527382944,0.0,0,10.251121520996094,13.032154083251951,1,0,141.60969890045266,0.0,0,0,0,0,0,0.0
1,benin,204005,Collines,1975,0.3048050139275766,0.11190807799442896,0.03405292479108635,14360,107.03565618529665,Abomey,54.6169972525851,201.9833333333333,91.0,300.0,60,1060.7666666666669,1005.0,1141.0,33.11714896478191,60,26.98593587875366,26.44758415222168,27.54981231689453,0.3116645655349564,13993.957276118785,0,0,1,8.136834782865934,2.206505771847065,3688.9762686270255,0.0,0,5.765100479125977,6.760000228881836,1,0,103.90935492319366,0.0,0,0,0,0,0,0.0
1,benin,204006,Couffo,1975,0.17464528780712885,0.06084900219171761,0.016668589225977623,17338,37.28549607668226,Abomey,47.22758139524449,117.66666666666669,39.0,192.0,18,1013.9444444444443,987.0,1048.0,18.89289173273089,18,27.013625568813747,26.87555885314941,27.17064476013184,0.0963925809502457,2376.7458057158883,0,0,1,6.996912955635301,1.7822525610043036,3505.929969200721,0.0,0,5.140127182006836,6.63095235824585,1,0,44.408739127771504,0.0460556719303439,0,2,3,16,0,0.0
1,benin,204007,Donga,1975,0.14376612209802236,0.0528804815133276,0.016680997420464316,11630,239.3592643510598,Abomey,59.43651202701683,348.6470588235294,194.0,451.0,51,1132.2941176470588,1013.0,1293.0,63.37665003232257,51,26.50327121510225,26.00745964050293,27.1510009765625,0.2511994017016596,11102.32654013522,0,0,1,9.322826475562794,1.8079604698487952,3887.488410608092,0.0,0,7.083333492279053,9.829268455505373,0,0,183.77956521330103,0.0,0,0,0,0,0,0.0
1,benin,204008,Littoral,1975,0.6690866939173937,0.33451284241351964,0.10542370813251174,16391,27.83114563373657,Porto Novo,0.0,4.0,4.0,4.0,1,1181.0,1181.0,1181.0,0.0,1,27.23941802978516,27.23941802978516,27.23941802978516,0.0,70.40410980732173,0,1,0,6.370698600697339,2.416250555896379,3405.9844970703125,0.0,0,49.24691390991211,56.296295166015625,1,1,0.6554921086717901,0.9999999999999998,2,5,8,15,1,0.0142037162707794
1,benin,204009,Mono,1975,0.3014027454804591,0.10629360138024155,0.029630185282424424,13331,74.6458912534373,Abomey,20.67792032311008,30.916666666666668,3.0,69.0,12,1018.6666666666666,987.0,1059.0,20.56831435863317,12,27.101917107899983,26.87860679626465,27.262834548950195,0.1144606535383878,1622.7997689559354,0,1,1,6.553966633631442,1.831309609846535,3507.951574707032,0.0,0,5.622857093811035,7.331670761108398,0,1,18.134500292130674,0.8162738486167597,1,7,11,16,3,0.0018486569060396
1,benin,204010,Oueme,1975,0.3174382040361422,0.139155355650201,0.042272021653464956,25123,9.08585020244261,Porto Novo,30.840881958854556,31.8,4.0,100.0,10,1186.7,1063.0,1320.0,76.54678308067558,10,27.320516777038574,27.162397384643555,27.473709106445312,0.1049400314310268,1355.9675795657731,0,1,1,6.613480001830888,2.540216092650103,3341.306583180147,0.0,0,9.749593734741213,15.406760215759276,1,1,12.979103831766956,0.6958311784661985,2,6,8,13,2,0.0014749615183575
1,benin,204011,Plateau,1975,0.1632682469918582,0.0598746307370848,0.01830103033359752,13879,62.05877286467165,Abomey,50.35712462005748,102.6,33.0,198.0,20,1145.05,1059.0,1283.0,52.02064494025425,20,27.19521560668945,26.737457275390625,27.571060180664062,0.2391810193228492,3241.407724679636,0,0,1,7.199032432251508,2.624350811154,3446.5503315172696,0.0,0,4.94818639755249,6.70028018951416,1,1,12.110507724909125,0.4560669318617806,1,1,3,10,1,0.0003085079338788
1,benin,204012,Zou,1975,0.27083686261223106,0.10477723191597493,0.02820599695070303,23612,11.517072593885665,Abomey,48.54219478511672,104.96153846153848,23.0,195.0,26,1042.576923076923,989.0,1145.0,34.56562663078305,26,27.268632081838756,26.9277286529541,27.571060180664062,0.1854002830752794,5284.404667442954,0,0,1,7.278233331033497,2.1074301726721343,3522.4691375248017,0.0,0,8.310218811035156,9.927499771118164,1,1,11.250811247630612,0.4692451024554435,1,2,2,5,1,0.0001892360753825
2,botswana,072004,Selebi Phikwe,1975,0.9186991869918699,0.5642276422764227,0.2016260162601626,615,219.67878696235437,Bulawayo,31.53569406244296,870.0,830.0,917.0,4,377.5,371.0,385.0,5.722761571129799,4,22.54509973526001,22.40714454650879,22.627397537231445,0.0865735483875363,80.80805024589654,0,0,0,-22.003197428870877,27.834412628974903,0.0,0.0,0,17.76041603088379,21.408601760864254,1,0,110.8002734634592,0.0,0,0,0,0,0,0.0
2,botswana,072004,Selebi Phikwe,1965,0.7567567567567568,0.3783783783783784,0.21621621621621623,37,219.67878696235437,Bulawayo,31.53569406244296,870.0,830.0,917.0,4,377.5,371.0,385.0,5.722761571129799,4,22.54509973526001,22.40714454650879,22.627397537231445,0.0865735483875363,80.80805024589654,0,0,0,-22.003197428870877,27.834412628974903,0.0,0.0,0,17.76041603088379,21.408601760864254,1,0,110.8002734634592,0.0,0,0,0,0,0,0.0
2,botswana,072004,Selebi Phikwe,1955,0.8181818181818182,0.6363636363636364,0.45454545454545453,11,219.67878696235437,Bulawayo,31.53569406244296,870.0,830.0,917.0,4,377.5,371.0,385.0,5.722761571129799,4,22.54509973526001,22.40714454650879,22.627397537231445,0.0865735483875363,80.80805024589654,0,0,0,-22.003197428870877,27.834412628974903,0.0,0.0,0,17.76041603088379,21.408601760864254,1,0,110.8002734634592,0.0,0,0,0,0,0,0.0
2,botswana,072004,Selebi Phikwe,1945,0.2,0.0,0.0,5,219.67878696235437,Bulawayo,31.53569406244296,870.0,830.0,917.0,4,377.5,371.0,385.0,5.722761571129799,4,22.54509973526001,22.40714454650879,22.627397537231445,0.0865735483875363,80.80805024589654,0,0,0,-22.003197428870877,27.834412628974903,0.0,0.0,0,17.76041603088379,21.408601760864254,1,0,110.8002734634592,0.0,0,0,0,0,0,0.0
2,botswana,072004,Selebi Phikwe,1925,0.0,0.0,0.0,1,219.67878696235437,Bulawayo,31.53569406244296,870.0,830.0,917.0,4,377.5,371.0,385.0,5.722761571129799,4,22.54509973526001,22.40714454650879,22.627397537231445,0.0865735483875363,80.80805024589654,0,0,0,-22.003197428870877,27.834412628974903,0.0,0.0,0,17.76041603088379,21.408601760864254,1,0,110.8002734634592,0.0,0,0,0,0,0,0.0
2,botswana,072007,"Central Tutume, Sowa",1975,0.83737760749255,0.3848446147296722,0.1038739889314602,4698,276.5454905411924,Bulawayo,63.9147236220865,970.2090395480226,903.0,1197.0,177,410.7683615819209,308.0,560.0,56.54294417284676,177,23.202806742177845,19.950916290283203,24.653039932250977,1.1420412206525905,44151.25384959152,1,0,1,-20.213921505693403,25.94180176332372,2855.540022487816,0.0,0,7.04477596282959,6.935672283172607,0,0,166.8871326396467,0.0,0,0,0,0,0,0.0
2,botswana,072007,"Central Tutume, Sowa",1965,0.6744115872057936,0.32226916113458054,0.08660229330114665,3314,276.5454905411924,Bulawayo,63.9147236220865,970.2090395480226,903.0,1197.0,177,410.7683615819209,308.0,560.0,56.54294417284676,177,23.202806742177845,19.950916290283203,24.653039932250977,1.1420412206525905,44151.25384959152,1,0,1,-20.213921505693403,25.94180176332372,2855.540022487816,0.0,0,7.04477596282959,6.935672283172607,0,0,166.8871326396467,0.0,0,0,0,0,0,0.0
2,botswana,072007,"Central Tutume, Sowa",1955,0.5021987686895338,0.21284080914687775,0.055408970976253295,2274,276.5454905411924,Bulawayo,63.9147236220865,970.2090395480226,903.0,1197.0,177,410.7683615819209,308.0,560.0,56.54294417284676,177,23.202806742177845,19.950916290283203,24.653039932250977,1.1420412206525905,44151.25384959152,1,0,1,-20.213921505693403,25.94180176332372,2855.540022487816,0.0,0,7.04477596282959,6.935672283172607,0,0,166.8871326396467,0.0,0,0,0,0,0,0.0
2,botswana,072007,"Central Tutume, Sowa",1945,0.291866028708134,0.094896331738437,0.015151515151515152,1254,276.5454905411924,Bulawayo,63.9147236220865,970.2090395480226,903.0,1197.0,177,410.7683615819209,308.0,560.0,56.54294417284676,177,23.202806742177845,19.950916290283203,24.653039932250977,1.1420412206525905,44151.25384959152,1,0,1,-20.213921505693403,25.94180176332372,2855.540022487816,0.0,0,7.04477596282959,6.935672283172607,0,0,166.8871326396467,0.0,0,0,0,0,0,0.0
2,botswana,072007,"Central Tutume, Sowa",1935,0.11125,0.04,0.015,800,276.5454905411924,Bulawayo,63.9147236220865,970.2090395480226,903.0,1197.0,177,410.7683615819209,308.0,560.0,56.54294417284676,177,23.202806742177845,19.950916290283203,24.653039932250977,1.1420412206525905,44151.25384959152,1,0,1,-20.213921505693403,25.94180176332372,2855.540022487816,0.0,0,7.04477596282959,6.935672283172607,0,0,166.8871326396467,0.0,0,0,0,0,0,0.0
2,botswana,072007,"Central Tutume, Sowa",1925,0.06493506493506493,0.015151515151515152,0.0,462,276.5454905411924,Bulawayo,63.9147236220865,970.2090395480226,903.0,1197.0,177,410.7683615819209,308.0,560.0,56.54294417284676,177,23.202806742177845,19.950916290283203,24.653039932250977,1.1420412206525905,44151.25384959152,1,0,1,-20.213921505693403,25.94180176332372,2855.540022487816,0.0,0,7.04477596282959,6.935672283172607,0,0,166.8871326396467,0.0,0,0,0,0,0,0.0
2,botswana,072007,"Central Tutume, Sowa",1915,0.0189873417721519,0.0,0.0,158,276.5454905411924,Bulawayo,63.9147236220865,970.2090395480226,903.0,1197.0,177,410.7683615819209,308.0,560.0,56.54294417284676,177,23.202806742177845,19.950916290283203,24.653039932250977,1.1420412206525905,44151.25384959152,1,0,1,-20.213921505693403,25.94180176332372,2855.540022487816,0.0,0,7.04477596282959,6.935672283172607,0,0,166.8871326396467,0.0,0,0,0,0,0,0.0
2,botswana,072010,"Ngwaketse, Ngwaketse West, Ngwaketse Southern, Southern, Jwaneng",1975,0.8175985334555453,0.39706691109074244,0.12135655362053162,5455,363.9962975491253,Krugersdorp,69.26215972318457,1140.6725663716811,1033.0,1323.0,113,380.21238938053096,322.0,505.0,47.76517992088935,113,21.075580461890297,18.507875442504883,22.267751693725582,1.0670711661385506,26592.332552307536,0,0,1,-24.891053133200625,24.43582063380294,1786.6177495995803,0.0,0,8.834307670593262,10.073201179504396,0,1,82.82985376116424,0.1074170139113927,0,0,0,2,2,7.520964909964063e-05
2,botswana,072010,"Ngwaketse, Ngwaketse West, Ngwaketse Southern, Southern, Jwaneng",1965,0.6177446102819237,0.3095632946379215,0.10364842454394693,3618,363.9962975491253,Krugersdorp,69.26215972318457,1140.6725663716811,1033.0,1323.0,113,380.21238938053096,322.0,505.0,47.76517992088935,113,21.075580461890297,18.507875442504883,22.267751693725582,1.0670711661385506,26592.332552307536,0,0,1,-24.891053133200625,24.43582063380294,1786.6177495995803,0.0,0,8.834307670593262,10.073201179504396,0,1,82.82985376116424,0.1074170139113927,0,0,0,2,2,7.520964909964063e-05
2,botswana,072010,"Ngwaketse, Ngwaketse West, Ngwaketse Southern, Southern, Jwaneng",1955,0.3500592651126037,0.15171868826550772,0.04464638482813117,2531,363.9962975491253,Krugersdorp,69.26215972318457,1140.6725663716811,1033.0,1323.0,113,380.21238938053096,322.0,505.0,47.76517992088935,113,21.075580461890297,18.507875442504883,22.267751693725582,1.0670711661385506,26592.332552307536,0,0,1,-24.891053133200625,24.43582063380294,1786.6177495995803,0.0,0,8.834307670593262,10.073201179504396,0,1,82.82985376116424,0.1074170139113927,0,0,0,2,2,7.520964909964063e-05
2,botswana,072010,"Ngwaketse, Ngwaketse West, Ngwaketse Southern, Southern, Jwaneng",1945,0.20304568527918782,0.06535532994923858,0.01713197969543147,1576,363.9962975491253,Krugersdorp,69.26215972318457,1140.6725663716811,1033.0,1323.0,113,380.21238938053096,322.0,505.0,47.76517992088935,113,21.075580461890297,18.507875442504883,22.267751693725582,1.0670711661385506,26592.332552307536,0,0,1,-24.891053133200625,24.43582063380294,1786.6177495995803,0.0,0,8.834307670593262,10.073201179504396,0,1,82.82985376116424,0.1074170139113927,0,0,0,2,2,7.520964909964063e-05
2,botswana,072010,"Ngwaketse, Ngwaketse West, Ngwaketse Southern, Southern, Jwaneng",1935,0.09015544041450778,0.03005181347150259,0.007253886010362694,965,363.9962975491253,Krugersdorp,69.26215972318457,1140.6725663716811,1033.0,1323.0,113,380.21238938053096,322.0,505.0,47.76517992088935,113,21.075580461890297,18.507875442504883,22.267751693725582,1.0670711661385506,26592.332552307536,0,0,1,-24.891053133200625,24.43582063380294,1786.6177495995803,0.0,0,8.834307670593262,10.073201179504396,0,1,82.82985376116424,0.1074170139113927,0,0,0,2,2,7.520964909964063e-05
2,botswana,072010,"Ngwaketse, Ngwaketse West, Ngwaketse Southern, Southern, Jwaneng",1925,0.0800711743772242,0.017793594306049824,0.0035587188612099642,562,363.9962975491253,Krugersdorp,69.26215972318457,1140.6725663716811,1033.0,1323.0,113,380.21238938053096,322.0,505.0,47.76517992088935,113,21.075580461890297,18.507875442504883,22.267751693725582,1.0670711661385506,26592.332552307536,0,0,1,-24.891053133200625,24.43582063380294,1786.6177495995803,0.0,0,8.834307670593262,10.073201179504396,0,1,82.82985376116424,0.1074170139113927,0,0,0,2,2,7.520964909964063e-05
2,botswana,072010,"Ngwaketse, Ngwaketse West, Ngwaketse Southern, Southern, Jwaneng",1915,0.03296703296703297,0.005494505494505495,0.0,182,363.9962975491253,Krugersdorp,69.26215972318457,1140.6725663716811,1033.0,1323.0,113,380.21238938053096,322.0,505.0,47.76517992088935,113,21.075580461890297,18.507875442504883,22.267751693725582,1.0670711661385506,26592.332552307536,0,0,1,-24.891053133200625,24.43582063380294,1786.6177495995803,0.0,0,8.834307670593262,10.073201179504396,0,1,82.82985376116424,0.1074170139113927,0,0,0,2,2,7.520964909964063e-05
2,botswana,072011,Borolong,1975,0.8034811903425042,0.34306569343065696,0.08309938236945537,1781,245.1009096701307,Krugersdorp,38.32157629686628,1262.111111111111,1202.0,1323.0,9,500.22222222222223,463.0,546.0,24.66116054662012,9,19.08767170376248,18.507875442504883,19.493749618530277,0.3212229159531575,1110.509678484499,0,0,1,-25.590812462836283,25.4239617851071,2484.0197591145834,0.0,0,5.25,6.796954154968262,1,0,29.267749782963776,0.394385102321714,0,5,8,13,0,0.0
2,botswana,072011,Borolong,1965,0.5619128949615713,0.233134073441503,0.06063193851409052,1171,245.1009096701307,Krugersdorp,38.32157629686628,1262.111111111111,1202.0,1323.0,9,500.22222222222223,463.0,546.0,24.66116054662012,9,19.08767170376248,18.507875442504883,19.493749618530277,0.3212229159531575,1110.509678484499,0,0,1,-25.590812462836283,25.4239617851071,2484.0197591145834,0.0,0,5.25,6.796954154968262,1,0,29.267749782963776,0.394385102321714,0,5,8,13,0,0.0
2,botswana,072011,Borolong,1955,0.32041343669250644,0.1124031007751938,0.03488372093023256,774,245.1009096701307,Krugersdorp,38.32157629686628,1262.111111111111,1202.0,1323.0,9,500.22222222222223,463.0,546.0,24.66116054662012,9,19.08767170376248,18.507875442504883,19.493749618530277,0.3212229159531575,1110.509678484499,0,0,1,-25.590812462836283,25.4239617851071,2484.0197591145834,0.0,0,5.25,6.796954154968262,1,0,29.267749782963776,0.394385102321714,0,5,8,13,0,0.0
2,botswana,072011,Borolong,1945,0.16740088105726872,0.05947136563876652,0.015418502202643172,454,245.1009096701307,Krugersdorp,38.32157629686628,1262.111111111111,1202.0,1323.0,9,500.22222222222223,463.0,546.0,24.66116054662012,9,19.08767170376248,18.507875442504883,19.493749618530277,0.3212229159531575,1110.509678484499,0,0,1,-25.590812462836283,25.4239617851071,2484.0197591145834,0.0,0,5.25,6.796954154968262,1,0,29.267749782963776,0.394385102321714,0,5,8,13,0,0.0
2,botswana,072011,Borolong,1935,0.12757201646090535,0.06584362139917696,0.0205761316872428,243,245.1009096701307,Krugersdorp,38.32157629686628,1262.111111111111,1202.0,1323.0,9,500.22222222222223,463.0,546.0,24.66116054662012,9,19.08767170376248,18.507875442504883,19.493749618530277,0.3212229159531575,1110.509678484499,0,0,1,-25.590812462836283,25.4239617851071,2484.0197591145834,0.0,0,5.25,6.796954154968262,1,0,29.267749782963776,0.394385102321714,0,5,8,13,0,0.0
2,botswana,072011,Borolong,1925,0.10948905109489052,0.051094890510948905,0.0,137,245.1009096701307,Krugersdorp,38.32157629686628,1262.111111111111,1202.0,1323.0,9,500.22222222222223,463.0,546.0,24.66116054662012,9,19.08767170376248,18.507875442504883,19.493749618530277,0.3212229159531575,1110.509678484499,0,0,1,-25.590812462836283,25.4239617851071,2484.0197591145834,0.0,0,5.25,6.796954154968262,1,0,29.267749782963776,0.394385102321714,0,5,8,13,0,0.0
2,botswana,072011,Borolong,1915,0.05405405405405406,0.0,0.0,37,245.1009096701307,Krugersdorp,38.32157629686628,1262.111111111111,1202.0,1323.0,9,500.22222222222223,463.0,546.0,24.66116054662012,9,19.08767170376248,18.507875442504883,19.493749618530277,0.3212229159531575,1110.509678484499,0,0,1,-25.590812462836283,25.4239617851071,2484.0197591145834,0.0,0,5.25,6.796954154968262,1,0,29.267749782963776,0.394385102321714,0,5,8,13,0,0.0
2,botswana,072002,Francistown,1975,0.9505980239209568,0.6011440457618304,0.2329693187727509,1923,159.1384197175203,Bulawayo,20.82066281365701,1009.0,978.0,1029.0,4,454.75,443.0,469.0,9.33742469849155,4,21.256597995758057,21.078414916992188,21.39622688293457,0.135204792145469,108.3924988087583,0,0,0,-21.167783646278824,27.50706935627456,2639.5684407552085,0.0,0,27.346153259277344,39.78832244873047,1,0,38.30671317496721,0.0,0,1,1,3,0,0.0
2,botswana,072002,Francistown,1965,0.8557142857142858,0.5485714285714286,0.22285714285714286,700,159.1384197175203,Bulawayo,20.82066281365701,1009.0,978.0,1029.0,4,454.75,443.0,469.0,9.33742469849155,4,21.256597995758057,21.078414916992188,21.39622688293457,0.135204792145469,108.3924988087583,0,0,0,-21.167783646278824,27.50706935627456,2639.5684407552085,0.0,0,27.346153259277344,39.78832244873047,1,0,38.30671317496721,0.0,0,1,1,3,0,0.0
2,botswana,072002,Francistown,1955,0.7094017094017094,0.44017094017094016,0.1452991452991453,234,159.1384197175203,Bulawayo,20.82066281365701,1009.0,978.0,1029.0,4,454.75,443.0,469.0,9.33742469849155,4,21.256597995758057,21.078414916992188,21.39622688293457,0.135204792145469,108.3924988087583,0,0,0,-21.167783646278824,27.50706935627456,2639.5684407552085,0.0,0,27.346153259277344,39.78832244873047,1,0,38.30671317496721,0.0,0,1,1,3,0,0.0
2,botswana,072002,Francistown,1945,0.609375,0.34375,0.140625,64,159.1384197175203,Bulawayo,20.82066281365701,1009.0,978.0,1029.0,4,454.75,443.0,469.0,9.33742469849155,4,21.256597995758057,21.078414916992188,21.39622688293457,0.135204792145469,108.3924988087583,0,0,0,-21.167783646278824,27.50706935627456,2639.5684407552085,0.0,0,27.346153259277344,39.78832244873047,1,0,38.30671317496721,0.0,0,1,1,3,0,0.0
2,botswana,072002,Francistown,1935,0.3076923076923077,0.15384615384615385,0.038461538461538464,26,159.1384197175203,Bulawayo,20.82066281365701,1009.0,978.0,1029.0,4,454.75,443.0,469.0,9.33742469849155,4,21.256597995758057,21.078414916992188,21.39622688293457,0.135204792145469,108.3924988087583,0,0,0,-21.167783646278824,27.50706935627456,2639.5684407552085,0.0,0,27.346153259277344,39.78832244873047,1,0,38.30671317496721,0.0,0,1,1,3,0,0.0
2,botswana,072002,Francistown,1925,0.2222222222222222,0.0,0.0,9,159.1384197175203,Bulawayo,20.82066281365701,1009.0,978.0,1029.0,4,454.75,443.0,469.0,9.33742469849155,4,21.256597995758057,21.078414916992188,21.39622688293457,0.135204792145469,108.3924988087583,0,0,0,-21.167783646278824,27.50706935627456,2639.5684407552085,0.0,0,27.346153259277344,39.78832244873047,1,0,38.30671317496721,0.0,0,1,1,3,0,0.0
2,botswana,072002,Francistown,1915,0.0,0.0,0.0,3,159.1384197175203,Bulawayo,20.82066281365701,1009.0,978.0,1029.0,4,454.75,443.0,469.0,9.33742469849155,4,21.256597995758057,21.078414916992188,21.39622688293457,0.135204792145469,108.3924988087583,0,0,0,-21.167783646278824,27.50706935627456,2639.5684407552085,0.0,0,27.346153259277344,39.78832244873047,1,0,38.30671317496721,0.0,0,1,1,3,0,0.0
2,botswana,072003,Lobatse,1975,0.9229843561973526,0.5511432009626955,0.19855595667870035,831,234.59368299464373,Krugersdorp,51.52561391083942,1214.3333333333333,1144.0,1266.0,3,481.6666666666667,463.0,499.0,14.727148022916348,3,18.86830457051595,18.66693687438965,19.264562606811523,0.2802092224650076,28.35987123833512,0,0,0,-25.2029110286143,25.687606404445592,,0.0,0,27.52777862548828,30.94444465637207,1,0,15.188952281622964,1.0,1,4,10,17,0,0.0
2,botswana,072003,Lobatse,1965,0.8258575197889182,0.5488126649076517,0.19788918205804748,379,234.59368299464373,Krugersdorp,51.52561391083942,1214.3333333333333,1144.0,1266.0,3,481.6666666666667,463.0,499.0,14.727148022916348,3,18.86830457051595,18.66693687438965,19.264562606811523,0.2802092224650076,28.35987123833512,0,0,0,-25.2029110286143,25.687606404445592,,0.0,0,27.52777862548828,30.94444465637207,1,0,15.188952281622964,1.0,1,4,10,17,0,0.0
2,botswana,072003,Lobatse,1955,0.5982905982905983,0.38461538461538464,0.10256410256410256,117,234.59368299464373,Krugersdorp,51.52561391083942,1214.3333333333333,1144.0,1266.0,3,481.6666666666667,463.0,499.0,14.727148022916348,3,18.86830457051595,18.66693687438965,19.264562606811523,0.2802092224650076,28.35987123833512,0,0,0,-25.2029110286143,25.687606404445592,,0.0,0,27.52777862548828,30.94444465637207,1,0,15.188952281622964,1.0,1,4,10,17,0,0.0
2,botswana,072003,Lobatse,1945,0.5789473684210527,0.23684210526315788,0.10526315789473684,38,234.59368299464373,Krugersdorp,51.52561391083942,1214.3333333333333,1144.0,1266.0,3,481.6666666666667,463.0,499.0,14.727148022916348,3,18.86830457051595,18.66693687438965,19.264562606811523,0.2802092224650076,28.35987123833512,0,0,0,-25.2029110286143,25.687606404445592,,0.0,0,27.52777862548828,30.94444465637207,1,0,15.188952281622964,1.0,1,4,10,17,0,0.0
2,botswana,072003,Lobatse,1935,0.47058823529411764,0.29411764705882354,0.058823529411764705,17,234.59368299464373,Krugersdorp,51.52561391083942,1214.3333333333333,1144.0,1266.0,3,481.6666666666667,463.0,499.0,14.727148022916348,3,18.86830457051595,18.66693687438965,19.264562606811523,0.2802092224650076,28.35987123833512,0,0,0,-25.2029110286143,25.687606404445592,,0.0,0,27.52777862548828,30.94444465637207,1,0,15.188952281622964,1.0,1,4,10,17,0,0.0
2,botswana,072003,Lobatse,1925,0.4,0.4,0.0,5,234.59368299464373,Krugersdorp,51.52561391083942,1214.3333333333333,1144.0,1266.0,3,481.6666666666667,463.0,499.0,14.727148022916348,3,18.86830457051595,18.66693687438965,19.264562606811523,0.2802092224650076,28.35987123833512,0,0,0,-25.2029110286143,25.687606404445592,,0.0,0,27.52777862548828,30.94444465637207,1,0,15.188952281622964,1.0,1,4,10,17,0,0.0
2,botswana,072003,Lobatse,1915,0.0,0.0,0.0,2,234.59368299464373,Krugersdorp,51.52561391083942,1214.3333333333333,1144.0,1266.0,3,481.6666666666667,463.0,499.0,14.727148022916348,3,18.86830457051595,18.66693687438965,19.264562606811523,0.2802092224650076,28.35987123833512,0,0,0,-25.2029110286143,25.687606404445592,,0.0,0,27.52777862548828,30.94444465637207,1,0,15.188952281622964,1.0,1,4,10,17,0,0.0
2,botswana,072020,South East,1945,0.3136842105263158,0.12842105263157894,0.031578947368421054,475,235.1082329808785,Krugersdorp,83.68990381163071,1254.0,1144.0,1387.0,6,489.1666666666667,447.0,538.0,29.531997712462477,6,18.74675687154134,18.113584518432617,19.264562606811523,0.4072898893494949,645.3243330320378,0,0,1,-25.229015463674152,25.668457062339524,2610.435232979911,0.0,0,8.041095733642578,10.02395248413086,1,0,14.280216855443705,0.9991746197824594,1,4,10,16,0,0.0
2,botswana,072020,South East,1935,0.16161616161616163,0.05723905723905724,0.003367003367003367,297,235.1082329808785,Krugersdorp,83.68990381163071,1254.0,1144.0,1387.0,6,489.1666666666667,447.0,538.0,29.531997712462477,6,18.74675687154134,18.113584518432617,19.264562606811523,0.4072898893494949,645.3243330320378,0,0,1,-25.229015463674152,25.668457062339524,2610.435232979911,0.0,0,8.041095733642578,10.02395248413086,1,0,14.280216855443705,0.9991746197824594,1,4,10,16,0,0.0
2,botswana,072020,South East,1925,0.10317460317460317,0.015873015873015872,0.0,126,235.1082329808785,Krugersdorp,83.68990381163071,1254.0,1144.0,1387.0,6,489.1666666666667,447.0,538.0,29.531997712462477,6,18.74675687154134,18.113584518432617,19.264562606811523,0.4072898893494949,645.3243330320378,0,0,1,-25.229015463674152,25.668457062339524,2610.435232979911,0.0,0,8.041095733642578,10.02395248413086,1,0,14.280216855443705,0.9991746197824594,1,4,10,16,0,0.0
2,botswana,072001,Gaborone,1975,0.9628571428571429,0.7271428571428571,0.3392857142857143,1400,245.11623569635785,Krugersdorp,66.24894774200627,1082.0,981.0,1207.0,13,471.6923076923077,435.0,532.0,29.26637507548845,13,20.2806092775785,19.25416755676269,21.172521591186523,0.6336245309817191,1322.2916360593938,0,0,1,-24.771585011019145,25.85664611092449,2896.7445427389707,0.0,0,16.296581268310547,21.68868827819824,1,1,23.299376749996537,0.9221835537620052,3,6,11,13,1,0.0007562628188287
2,botswana,072001,Gaborone,1965,0.9007633587786259,0.6259541984732825,0.2595419847328244,262,245.11623569635785,Krugersdorp,66.24894774200627,1082.0,981.0,1207.0,13,471.6923076923077,435.0,532.0,29.26637507548845,13,20.2806092775785,19.25416755676269,21.172521591186523,0.6336245309817191,1322.2916360593938,0,0,1,-24.771585011019145,25.85664611092449,2896.7445427389707,0.0,0,16.296581268310547,21.68868827819824,1,1,23.299376749996537,0.9221835537620052,3,6,11,13,1,0.0007562628188287
2,botswana,072001,Gaborone,1955,0.8095238095238095,0.47619047619047616,0.16666666666666666,42,245.11623569635785,Krugersdorp,66.24894774200627,1082.0,981.0,1207.0,13,471.6923076923077,435.0,532.0,29.26637507548845,13,20.2806092775785,19.25416755676269,21.172521591186523,0.6336245309817191,1322.2916360593938,0,0,1,-24.771585011019145,25.85664611092449,2896.7445427389707,0.0,0,16.296581268310547,21.68868827819824,1,1,23.299376749996537,0.9221835537620052,3,6,11,13,1,0.0007562628188287
2,botswana,072001,Gaborone,1945,0.5333333333333333,0.06666666666666667,0.0,15,245.11623569635785,Krugersdorp,66.24894774200627,1082.0,981.0,1207.0,13,471.6923076923077,435.0,532.0,29.26637507548845,13,20.2806092775785,19.25416755676269,21.172521591186523,0.6336245309817191,1322.2916360593938,0,0,1,-24.771585011019145,25.85664611092449,2896.7445427389707,0.0,0,16.296581268310547,21.68868827819824,1,1,23.299376749996537,0.9221835537620052,3,6,11,13,1,0.0007562628188287
2,botswana,072001,Gaborone,1935,0.5,0.25,0.0,4,245.11623569635785,Krugersdorp,66.24894774200627,1082.0,981.0,1207.0,13,471.6923076923077,435.0,532.0,29.26637507548845,13,20.2806092775785,19.25416755676269,21.172521591186523,0.6336245309817191,1322.2916360593938,0,0,1,-24.771585011019145,25.85664611092449,2896.7445427389707,0.0,0,16.296581268310547,21.68868827819824,1,1,23.299376749996537,0.9221835537620052,3,6,11,13,1,0.0007562628188287
2,botswana,072001,Gaborone,1925,0.25,0.25,0.0,4,245.11623569635785,Krugersdorp,66.24894774200627,1082.0,981.0,1207.0,13,471.6923076923077,435.0,532.0,29.26637507548845,13,20.2806092775785,19.25416755676269,21.172521591186523,0.6336245309817191,1322.2916360593938,0,0,1,-24.771585011019145,25.85664611092449,2896.7445427389707,0.0,0,16.296581268310547,21.68868827819824,1,1,23.299376749996537,0.9221835537620052,3,6,11,13,1,0.0007562628188287
2,botswana,072020,South East,1975,0.8915175995383727,0.5164454702827467,0.1736872475476053,1733,235.1082329808785,Krugersdorp,83.68990381163071,1254.0,1144.0,1387.0,6,489.1666666666667,447.0,538.0,29.531997712462477,6,18.74675687154134,18.113584518432617,19.264562606811523,0.4072898893494949,645.3243330320378,0,0,1,-25.229015463674152,25.668457062339524,2610.435232979911,0.0,0,8.041095733642578,10.02395248413086,1,0,14.280216855443705,0.9991746197824594,1,4,10,16,0,0.0
2,botswana,072020,South East,1965,0.775,0.4348214285714286,0.1375,1120,235.1082329808785,Krugersdorp,83.68990381163071,1254.0,1144.0,1387.0,6,489.1666666666667,447.0,538.0,29.531997712462477,6,18.74675687154134,18.113584518432617,19.264562606811523,0.4072898893494949,645.3243330320378,0,0,1,-25.229015463674152,25.668457062339524,2610.435232979911,0.0,0,8.041095733642578,10.02395248413086,1,0,14.280216855443705,0.9991746197824594,1,4,10,16,0,0.0
2,botswana,072020,South East,1955,0.5091799265605875,0.23623011015911874,0.06854345165238677,817,235.1082329808785,Krugersdorp,83.68990381163071,1254.0,1144.0,1387.0,6,489.1666666666667,447.0,538.0,29.531997712462477,6,18.74675687154134,18.113584518432617,19.264562606811523,0.4072898893494949,645.3243330320378,0,0,1,-25.229015463674152,25.668457062339524,2610.435232979911,0.0,0,8.041095733642578,10.02395248413086,1,0,14.280216855443705,0.9991746197824594,1,4,10,16,0,0.0
2,botswana,072020,South East,1915,0.0,0.0,0.0,36,235.1082329808785,Krugersdorp,83.68990381163071,1254.0,1144.0,1387.0,6,489.1666666666667,447.0,538.0,29.531997712462477,6,18.74675687154134,18.113584518432617,19.264562606811523,0.4072898893494949,645.3243330320378,0,0,1,-25.229015463674152,25.668457062339524,2610.435232979911,0.0,0,8.041095733642578,10.02395248413086,1,0,14.280216855443705,0.9991746197824594,1,4,10,16,0,0.0
2,botswana,072030,"Kweneng, Kweneng South, Kweneng North",1975,0.7853988407397184,0.3763455699696384,0.09770908087220535,7246,397.21143789048193,Krugersdorp,48.29610535494939,1100.917808219178,999.0,1242.0,146,368.904109589041,334.0,468.0,34.17888653073913,146,21.6395426710991,20.1495418548584,22.483604431152344,0.6067117837777507,34008.47595686002,0,0,0,-23.88028081324713,24.71637978228241,2057.1012278002363,0.0,0,6.338253498077393,11.073394775390623,0,1,106.00940405702558,0.079710335482174,0,0,0,0,3,8.821330317199516e-05
2,botswana,072030,"Kweneng, Kweneng South, Kweneng North",1965,0.5775010734220696,0.2805925289823959,0.08952340060111635,4658,397.21143789048193,Krugersdorp,48.29610535494939,1100.917808219178,999.0,1242.0,146,368.904109589041,334.0,468.0,34.17888653073913,146,21.6395426710991,20.1495418548584,22.483604431152344,0.6067117837777507,34008.47595686002,0,0,0,-23.88028081324713,24.71637978228241,2057.1012278002363,0.0,0,6.338253498077393,11.073394775390623,0,1,106.00940405702558,0.079710335482174,0,0,0,0,3,8.821330317199516e-05
2,botswana,072030,"Kweneng, Kweneng South, Kweneng North",1955,0.31665092854894555,0.14258734655335223,0.04375196726471514,3177,397.21143789048193,Krugersdorp,48.29610535494939,1100.917808219178,999.0,1242.0,146,368.904109589041,334.0,468.0,34.17888653073913,146,21.6395426710991,20.1495418548584,22.483604431152344,0.6067117837777507,34008.47595686002,0,0,0,-23.88028081324713,24.71637978228241,2057.1012278002363,0.0,0,6.338253498077393,11.073394775390623,0,1,106.00940405702558,0.079710335482174,0,0,0,0,3,8.821330317199516e-05
2,botswana,072030,"Kweneng, Kweneng South, Kweneng North",1945,0.14507253626813407,0.05552776388194097,0.014507253626813406,1999,397.21143789048193,Krugersdorp,48.29610535494939,1100.917808219178,999.0,1242.0,146,368.904109589041,334.0,468.0,34.17888653073913,146,21.6395426710991,20.1495418548584,22.483604431152344,0.6067117837777507,34008.47595686002,0,0,0,-23.88028081324713,24.71637978228241,2057.1012278002363,0.0,0,6.338253498077393,11.073394775390623,0,1,106.00940405702558,0.079710335482174,0,0,0,0,3,8.821330317199516e-05
2,botswana,072030,"Kweneng, Kweneng South, Kweneng North",1935,0.05967741935483871,0.01935483870967742,0.0024193548387096775,1240,397.21143789048193,Krugersdorp,48.29610535494939,1100.917808219178,999.0,1242.0,146,368.904109589041,334.0,468.0,34.17888653073913,146,21.6395426710991,20.1495418548584,22.483604431152344,0.6067117837777507,34008.47595686002,0,0,0,-23.88028081324713,24.71637978228241,2057.1012278002363,0.0,0,6.338253498077393,11.073394775390623,0,1,106.00940405702558,0.079710335482174,0,0,0,0,3,8.821330317199516e-05
2,botswana,072030,"Kweneng, Kweneng South, Kweneng North",1925,0.03428571428571429,0.011428571428571429,0.0019047619047619048,525,397.21143789048193,Krugersdorp,48.29610535494939,1100.917808219178,999.0,1242.0,146,368.904109589041,334.0,468.0,34.17888653073913,146,21.6395426710991,20.1495418548584,22.483604431152344,0.6067117837777507,34008.47595686002,0,0,0,-23.88028081324713,24.71637978228241,2057.1012278002363,0.0,0,6.338253498077393,11.073394775390623,0,1,106.00940405702558,0.079710335482174,0,0,0,0,3,8.821330317199516e-05
2,botswana,072030,"Kweneng, Kweneng South, Kweneng North",1915,0.03553299492385787,0.01015228426395939,0.0,197,397.21143789048193,Krugersdorp,48.29610535494939,1100.917808219178,999.0,1242.0,146,368.904109589041,334.0,468.0,34.17888653073913,146,21.6395426710991,20.1495418548584,22.483604431152344,0.6067117837777507,34008.47595686002,0,0,0,-23.88028081324713,24.71637978228241,2057.1012278002363,0.0,0,6.338253498077393,11.073394775390623,0,1,106.00940405702558,0.079710335482174,0,0,0,0,3,8.821330317199516e-05
2,botswana,072040,Kgatleng,1975,0.9128616242593238,0.5036598117811084,0.1383757406761938,2869,261.2107713165695,Krugersdorp,63.62859027198387,968.45,874.0,1115.0,40,470.275,396.0,532.0,33.472367334862945,40,21.12157430648804,20.31214714050293,21.43721008300781,0.2343962727243184,7784.738513583643,0,0,1,-24.151675176308277,26.351845975929205,2539.9664491595645,0.0,1,6.598837375640869,9.158671379089355,1,1,34.27432374890155,0.3312393764451702,0,2,3,7,2,0.0002569129324652
2,botswana,072040,Kgatleng,1965,0.7619532044760936,0.4211597151576806,0.14089521871820956,1966,261.2107713165695,Krugersdorp,63.62859027198387,968.45,874.0,1115.0,40,470.275,396.0,532.0,33.472367334862945,40,21.12157430648804,20.31214714050293,21.43721008300781,0.2343962727243184,7784.738513583643,0,0,1,-24.151675176308277,26.351845975929205,2539.9664491595645,0.0,1,6.598837375640869,9.158671379089355,1,1,34.27432374890155,0.3312393764451702,0,2,3,7,2,0.0002569129324652
2,botswana,072040,Kgatleng,1955,0.5304475421863536,0.23184152604548788,0.06676449009537784,1363,261.2107713165695,Krugersdorp,63.62859027198387,968.45,874.0,1115.0,40,470.275,396.0,532.0,33.472367334862945,40,21.12157430648804,20.31214714050293,21.43721008300781,0.2343962727243184,7784.738513583643,0,0,1,-24.151675176308277,26.351845975929205,2539.9664491595645,0.0,1,6.598837375640869,9.158671379089355,1,1,34.27432374890155,0.3312393764451702,0,2,3,7,2,0.0002569129324652
2,botswana,072040,Kgatleng,1945,0.27638190954773867,0.09798994974874371,0.028894472361809045,796,261.2107713165695,Krugersdorp,63.62859027198387,968.45,874.0,1115.0,40,470.275,396.0,532.0,33.472367334862945,40,21.12157430648804,20.31214714050293,21.43721008300781,0.2343962727243184,7784.738513583643,0,0,1,-24.151675176308277,26.351845975929205,2539.9664491595645,0.0,1,6.598837375640869,9.158671379089355,1,1,34.27432374890155,0.3312393764451702,0,2,3,7,2,0.0002569129324652
2,botswana,072040,Kgatleng,1935,0.17259786476868327,0.05693950177935943,0.014234875444839857,562,261.2107713165695,Krugersdorp,63.62859027198387,968.45,874.0,1115.0,40,470.275,396.0,532.0,33.472367334862945,40,21.12157430648804,20.31214714050293,21.43721008300781,0.2343962727243184,7784.738513583643,0,0,1,-24.151675176308277,26.351845975929205,2539.9664491595645,0.0,1,6.598837375640869,9.158671379089355,1,1,34.27432374890155,0.3312393764451702,0,2,3,7,2,0.0002569129324652
2,botswana,072040,Kgatleng,1925,0.12734082397003746,0.02247191011235955,0.003745318352059925,267,261.2107713165695,Krugersdorp,63.62859027198387,968.45,874.0,1115.0,40,470.275,396.0,532.0,33.472367334862945,40,21.12157430648804,20.31214714050293,21.43721008300781,0.2343962727243184,7784.738513583643,0,0,1,-24.151675176308277,26.351845975929205,2539.9664491595645,0.0,1,6.598837375640869,9.158671379089355,1,1,34.27432374890155,0.3312393764451702,0,2,3,7,2,0.0002569129324652
2,botswana,072040,Kgatleng,1915,0.07291666666666667,0.041666666666666664,0.0,96,261.2107713165695,Krugersdorp,63.62859027198387,968.45,874.0,1115.0,40,470.275,396.0,532.0,33.472367334862945,40,21.12157430648804,20.31214714050293,21.43721008300781,0.2343962727243184,7784.738513583643,0,0,1,-24.151675176308277,26.351845975929205,2539.9664491595645,0.0,1,6.598837375640869,9.158671379089355,1,1,34.27432374890155,0.3312393764451702,0,2,3,7,2,0.0002569129324652
2,botswana,072050,Central Serowe/Palapye,1975,0.8677093515803194,0.4317367220593027,0.12267839687194526,6138,303.0631523157325,Bulawayo,94.40220646853308,1052.8910256410256,802.0,1252.0,156,389.7307692307692,332.0,453.0,28.721328212324703,156,20.865470140408245,18.777082443237305,22.667938232421875,0.8054189305495287,38413.3138854264,0,0,0,-22.14448793896551,26.589836944577534,1906.9709027162528,0.0,0,8.30602741241455,10.278745651245115,1,1,30.205791393271976,0.0510329000106119,0,1,1,1,1,2.603264073968348e-05
2,botswana,072050,Central Serowe/Palapye,1965,0.710952380952381,0.34095238095238095,0.11,4200,303.0631523157325,Bulawayo,94.40220646853308,1052.8910256410256,802.0,1252.0,156,389.7307692307692,332.0,453.0,28.721328212324703,156,20.865470140408245,18.777082443237305,22.667938232421875,0.8054189305495287,38413.3138854264,0,0,0,-22.14448793896551,26.589836944577534,1906.9709027162528,0.0,0,8.30602741241455,10.278745651245115,1,1,30.205791393271976,0.0510329000106119,0,1,1,1,1,2.603264073968348e-05
2,botswana,072050,Central Serowe/Palapye,1955,0.5105401844532279,0.20454545454545456,0.06982872200263504,3036,303.0631523157325,Bulawayo,94.40220646853308,1052.8910256410256,802.0,1252.0,156,389.7307692307692,332.0,453.0,28.721328212324703,156,20.865470140408245,18.777082443237305,22.667938232421875,0.8054189305495287,38413.3138854264,0,0,0,-22.14448793896551,26.589836944577534,1906.9709027162528,0.0,0,8.30602741241455,10.278745651245115,1,1,30.205791393271976,0.0510329000106119,0,1,1,1,1,2.603264073968348e-05
2,botswana,072050,Central Serowe/Palapye,1945,0.2588105726872247,0.08590308370044053,0.025881057268722467,1816,303.0631523157325,Bulawayo,94.40220646853308,1052.8910256410256,802.0,1252.0,156,389.7307692307692,332.0,453.0,28.721328212324703,156,20.865470140408245,18.777082443237305,22.667938232421875,0.8054189305495287,38413.3138854264,0,0,0,-22.14448793896551,26.589836944577534,1906.9709027162528,0.0,0,8.30602741241455,10.278745651245115,1,1,30.205791393271976,0.0510329000106119,0,1,1,1,1,2.603264073968348e-05
2,botswana,072050,Central Serowe/Palapye,1935,0.12179487179487179,0.03296703296703297,0.009157509157509158,1092,303.0631523157325,Bulawayo,94.40220646853308,1052.8910256410256,802.0,1252.0,156,389.7307692307692,332.0,453.0,28.721328212324703,156,20.865470140408245,18.777082443237305,22.667938232421875,0.8054189305495287,38413.3138854264,0,0,0,-22.14448793896551,26.589836944577534,1906.9709027162528,0.0,0,8.30602741241455,10.278745651245115,1,1,30.205791393271976,0.0510329000106119,0,1,1,1,1,2.603264073968348e-05
2,botswana,072050,Central Serowe/Palapye,1925,0.09429280397022333,0.02729528535980149,0.0037220843672456576,806,303.0631523157325,Bulawayo,94.40220646853308,1052.8910256410256,802.0,1252.0,156,389.7307692307692,332.0,453.0,28.721328212324703,156,20.865470140408245,18.777082443237305,22.667938232421875,0.8054189305495287,38413.3138854264,0,0,0,-22.14448793896551,26.589836944577534,1906.9709027162528,0.0,0,8.30602741241455,10.278745651245115,1,1,30.205791393271976,0.0510329000106119,0,1,1,1,1,2.603264073968348e-05
2,botswana,072050,Central Serowe/Palapye,1915,0.058091286307053944,0.016597510373443983,0.0,241,303.0631523157325,Bulawayo,94.40220646853308,1052.8910256410256,802.0,1252.0,156,389.7307692307692,332.0,453.0,28.721328212324703,156,20.865470140408245,18.777082443237305,22.667938232421875,0.8054189305495287,38413.3138854264,0,0,0,-22.14448793896551,26.589836944577534,1906.9709027162528,0.0,0,8.30602741241455,10.278745651245115,1,1,30.205791393271976,0.0510329000106119,0,1,1,1,1,2.603264073968348e-05
2,botswana,072051,Central Mahalapye,1975,0.8655424894608387,0.40115376081650767,0.10894164632793432,4507,348.9006657907388,Krugersdorp,95.85899076087688,1044.982142857143,874.0,1252.0,56,408.7142857142857,359.0,462.0,25.685400443021464,56,20.89740358080183,19.325143814086918,21.66023063659668,0.6034639985193182,11454.347266143332,0,0,1,-23.258966519445828,26.33274146382948,2223.542727188325,0.0,0,8.868931770324707,11.483516693115234,1,0,101.05370295661808,0.0,0,0,0,0,0,0.0
2,botswana,072051,Central Mahalapye,1965,0.6684322033898306,0.2969632768361582,0.09569209039548023,2832,348.9006657907388,Krugersdorp,95.85899076087688,1044.982142857143,874.0,1252.0,56,408.7142857142857,359.0,462.0,25.685400443021464,56,20.89740358080183,19.325143814086918,21.66023063659668,0.6034639985193182,11454.347266143332,0,0,1,-23.258966519445828,26.33274146382948,2223.542727188325,0.0,0,8.868931770324707,11.483516693115234,1,0,101.05370295661808,0.0,0,0,0,0,0,0.0
2,botswana,072051,Central Mahalapye,1955,0.4077834179357022,0.164692611393119,0.043993231810490696,1773,348.9006657907388,Krugersdorp,95.85899076087688,1044.982142857143,874.0,1252.0,56,408.7142857142857,359.0,462.0,25.685400443021464,56,20.89740358080183,19.325143814086918,21.66023063659668,0.6034639985193182,11454.347266143332,0,0,1,-23.258966519445828,26.33274146382948,2223.542727188325,0.0,0,8.868931770324707,11.483516693115234,1,0,101.05370295661808,0.0,0,0,0,0,0,0.0
2,botswana,072051,Central Mahalapye,1945,0.2326839826839827,0.06277056277056277,0.01948051948051948,924,348.9006657907388,Krugersdorp,95.85899076087688,1044.982142857143,874.0,1252.0,56,408.7142857142857,359.0,462.0,25.685400443021464,56,20.89740358080183,19.325143814086918,21.66023063659668,0.6034639985193182,11454.347266143332,0,0,1,-23.258966519445828,26.33274146382948,2223.542727188325,0.0,0,8.868931770324707,11.483516693115234,1,0,101.05370295661808,0.0,0,0,0,0,0,0.0
2,botswana,072051,Central Mahalapye,1935,0.07801418439716312,0.01773049645390071,0.0017730496453900709,564,348.9006657907388,Krugersdorp,95.85899076087688,1044.982142857143,874.0,1252.0,56,408.7142857142857,359.0,462.0,25.685400443021464,56,20.89740358080183,19.325143814086918,21.66023063659668,0.6034639985193182,11454.347266143332,0,0,1,-23.258966519445828,26.33274146382948,2223.542727188325,0.0,0,8.868931770324707,11.483516693115234,1,0,101.05370295661808,0.0,0,0,0,0,0,0.0
2,botswana,072051,Central Mahalapye,1925,0.04923076923076923,0.006153846153846154,0.0,325,348.9006657907388,Krugersdorp,95.85899076087688,1044.982142857143,874.0,1252.0,56,408.7142857142857,359.0,462.0,25.685400443021464,56,20.89740358080183,19.325143814086918,21.66023063659668,0.6034639985193182,11454.347266143332,0,0,1,-23.258966519445828,26.33274146382948,2223.542727188325,0.0,0,8.868931770324707,11.483516693115234,1,0,101.05370295661808,0.0,0,0,0,0,0,0.0
2,botswana,072051,Central Mahalapye,1915,0.02857142857142857,0.0,0.0,105,348.9006657907388,Krugersdorp,95.85899076087688,1044.982142857143,874.0,1252.0,56,408.7142857142857,359.0,462.0,25.685400443021464,56,20.89740358080183,19.325143814086918,21.66023063659668,0.6034639985193182,11454.347266143332,0,0,1,-23.258966519445828,26.33274146382948,2223.542727188325,0.0,0,8.868931770324707,11.483516693115234,1,0,101.05370295661808,0.0,0,0,0,0,0,0.0
2,botswana,072052,Central Bobonong,1975,0.8839351510685335,0.421518054532056,0.10943257184966838,2714,257.9646353150153,Bulawayo,126.43136382516022,842.9915254237288,556.0,1152.0,118,386.5508474576271,329.0,436.0,30.97226683407493,118,21.5804114260916,19.55652236938477,22.627397537231445,0.591682794539662,23913.64479859546,1,0,1,-22.390572583028103,27.913700244258926,664.4191472906815,0.0,0,6.142428874969482,7.037527561187744,1,0,127.74057383188912,0.0,0,0,0,0,0,0.0
2,botswana,072052,Central Bobonong,1965,0.7380297193175565,0.3549807374793616,0.09246009906439186,1817,257.9646353150153,Bulawayo,126.43136382516022,842.9915254237288,556.0,1152.0,118,386.5508474576271,329.0,436.0,30.97226683407493,118,21.5804114260916,19.55652236938477,22.627397537231445,0.591682794539662,23913.64479859546,1,0,1,-22.390572583028103,27.913700244258926,664.4191472906815,0.0,0,6.142428874969482,7.037527561187744,1,0,127.74057383188912,0.0,0,0,0,0,0,0.0
2,botswana,072052,Central Bobonong,1955,0.48429319371727747,0.2006980802792321,0.04537521815008726,1146,257.9646353150153,Bulawayo,126.43136382516022,842.9915254237288,556.0,1152.0,118,386.5508474576271,329.0,436.0,30.97226683407493,118,21.5804114260916,19.55652236938477,22.627397537231445,0.591682794539662,23913.64479859546,1,0,1,-22.390572583028103,27.913700244258926,664.4191472906815,0.0,0,6.142428874969482,7.037527561187744,1,0,127.74057383188912,0.0,0,0,0,0,0,0.0
2,botswana,072052,Central Bobonong,1945,0.24543946932006633,0.06965174129353234,0.01658374792703151,603,257.9646353150153,Bulawayo,126.43136382516022,842.9915254237288,556.0,1152.0,118,386.5508474576271,329.0,436.0,30.97226683407493,118,21.5804114260916,19.55652236938477,22.627397537231445,0.591682794539662,23913.64479859546,1,0,1,-22.390572583028103,27.913700244258926,664.4191472906815,0.0,0,6.142428874969482,7.037527561187744,1,0,127.74057383188912,0.0,0,0,0,0,0,0.0
2,botswana,072052,Central Bobonong,1935,0.11137440758293839,0.037914691943127965,0.009478672985781991,422,257.9646353150153,Bulawayo,126.43136382516022,842.9915254237288,556.0,1152.0,118,386.5508474576271,329.0,436.0,30.97226683407493,118,21.5804114260916,19.55652236938477,22.627397537231445,0.591682794539662,23913.64479859546,1,0,1,-22.390572583028103,27.913700244258926,664.4191472906815,0.0,0,6.142428874969482,7.037527561187744,1,0,127.74057383188912,0.0,0,0,0,0,0,0.0
2,botswana,072052,Central Bobonong,1925,0.05405405405405406,0.013513513513513514,0.0,222,257.9646353150153,Bulawayo,126.43136382516022,842.9915254237288,556.0,1152.0,118,386.5508474576271,329.0,436.0,30.97226683407493,118,21.5804114260916,19.55652236938477,22.627397537231445,0.591682794539662,23913.64479859546,1,0,1,-22.390572583028103,27.913700244258926,664.4191472906815,0.0,0,6.142428874969482,7.037527561187744,1,0,127.74057383188912,0.0,0,0,0,0,0,0.0
2,botswana,072052,Central Bobonong,1915,0.043478260869565216,0.028985507246376812,0.014492753623188406,69,257.9646353150153,Bulawayo,126.43136382516022,842.9915254237288,556.0,1152.0,118,386.5508474576271,329.0,436.0,30.97226683407493,118,21.5804114260916,19.55652236938477,22.627397537231445,0.591682794539662,23913.64479859546,1,0,1,-22.390572583028103,27.913700244258926,664.4191472906815,0.0,0,6.142428874969482,7.037527561187744,1,0,127.74057383188912,0.0,0,0,0,0,0,0.0
2,botswana,072053,"Central Boteti, Orapa",1975,0.8004369992716679,0.32847778587035686,0.08157319737800436,1373,399.72162109909215,Bulawayo,57.3141192367892,975.9916666666668,903.0,1104.0,120,334.275,306.0,396.0,19.77370412947458,120,23.081924374898275,21.067686080932617,24.112211227416992,0.8376015752077632,28804.14579447624,1,0,0,-21.31383746203054,24.951092861122195,938.445588943354,0.0,0,9.936708450317385,11.960352897644045,0,0,215.0399608961651,0.0,0,0,0,0,0,0.0
2,botswana,072053,"Central Boteti, Orapa",1965,0.5198187995469988,0.17780294450736125,0.0362400906002265,883,399.72162109909215,Bulawayo,57.3141192367892,975.9916666666668,903.0,1104.0,120,334.275,306.0,396.0,19.77370412947458,120,23.081924374898275,21.067686080932617,24.112211227416992,0.8376015752077632,28804.14579447624,1,0,0,-21.31383746203054,24.951092861122195,938.445588943354,0.0,0,9.936708450317385,11.960352897644045,0,0,215.0399608961651,0.0,0,0,0,0,0,0.0
2,botswana,072053,"Central Boteti, Orapa",1955,0.2811918063314711,0.09683426443202979,0.024208566108007448,537,399.72162109909215,Bulawayo,57.3141192367892,975.9916666666668,903.0,1104.0,120,334.275,306.0,396.0,19.77370412947458,120,23.081924374898275,21.067686080932617,24.112211227416992,0.8376015752077632,28804.14579447624,1,0,0,-21.31383746203054,24.951092861122195,938.445588943354,0.0,0,9.936708450317385,11.960352897644045,0,0,215.0399608961651,0.0,0,0,0,0,0,0.0
2,botswana,072053,"Central Boteti, Orapa",1945,0.0997229916897507,0.036011080332409975,0.0,361,399.72162109909215,Bulawayo,57.3141192367892,975.9916666666668,903.0,1104.0,120,334.275,306.0,396.0,19.77370412947458,120,23.081924374898275,21.067686080932617,24.112211227416992,0.8376015752077632,28804.14579447624,1,0,0,-21.31383746203054,24.951092861122195,938.445588943354,0.0,0,9.936708450317385,11.960352897644045,0,0,215.0399608961651,0.0,0,0,0,0,0,0.0
2,botswana,072053,"Central Boteti, Orapa",1935,0.02564102564102564,0.0,0.0,273,399.72162109909215,Bulawayo,57.3141192367892,975.9916666666668,903.0,1104.0,120,334.275,306.0,396.0,19.77370412947458,120,23.081924374898275,21.067686080932617,24.112211227416992,0.8376015752077632,28804.14579447624,1,0,0,-21.31383746203054,24.951092861122195,938.445588943354,0.0,0,9.936708450317385,11.960352897644045,0,0,215.0399608961651,0.0,0,0,0,0,0,0.0
2,botswana,072053,"Central Boteti, Orapa",1925,0.01775147928994083,0.005917159763313609,0.0,169,399.72162109909215,Bulawayo,57.3141192367892,975.9916666666668,903.0,1104.0,120,334.275,306.0,396.0,19.77370412947458,120,23.081924374898275,21.067686080932617,24.112211227416992,0.8376015752077632,28804.14579447624,1,0,0,-21.31383746203054,24.951092861122195,938.445588943354,0.0,0,9.936708450317385,11.960352897644045,0,0,215.0399608961651,0.0,0,0,0,0,0,0.0
2,botswana,072053,"Central Boteti, Orapa",1915,0.018518518518518517,0.018518518518518517,0.018518518518518517,54,399.72162109909215,Bulawayo,57.3141192367892,975.9916666666668,903.0,1104.0,120,334.275,306.0,396.0,19.77370412947458,120,23.081924374898275,21.067686080932617,24.112211227416992,0.8376015752077632,28804.14579447624,1,0,0,-21.31383746203054,24.951092861122195,938.445588943354,0.0,0,9.936708450317385,11.960352897644045,0,0,215.0399608961651,0.0,0,0,0,0,0,0.0
2,botswana,072060,North East,1975,0.916077322017916,0.41678453559641676,0.11032531824611033,2121,142.67411989330492,Bulawayo,127.8077054537835,1075.354838709677,869.0,1328.0,31,465.8387096774193,387.0,572.0,43.473460034454654,31,20.6393677496141,19.07085609436035,21.6729793548584,0.8246801246766181,5269.086712317002,0,0,1,-21.01179439411449,27.567826187967142,2705.7639310396635,0.0,0,5.2874250411987305,7.053183078765869,1,0,27.57933851570236,0.1113255113689998,0,1,2,3,0,0.0
2,botswana,072060,North East,1965,0.8002378121284186,0.37871581450653985,0.11355529131985731,1682,142.67411989330492,Bulawayo,127.8077054537835,1075.354838709677,869.0,1328.0,31,465.8387096774193,387.0,572.0,43.473460034454654,31,20.6393677496141,19.07085609436035,21.6729793548584,0.8246801246766181,5269.086712317002,0,0,1,-21.01179439411449,27.567826187967142,2705.7639310396635,0.0,0,5.2874250411987305,7.053183078765869,1,0,27.57933851570236,0.1113255113689998,0,1,2,3,0,0.0
2,botswana,072060,North East,1955,0.6275415896487985,0.2643253234750462,0.08872458410351201,1082,142.67411989330492,Bulawayo,127.8077054537835,1075.354838709677,869.0,1328.0,31,465.8387096774193,387.0,572.0,43.473460034454654,31,20.6393677496141,19.07085609436035,21.6729793548584,0.8246801246766181,5269.086712317002,0,0,1,-21.01179439411449,27.567826187967142,2705.7639310396635,0.0,0,5.2874250411987305,7.053183078765869,1,0,27.57933851570236,0.1113255113689998,0,1,2,3,0,0.0
2,botswana,072060,North East,1945,0.4169230769230769,0.15538461538461537,0.038461538461538464,650,142.67411989330492,Bulawayo,127.8077054537835,1075.354838709677,869.0,1328.0,31,465.8387096774193,387.0,572.0,43.473460034454654,31,20.6393677496141,19.07085609436035,21.6729793548584,0.8246801246766181,5269.086712317002,0,0,1,-21.01179439411449,27.567826187967142,2705.7639310396635,0.0,0,5.2874250411987305,7.053183078765869,1,0,27.57933851570236,0.1113255113689998,0,1,2,3,0,0.0
2,botswana,072060,North East,1935,0.17676767676767677,0.03282828282828283,0.007575757575757576,396,142.67411989330492,Bulawayo,127.8077054537835,1075.354838709677,869.0,1328.0,31,465.8387096774193,387.0,572.0,43.473460034454654,31,20.6393677496141,19.07085609436035,21.6729793548584,0.8246801246766181,5269.086712317002,0,0,1,-21.01179439411449,27.567826187967142,2705.7639310396635,0.0,0,5.2874250411987305,7.053183078765869,1,0,27.57933851570236,0.1113255113689998,0,1,2,3,0,0.0
2,botswana,072060,North East,1925,0.10714285714285714,0.01984126984126984,0.0,252,142.67411989330492,Bulawayo,127.8077054537835,1075.354838709677,869.0,1328.0,31,465.8387096774193,387.0,572.0,43.473460034454654,31,20.6393677496141,19.07085609436035,21.6729793548584,0.8246801246766181,5269.086712317002,0,0,1,-21.01179439411449,27.567826187967142,2705.7639310396635,0.0,0,5.2874250411987305,7.053183078765869,1,0,27.57933851570236,0.1113255113689998,0,1,2,3,0,0.0
2,botswana,072060,North East,1915,0.06172839506172839,0.012345679012345678,0.0,81,142.67411989330492,Bulawayo,127.8077054537835,1075.354838709677,869.0,1328.0,31,465.8387096774193,387.0,572.0,43.473460034454654,31,20.6393677496141,19.07085609436035,21.6729793548584,0.8246801246766181,5269.086712317002,0,0,1,-21.01179439411449,27.567826187967142,2705.7639310396635,0.0,0,5.2874250411987305,7.053183078765869,1,0,27.57933851570236,0.1113255113689998,0,1,2,3,0,0.0
2,botswana,072070,Ngamiland East,1975,0.8802788027880278,0.47232472324723246,0.14227142271422713,2439,503.2061843003621,Bulawayo,23.19888060231308,954.1141304347826,915.0,1063.0,184,423.9673913043478,340.0,553.0,52.29669768586618,184,23.739585876464844,22.96229362487793,24.5817928314209,0.2984628932297496,45335.16855541487,1,0,1,-19.78097028651864,23.792686393666045,2657.0465304809995,0.0,0,9.85774040222168,15.472289085388184,0,0,248.146370820692,0.0,0,0,0,0,0,0.0
2,botswana,072070,Ngamiland East,1965,0.724516129032258,0.41161290322580646,0.1625806451612903,1550,503.2061843003621,Bulawayo,23.19888060231308,954.1141304347826,915.0,1063.0,184,423.9673913043478,340.0,553.0,52.29669768586618,184,23.739585876464844,22.96229362487793,24.5817928314209,0.2984628932297496,45335.16855541487,1,0,1,-19.78097028651864,23.792686393666045,2657.0465304809995,0.0,0,9.85774040222168,15.472289085388184,0,0,248.146370820692,0.0,0,0,0,0,0,0.0
2,botswana,072070,Ngamiland East,1955,0.5431818181818182,0.27045454545454545,0.1215909090909091,880,503.2061843003621,Bulawayo,23.19888060231308,954.1141304347826,915.0,1063.0,184,423.9673913043478,340.0,553.0,52.29669768586618,184,23.739585876464844,22.96229362487793,24.5817928314209,0.2984628932297496,45335.16855541487,1,0,1,-19.78097028651864,23.792686393666045,2657.0465304809995,0.0,0,9.85774040222168,15.472289085388184,0,0,248.146370820692,0.0,0,0,0,0,0,0.0
2,botswana,072070,Ngamiland East,1945,0.3610586011342155,0.19092627599243855,0.10775047258979206,529,503.2061843003621,Bulawayo,23.19888060231308,954.1141304347826,915.0,1063.0,184,423.9673913043478,340.0,553.0,52.29669768586618,184,23.739585876464844,22.96229362487793,24.5817928314209,0.2984628932297496,45335.16855541487,1,0,1,-19.78097028651864,23.792686393666045,2657.0465304809995,0.0,0,9.85774040222168,15.472289085388184,0,0,248.146370820692,0.0,0,0,0,0,0,0.0
2,botswana,072070,Ngamiland East,1935,0.20512820512820512,0.1,0.046153846153846156,390,503.2061843003621,Bulawayo,23.19888060231308,954.1141304347826,915.0,1063.0,184,423.9673913043478,340.0,553.0,52.29669768586618,184,23.739585876464844,22.96229362487793,24.5817928314209,0.2984628932297496,45335.16855541487,1,0,1,-19.78097028651864,23.792686393666045,2657.0465304809995,0.0,0,9.85774040222168,15.472289085388184,0,0,248.146370820692,0.0,0,0,0,0,0,0.0
2,botswana,072070,Ngamiland East,1925,0.09313725490196079,0.0392156862745098,0.024509803921568627,204,503.2061843003621,Bulawayo,23.19888060231308,954.1141304347826,915.0,1063.0,184,423.9673913043478,340.0,553.0,52.29669768586618,184,23.739585876464844,22.96229362487793,24.5817928314209,0.2984628932297496,45335.16855541487,1,0,1,-19.78097028651864,23.792686393666045,2657.0465304809995,0.0,0,9.85774040222168,15.472289085388184,0,0,248.146370820692,0.0,0,0,0,0,0,0.0
2,botswana,072070,Ngamiland East,1915,0.0,0.0,0.0,46,503.2061843003621,Bulawayo,23.19888060231308,954.1141304347826,915.0,1063.0,184,423.9673913043478,340.0,553.0,52.29669768586618,184,23.739585876464844,22.96229362487793,24.5817928314209,0.2984628932297496,45335.16855541487,1,0,1,-19.78097028651864,23.792686393666045,2657.0465304809995,0.0,0,9.85774040222168,15.472289085388184,0,0,248.146370820692,0.0,0,0,0,0,0,0.0
2,botswana,072091,Hukunsti (Kgalagadi North),1975,0.8110516934046346,0.3493761140819964,0.0784313725490196,561,608.2756254830897,Kimberley Central,59.26083476796561,1142.7368421052631,1043.0,1284.0,190,318.6894736842105,253.0,355.0,25.975158066219677,190,21.13999800431101,19.891271591186523,22.14793968200684,0.6498922557180626,45985.9985916344,0,0,1,-24.004275487566066,21.67315664297802,0.0,0.0,0,4.676300525665283,5.793103218078613,0,0,245.8835086997265,0.0,0,0,0,0,0,0.0
2,botswana,072091,Hukunsti (Kgalagadi North),1965,0.6405867970660146,0.3080684596577017,0.11246943765281174,409,608.2756254830897,Kimberley Central,59.26083476796561,1142.7368421052631,1043.0,1284.0,190,318.6894736842105,253.0,355.0,25.975158066219677,190,21.13999800431101,19.891271591186523,22.14793968200684,0.6498922557180626,45985.9985916344,0,0,1,-24.004275487566066,21.67315664297802,0.0,0.0,0,4.676300525665283,5.793103218078613,0,0,245.8835086997265,0.0,0,0,0,0,0,0.0
2,botswana,072091,Hukunsti (Kgalagadi North),1955,0.42,0.18,0.056,250,608.2756254830897,Kimberley Central,59.26083476796561,1142.7368421052631,1043.0,1284.0,190,318.6894736842105,253.0,355.0,25.975158066219677,190,21.13999800431101,19.891271591186523,22.14793968200684,0.6498922557180626,45985.9985916344,0,0,1,-24.004275487566066,21.67315664297802,0.0,0.0,0,4.676300525665283,5.793103218078613,0,0,245.8835086997265,0.0,0,0,0,0,0,0.0
2,botswana,072091,Hukunsti (Kgalagadi North),1945,0.2658959537572254,0.09248554913294797,0.023121387283236993,173,608.2756254830897,Kimberley Central,59.26083476796561,1142.7368421052631,1043.0,1284.0,190,318.6894736842105,253.0,355.0,25.975158066219677,190,21.13999800431101,19.891271591186523,22.14793968200684,0.6498922557180626,45985.9985916344,0,0,1,-24.004275487566066,21.67315664297802,0.0,0.0,0,4.676300525665283,5.793103218078613,0,0,245.8835086997265,0.0,0,0,0,0,0,0.0
2,botswana,072091,Hukunsti (Kgalagadi North),1935,0.06766917293233082,0.03007518796992481,0.007518796992481203,133,608.2756254830897,Kimberley Central,59.26083476796561,1142.7368421052631,1043.0,1284.0,190,318.6894736842105,253.0,355.0,25.975158066219677,190,21.13999800431101,19.891271591186523,22.14793968200684,0.6498922557180626,45985.9985916344,0,0,1,-24.004275487566066,21.67315664297802,0.0,0.0,0,4.676300525665283,5.793103218078613,0,0,245.8835086997265,0.0,0,0,0,0,0,0.0
2,botswana,072091,Hukunsti (Kgalagadi North),1925,0.030303030303030304,0.0,0.0,99,608.2756254830897,Kimberley Central,59.26083476796561,1142.7368421052631,1043.0,1284.0,190,318.6894736842105,253.0,355.0,25.975158066219677,190,21.13999800431101,19.891271591186523,22.14793968200684,0.6498922557180626,45985.9985916344,0,0,1,-24.004275487566066,21.67315664297802,0.0,0.0,0,4.676300525665283,5.793103218078613,0,0,245.8835086997265,0.0,0,0,0,0,0,0.0
2,botswana,072091,Hukunsti (Kgalagadi North),1915,0.0,0.0,0.0,36,608.2756254830897,Kimberley Central,59.26083476796561,1142.7368421052631,1043.0,1284.0,190,318.6894736842105,253.0,355.0,25.975158066219677,190,21.13999800431101,19.891271591186523,22.14793968200684,0.6498922557180626,45985.9985916344,0,0,1,-24.004275487566066,21.67315664297802,0.0,0.0,0,4.676300525665283,5.793103218078613,0,0,245.8835086997265,0.0,0,0,0,0,0,0.0
2,botswana,072071,"Ngamiland West, Delta",1975,0.6585216860109957,0.24373854612095297,0.030543677458766034,1637,686.2057145670194,Bulawayo,50.16956890607259,998.2895752895752,931.0,1186.0,259,429.9073359073359,323.0,550.0,62.13889585933191,259,23.17908390884694,22.183603286743164,23.95520782470703,0.4055306817531044,65933.96554148445,1,0,1,-19.486947866050787,22.06965298519298,2645.01983297662,0.0,0,4.870967864990234,6.0,0,0,165.1762844033974,8.24354279503251e-06,0,0,0,0,0,0.0
2,botswana,072071,"Ngamiland West, Delta",1965,0.39210526315789473,0.1368421052631579,0.028070175438596492,1140,686.2057145670194,Bulawayo,50.16956890607259,998.2895752895752,931.0,1186.0,259,429.9073359073359,323.0,550.0,62.13889585933191,259,23.17908390884694,22.183603286743164,23.95520782470703,0.4055306817531044,65933.96554148445,1,0,1,-19.486947866050787,22.06965298519298,2645.01983297662,0.0,0,4.870967864990234,6.0,0,0,165.1762844033974,8.24354279503251e-06,0,0,0,0,0,0.0
2,botswana,072071,"Ngamiland West, Delta",1955,0.1858267716535433,0.07401574803149606,0.011023622047244094,635,686.2057145670194,Bulawayo,50.16956890607259,998.2895752895752,931.0,1186.0,259,429.9073359073359,323.0,550.0,62.13889585933191,259,23.17908390884694,22.183603286743164,23.95520782470703,0.4055306817531044,65933.96554148445,1,0,1,-19.486947866050787,22.06965298519298,2645.01983297662,0.0,0,4.870967864990234,6.0,0,0,165.1762844033974,8.24354279503251e-06,0,0,0,0,0,0.0
2,botswana,072071,"Ngamiland West, Delta",1945,0.09787234042553192,0.027659574468085105,0.00425531914893617,470,686.2057145670194,Bulawayo,50.16956890607259,998.2895752895752,931.0,1186.0,259,429.9073359073359,323.0,550.0,62.13889585933191,259,23.17908390884694,22.183603286743164,23.95520782470703,0.4055306817531044,65933.96554148445,1,0,1,-19.486947866050787,22.06965298519298,2645.01983297662,0.0,0,4.870967864990234,6.0,0,0,165.1762844033974,8.24354279503251e-06,0,0,0,0,0,0.0
2,botswana,072071,"Ngamiland West, Delta",1935,0.04240282685512368,0.0176678445229682,0.0,283,686.2057145670194,Bulawayo,50.16956890607259,998.2895752895752,931.0,1186.0,259,429.9073359073359,323.0,550.0,62.13889585933191,259,23.17908390884694,22.183603286743164,23.95520782470703,0.4055306817531044,65933.96554148445,1,0,1,-19.486947866050787,22.06965298519298,2645.01983297662,0.0,0,4.870967864990234,6.0,0,0,165.1762844033974,8.24354279503251e-06,0,0,0,0,0,0.0
2,botswana,072071,"Ngamiland West, Delta",1925,0.032407407407407406,0.004629629629629629,0.0,216,686.2057145670194,Bulawayo,50.16956890607259,998.2895752895752,931.0,1186.0,259,429.9073359073359,323.0,550.0,62.13889585933191,259,23.17908390884694,22.183603286743164,23.95520782470703,0.4055306817531044,65933.96554148445,1,0,1,-19.486947866050787,22.06965298519298,2645.01983297662,0.0,0,4.870967864990234,6.0,0,0,165.1762844033974,8.24354279503251e-06,0,0,0,0,0,0.0
2,botswana,072071,"Ngamiland West, Delta",1915,0.0,0.0,0.0,75,686.2057145670194,Bulawayo,50.16956890607259,998.2895752895752,931.0,1186.0,259,429.9073359073359,323.0,550.0,62.13889585933191,259,23.17908390884694,22.183603286743164,23.95520782470703,0.4055306817531044,65933.96554148445,1,0,1,-19.486947866050787,22.06965298519298,2645.01983297662,0.0,0,4.870967864990234,6.0,0,0,165.1762844033974,8.24354279503251e-06,0,0,0,0,0,0.0
2,botswana,072072,Chobe,1975,0.8955613577023499,0.4281984334203655,0.07571801566579635,383,437.2944841196871,Bulawayo,49.622259524564086,994.3033707865168,922.0,1089.0,89,545.2584269662922,477.0,616.0,39.21348314606741,89,23.625009965360835,22.305105209350582,24.262853622436523,0.3652136002682437,21023.39749165429,1,0,1,-18.5119966835928,24.805649435661103,3273.429344383446,0.0,0,7.489999771118164,8.4180326461792,0,0,111.88256879312875,0.0,0,0,0,0,0,0.0
2,botswana,072072,Chobe,1965,0.7725321888412017,0.33905579399141633,0.1072961373390558,233,437.2944841196871,Bulawayo,49.622259524564086,994.3033707865168,922.0,1089.0,89,545.2584269662922,477.0,616.0,39.21348314606741,89,23.625009965360835,22.305105209350582,24.262853622436523,0.3652136002682437,21023.39749165429,1,0,1,-18.5119966835928,24.805649435661103,3273.429344383446,0.0,0,7.489999771118164,8.4180326461792,0,0,111.88256879312875,0.0,0,0,0,0,0,0.0
2,botswana,072072,Chobe,1955,0.5071428571428571,0.16428571428571428,0.02142857142857143,140,437.2944841196871,Bulawayo,49.622259524564086,994.3033707865168,922.0,1089.0,89,545.2584269662922,477.0,616.0,39.21348314606741,89,23.625009965360835,22.305105209350582,24.262853622436523,0.3652136002682437,21023.39749165429,1,0,1,-18.5119966835928,24.805649435661103,3273.429344383446,0.0,0,7.489999771118164,8.4180326461792,0,0,111.88256879312875,0.0,0,0,0,0,0,0.0
2,botswana,072072,Chobe,1945,0.3333333333333333,0.05714285714285714,0.009523809523809525,105,437.2944841196871,Bulawayo,49.622259524564086,994.3033707865168,922.0,1089.0,89,545.2584269662922,477.0,616.0,39.21348314606741,89,23.625009965360835,22.305105209350582,24.262853622436523,0.3652136002682437,21023.39749165429,1,0,1,-18.5119966835928,24.805649435661103,3273.429344383446,0.0,0,7.489999771118164,8.4180326461792,0,0,111.88256879312875,0.0,0,0,0,0,0,0.0
2,botswana,072072,Chobe,1935,0.12,0.04,0.02,50,437.2944841196871,Bulawayo,49.622259524564086,994.3033707865168,922.0,1089.0,89,545.2584269662922,477.0,616.0,39.21348314606741,89,23.625009965360835,22.305105209350582,24.262853622436523,0.3652136002682437,21023.39749165429,1,0,1,-18.5119966835928,24.805649435661103,3273.429344383446,0.0,0,7.489999771118164,8.4180326461792,0,0,111.88256879312875,0.0,0,0,0,0,0,0.0
2,botswana,072072,Chobe,1925,0.0967741935483871,0.03225806451612903,0.0,31,437.2944841196871,Bulawayo,49.622259524564086,994.3033707865168,922.0,1089.0,89,545.2584269662922,477.0,616.0,39.21348314606741,89,23.625009965360835,22.305105209350582,24.262853622436523,0.3652136002682437,21023.39749165429,1,0,1,-18.5119966835928,24.805649435661103,3273.429344383446,0.0,0,7.489999771118164,8.4180326461792,0,0,111.88256879312875,0.0,0,0,0,0,0,0.0
2,botswana,072072,Chobe,1915,0.0,0.0,0.0,7,437.2944841196871,Bulawayo,49.622259524564086,994.3033707865168,922.0,1089.0,89,545.2584269662922,477.0,616.0,39.21348314606741,89,23.625009965360835,22.305105209350582,24.262853622436523,0.3652136002682437,21023.39749165429,1,0,1,-18.5119966835928,24.805649435661103,3273.429344383446,0.0,0,7.489999771118164,8.4180326461792,0,0,111.88256879312875,0.0,0,0,0,0,0,0.0
2,botswana,072080,"Ghanzi, Central Kgalagadi Game Reserve (CKGR)
",1975,0.6389189189189189,0.28864864864864864,0.05081081081081081,925,662.3536077535291,Bulawayo,96.67377625182422,1091.2541567695962,944.0,1385.0,421,342.1710213776722,291.0,376.0,14.218325338848745,421,22.15727025935882,19.813291549682617,23.7855224609375,0.8658952118278174,117039.07753230116,0,0,1,-22.31643713752773,22.633550987252352,943.304493955923,0.0,1,5.995326995849609,7.800971031188965,0,0,368.22906548657846,0.0,0,0,0,0,0,0.0
2,botswana,072080,"Ghanzi, Central Kgalagadi Game Reserve (CKGR)
",1965,0.4294478527607362,0.19938650306748465,0.04754601226993865,652,662.3536077535291,Bulawayo,96.67377625182422,1091.2541567695962,944.0,1385.0,421,342.1710213776722,291.0,376.0,14.218325338848745,421,22.15727025935882,19.813291549682617,23.7855224609375,0.8658952118278174,117039.07753230116,0,0,1,-22.31643713752773,22.633550987252352,943.304493955923,0.0,1,5.995326995849609,7.800971031188965,0,0,368.22906548657846,0.0,0,0,0,0,0,0.0
2,botswana,072080,"Ghanzi, Central Kgalagadi Game Reserve (CKGR)
",1955,0.3054054054054054,0.10810810810810811,0.04054054054054054,370,662.3536077535291,Bulawayo,96.67377625182422,1091.2541567695962,944.0,1385.0,421,342.1710213776722,291.0,376.0,14.218325338848745,421,22.15727025935882,19.813291549682617,23.7855224609375,0.8658952118278174,117039.07753230116,0,0,1,-22.31643713752773,22.633550987252352,943.304493955923,0.0,1,5.995326995849609,7.800971031188965,0,0,368.22906548657846,0.0,0,0,0,0,0,0.0
2,botswana,072080,"Ghanzi, Central Kgalagadi Game Reserve (CKGR)
",1945,0.1952662721893491,0.047337278106508875,0.029585798816568046,169,662.3536077535291,Bulawayo,96.67377625182422,1091.2541567695962,944.0,1385.0,421,342.1710213776722,291.0,376.0,14.218325338848745,421,22.15727025935882,19.813291549682617,23.7855224609375,0.8658952118278174,117039.07753230116,0,0,1,-22.31643713752773,22.633550987252352,943.304493955923,0.0,1,5.995326995849609,7.800971031188965,0,0,368.22906548657846,0.0,0,0,0,0,0,0.0
2,botswana,072080,"Ghanzi, Central Kgalagadi Game Reserve (CKGR)
",1935,0.07058823529411765,0.029411764705882353,0.0058823529411764705,170,662.3536077535291,Bulawayo,96.67377625182422,1091.2541567695962,944.0,1385.0,421,342.1710213776722,291.0,376.0,14.218325338848745,421,22.15727025935882,19.813291549682617,23.7855224609375,0.8658952118278174,117039.07753230116,0,0,1,-22.31643713752773,22.633550987252352,943.304493955923,0.0,1,5.995326995849609,7.800971031188965,0,0,368.22906548657846,0.0,0,0,0,0,0,0.0
2,botswana,072080,"Ghanzi, Central Kgalagadi Game Reserve (CKGR)
",1925,0.04081632653061224,0.01020408163265306,0.0,98,662.3536077535291,Bulawayo,96.67377625182422,1091.2541567695962,944.0,1385.0,421,342.1710213776722,291.0,376.0,14.218325338848745,421,22.15727025935882,19.813291549682617,23.7855224609375,0.8658952118278174,117039.07753230116,0,0,1,-22.31643713752773,22.633550987252352,943.304493955923,0.0,1,5.995326995849609,7.800971031188965,0,0,368.22906548657846,0.0,0,0,0,0,0,0.0
2,botswana,072080,"Ghanzi, Central Kgalagadi Game Reserve (CKGR)
",1915,0.0,0.0,0.0,31,662.3536077535291,Bulawayo,96.67377625182422,1091.2541567695962,944.0,1385.0,421,342.1710213776722,291.0,376.0,14.218325338848745,421,22.15727025935882,19.813291549682617,23.7855224609375,0.8658952118278174,117039.07753230116,0,0,1,-22.31643713752773,22.633550987252352,943.304493955923,0.0,1,5.995326995849609,7.800971031188965,0,0,368.22906548657846,0.0,0,0,0,0,0,0.0
2,botswana,072090,Tshabong (Kgalagadi South),1975,0.7917620137299771,0.2517162471395881,0.06407322654462243,874,461.4757954064801,Kimberley Central,60.887400427110514,1011.8934426229508,863.0,1189.0,244,285.15983606557376,202.0,414.0,39.97134047026093,244,21.05421841730837,19.989187240600582,22.22875022888184,0.6280592664087689,59155.57894967333,0,0,1,-25.50428800593071,21.814255027454102,69.87011926461265,0.0,0,5.740932464599609,9.047945022583008,0,0,226.51202766396216,0.0,0,0,0,0,0,0.0
2,botswana,072090,Tshabong (Kgalagadi South),1965,0.5615671641791045,0.2462686567164179,0.07276119402985075,536,461.4757954064801,Kimberley Central,60.887400427110514,1011.8934426229508,863.0,1189.0,244,285.15983606557376,202.0,414.0,39.97134047026093,244,21.05421841730837,19.989187240600582,22.22875022888184,0.6280592664087689,59155.57894967333,0,0,1,-25.50428800593071,21.814255027454102,69.87011926461265,0.0,0,5.740932464599609,9.047945022583008,0,0,226.51202766396216,0.0,0,0,0,0,0,0.0
2,botswana,072090,Tshabong (Kgalagadi South),1955,0.35911602209944754,0.15193370165745856,0.052486187845303865,362,461.4757954064801,Kimberley Central,60.887400427110514,1011.8934426229508,863.0,1189.0,244,285.15983606557376,202.0,414.0,39.97134047026093,244,21.05421841730837,19.989187240600582,22.22875022888184,0.6280592664087689,59155.57894967333,0,0,1,-25.50428800593071,21.814255027454102,69.87011926461265,0.0,0,5.740932464599609,9.047945022583008,0,0,226.51202766396216,0.0,0,0,0,0,0,0.0
2,botswana,072090,Tshabong (Kgalagadi South),1945,0.1746031746031746,0.047619047619047616,0.015873015873015872,189,461.4757954064801,Kimberley Central,60.887400427110514,1011.8934426229508,863.0,1189.0,244,285.15983606557376,202.0,414.0,39.97134047026093,244,21.05421841730837,19.989187240600582,22.22875022888184,0.6280592664087689,59155.57894967333,0,0,1,-25.50428800593071,21.814255027454102,69.87011926461265,0.0,0,5.740932464599609,9.047945022583008,0,0,226.51202766396216,0.0,0,0,0,0,0,0.0
2,botswana,072090,Tshabong (Kgalagadi South),1935,0.041237113402061855,0.010309278350515464,0.0,97,461.4757954064801,Kimberley Central,60.887400427110514,1011.8934426229508,863.0,1189.0,244,285.15983606557376,202.0,414.0,39.97134047026093,244,21.05421841730837,19.989187240600582,22.22875022888184,0.6280592664087689,59155.57894967333,0,0,1,-25.50428800593071,21.814255027454102,69.87011926461265,0.0,0,5.740932464599609,9.047945022583008,0,0,226.51202766396216,0.0,0,0,0,0,0,0.0
2,botswana,072090,Tshabong (Kgalagadi South),1925,0.02,0.0,0.0,50,461.4757954064801,Kimberley Central,60.887400427110514,1011.8934426229508,863.0,1189.0,244,285.15983606557376,202.0,414.0,39.97134047026093,244,21.05421841730837,19.989187240600582,22.22875022888184,0.6280592664087689,59155.57894967333,0,0,1,-25.50428800593071,21.814255027454102,69.87011926461265,0.0,0,5.740932464599609,9.047945022583008,0,0,226.51202766396216,0.0,0,0,0,0,0,0.0
2,botswana,072090,Tshabong (Kgalagadi South),1915,0.0,0.0,0.0,14,461.4757954064801,Kimberley Central,60.887400427110514,1011.8934426229508,863.0,1189.0,244,285.15983606557376,202.0,414.0,39.97134047026093,244,21.05421841730837,19.989187240600582,22.22875022888184,0.6280592664087689,59155.57894967333,0,0,1,-25.50428800593071,21.814255027454102,69.87011926461265,0.0,0,5.740932464599609,9.047945022583008,0,0,226.51202766396216,0.0,0,0,0,0,0,0.0
3,burkina_faso,854001,Boucle du Mouhoun,1975,0.12902002427184467,0.07547026699029126,0.010163834951456311,26368,173.44595322525566,Bobo-Dioulasso,43.34461515880959,302.3071428571429,257.0,455.0,140,748.1642857142857,535.0,917.0,107.33755904450528,140,27.965812165396557,26.76737403869629,28.605772018432617,0.3423325557546259,34381.79878304302,1,0,1,12.53798420522662,-3.485149826267243,3560.0804503197764,0.0,0,8.543478012084961,7.643006324768066,1,1,25.97934206607289,0.0570168774170724,0,1,1,1,1,2.908515654780684e-05
3,burkina_faso,854001,Boucle du Mouhoun,1965,0.09942560175054704,0.04991794310722101,0.010029175784099198,21936,173.44595322525566,Bobo-Dioulasso,43.34461515880959,302.3071428571429,257.0,455.0,140,748.1642857142857,535.0,917.0,107.33755904450528,140,27.965812165396557,26.76737403869629,28.605772018432617,0.3423325557546259,34381.79878304302,1,0,1,12.53798420522662,-3.485149826267243,3560.0804503197764,0.0,0,8.543478012084961,7.643006324768066,1,1,25.97934206607289,0.0570168774170724,0,1,1,1,1,2.908515654780684e-05
3,burkina_faso,854001,Boucle du Mouhoun,1955,0.08902223791034239,0.03960465937169079,0.010236498411577833,14165,173.44595322525566,Bobo-Dioulasso,43.34461515880959,302.3071428571429,257.0,455.0,140,748.1642857142857,535.0,917.0,107.33755904450528,140,27.965812165396557,26.76737403869629,28.605772018432617,0.3423325557546259,34381.79878304302,1,0,1,12.53798420522662,-3.485149826267243,3560.0804503197764,0.0,0,8.543478012084961,7.643006324768066,1,1,25.97934206607289,0.0570168774170724,0,1,1,1,1,2.908515654780684e-05
3,burkina_faso,854001,Boucle du Mouhoun,1945,0.04016023007395234,0.0202341824157765,0.004827444535743632,9736,173.44595322525566,Bobo-Dioulasso,43.34461515880959,302.3071428571429,257.0,455.0,140,748.1642857142857,535.0,917.0,107.33755904450528,140,27.965812165396557,26.76737403869629,28.605772018432617,0.3423325557546259,34381.79878304302,1,0,1,12.53798420522662,-3.485149826267243,3560.0804503197764,0.0,0,8.543478012084961,7.643006324768066,1,1,25.97934206607289,0.0570168774170724,0,1,1,1,1,2.908515654780684e-05
3,burkina_faso,854001,Boucle du Mouhoun,1935,0.016595542911332386,0.006954322743796428,0.001106369527422159,6327,173.44595322525566,Bobo-Dioulasso,43.34461515880959,302.3071428571429,257.0,455.0,140,748.1642857142857,535.0,917.0,107.33755904450528,140,27.965812165396557,26.76737403869629,28.605772018432617,0.3423325557546259,34381.79878304302,1,0,1,12.53798420522662,-3.485149826267243,3560.0804503197764,0.0,0,8.543478012084961,7.643006324768066,1,1,25.97934206607289,0.0570168774170724,0,1,1,1,1,2.908515654780684e-05
3,burkina_faso,854001,Boucle du Mouhoun,1925,0.007955724662746454,0.002421307506053269,0.0,2891,173.44595322525566,Bobo-Dioulasso,43.34461515880959,302.3071428571429,257.0,455.0,140,748.1642857142857,535.0,917.0,107.33755904450528,140,27.965812165396557,26.76737403869629,28.605772018432617,0.3423325557546259,34381.79878304302,1,0,1,12.53798420522662,-3.485149826267243,3560.0804503197764,0.0,0,8.543478012084961,7.643006324768066,1,1,25.97934206607289,0.0570168774170724,0,1,1,1,1,2.908515654780684e-05
3,burkina_faso,854001,Boucle du Mouhoun,1915,0.0038022813688212928,0.0025348542458808617,0.0012674271229404308,789,173.44595322525566,Bobo-Dioulasso,43.34461515880959,302.3071428571429,257.0,455.0,140,748.1642857142857,535.0,917.0,107.33755904450528,140,27.965812165396557,26.76737403869629,28.605772018432617,0.3423325557546259,34381.79878304302,1,0,1,12.53798420522662,-3.485149826267243,3560.0804503197764,0.0,0,8.543478012084961,7.643006324768066,1,1,25.97934206607289,0.0570168774170724,0,1,1,1,1,2.908515654780684e-05
3,burkina_faso,854002,Cascades,1975,0.15249347437834868,0.09754087099876356,0.014974584420936942,7279,98.84049510237242,Bobo-Dioulasso,70.23964746230513,337.5949367088608,245.0,541.0,79,1083.9113924050632,972.0,1145.0,34.9977177821632,79,27.072586542443386,26.16728973388672,27.61666679382324,0.3086840965729487,18475.52769261892,0,0,1,10.349059816745708,-4.564414765496567,4362.749629922582,0.0,0,10.068376541137695,11.81751823425293,1,0,89.46244505422756,0.0135532795460231,0,0,0,2,0,0.0
3,burkina_faso,854002,Cascades,1965,0.10154109589041097,0.05582191780821918,0.014041095890410958,5840,98.84049510237242,Bobo-Dioulasso,70.23964746230513,337.5949367088608,245.0,541.0,79,1083.9113924050632,972.0,1145.0,34.9977177821632,79,27.072586542443386,26.16728973388672,27.61666679382324,0.3086840965729487,18475.52769261892,0,0,1,10.349059816745708,-4.564414765496567,4362.749629922582,0.0,0,10.068376541137695,11.81751823425293,1,0,89.46244505422756,0.0135532795460231,0,0,0,2,0,0.0
3,burkina_faso,854002,Cascades,1955,0.08595491701758731,0.04062422591032945,0.008669804310131285,4037,98.84049510237242,Bobo-Dioulasso,70.23964746230513,337.5949367088608,245.0,541.0,79,1083.9113924050632,972.0,1145.0,34.9977177821632,79,27.072586542443386,26.16728973388672,27.61666679382324,0.3086840965729487,18475.52769261892,0,0,1,10.349059816745708,-4.564414765496567,4362.749629922582,0.0,0,10.068376541137695,11.81751823425293,1,0,89.46244505422756,0.0135532795460231,0,0,0,2,0,0.0
3,burkina_faso,854002,Cascades,1945,0.038974719101123594,0.018960674157303372,0.0031601123595505617,2848,98.84049510237242,Bobo-Dioulasso,70.23964746230513,337.5949367088608,245.0,541.0,79,1083.9113924050632,972.0,1145.0,34.9977177821632,79,27.072586542443386,26.16728973388672,27.61666679382324,0.3086840965729487,18475.52769261892,0,0,1,10.349059816745708,-4.564414765496567,4362.749629922582,0.0,0,10.068376541137695,11.81751823425293,1,0,89.46244505422756,0.0135532795460231,0,0,0,2,0,0.0
3,burkina_faso,854002,Cascades,1935,0.01885680612846199,0.01060695344725987,0.002357100766057749,1697,98.84049510237242,Bobo-Dioulasso,70.23964746230513,337.5949367088608,245.0,541.0,79,1083.9113924050632,972.0,1145.0,34.9977177821632,79,27.072586542443386,26.16728973388672,27.61666679382324,0.3086840965729487,18475.52769261892,0,0,1,10.349059816745708,-4.564414765496567,4362.749629922582,0.0,0,10.068376541137695,11.81751823425293,1,0,89.46244505422756,0.0135532795460231,0,0,0,2,0,0.0
3,burkina_faso,854002,Cascades,1925,0.014124293785310734,0.002824858757062147,0.0014124293785310734,708,98.84049510237242,Bobo-Dioulasso,70.23964746230513,337.5949367088608,245.0,541.0,79,1083.9113924050632,972.0,1145.0,34.9977177821632,79,27.072586542443386,26.16728973388672,27.61666679382324,0.3086840965729487,18475.52769261892,0,0,1,10.349059816745708,-4.564414765496567,4362.749629922582,0.0,0,10.068376541137695,11.81751823425293,1,0,89.46244505422756,0.0135532795460231,0,0,0,2,0,0.0
3,burkina_faso,854002,Cascades,1915,0.011764705882352941,0.0,0.0,170,98.84049510237242,Bobo-Dioulasso,70.23964746230513,337.5949367088608,245.0,541.0,79,1083.9113924050632,972.0,1145.0,34.9977177821632,79,27.072586542443386,26.16728973388672,27.61666679382324,0.3086840965729487,18475.52769261892,0,0,1,10.349059816745708,-4.564414765496567,4362.749629922582,0.0,0,10.068376541137695,11.81751823425293,1,0,89.46244505422756,0.0135532795460231,0,0,0,2,0,0.0
3,burkina_faso,854003,Centre,1975,0.43661782497647533,0.3228032441636421,0.06058161939328763,22317,2.7171488076645653,Ouagadougou,18.51883820386832,306.0,273.0,342.0,19,738.1052631578947,689.0,779.0,27.797945279693845,19,28.11540412902832,27.73358726501465,28.45893669128418,0.2126574470646263,2869.1899374094805,0,0,0,12.322455728530766,-1.5022676649540745,3499.1333217075894,0.0,1,23.81159400939941,22.06842994689941,1,1,3.2399848070779687,0.7112191317922784,2,2,3,3,2,0.0006970608581618
3,burkina_faso,854003,Centre,1965,0.3106368089573128,0.21112666200139957,0.043317004898530444,14290,2.7171488076645653,Ouagadougou,18.51883820386832,306.0,273.0,342.0,19,738.1052631578947,689.0,779.0,27.797945279693845,19,28.11540412902832,27.73358726501465,28.45893669128418,0.2126574470646263,2869.1899374094805,0,0,0,12.322455728530766,-1.5022676649540745,3499.1333217075894,0.0,1,23.81159400939941,22.06842994689941,1,1,3.2399848070779687,0.7112191317922784,2,2,3,3,2,0.0006970608581618
3,burkina_faso,854003,Centre,1955,0.19694098538170005,0.121142393069843,0.03654574986464537,7388,2.7171488076645653,Ouagadougou,18.51883820386832,306.0,273.0,342.0,19,738.1052631578947,689.0,779.0,27.797945279693845,19,28.11540412902832,27.73358726501465,28.45893669128418,0.2126574470646263,2869.1899374094805,0,0,0,12.322455728530766,-1.5022676649540745,3499.1333217075894,0.0,1,23.81159400939941,22.06842994689941,1,1,3.2399848070779687,0.7112191317922784,2,2,3,3,2,0.0006970608581618
3,burkina_faso,854003,Centre,1945,0.10017730496453901,0.05939716312056738,0.015070921985815602,4512,2.7171488076645653,Ouagadougou,18.51883820386832,306.0,273.0,342.0,19,738.1052631578947,689.0,779.0,27.797945279693845,19,28.11540412902832,27.73358726501465,28.45893669128418,0.2126574470646263,2869.1899374094805,0,0,0,12.322455728530766,-1.5022676649540745,3499.1333217075894,0.0,1,23.81159400939941,22.06842994689941,1,1,3.2399848070779687,0.7112191317922784,2,2,3,3,2,0.0006970608581618
3,burkina_faso,854003,Centre,1935,0.04758031720211468,0.023993493289955266,0.0056933712891419274,2459,2.7171488076645653,Ouagadougou,18.51883820386832,306.0,273.0,342.0,19,738.1052631578947,689.0,779.0,27.797945279693845,19,28.11540412902832,27.73358726501465,28.45893669128418,0.2126574470646263,2869.1899374094805,0,0,0,12.322455728530766,-1.5022676649540745,3499.1333217075894,0.0,1,23.81159400939941,22.06842994689941,1,1,3.2399848070779687,0.7112191317922784,2,2,3,3,2,0.0006970608581618
3,burkina_faso,854003,Centre,1925,0.022939677145284623,0.008496176720475786,0.002548853016142736,1177,2.7171488076645653,Ouagadougou,18.51883820386832,306.0,273.0,342.0,19,738.1052631578947,689.0,779.0,27.797945279693845,19,28.11540412902832,27.73358726501465,28.45893669128418,0.2126574470646263,2869.1899374094805,0,0,0,12.322455728530766,-1.5022676649540745,3499.1333217075894,0.0,1,23.81159400939941,22.06842994689941,1,1,3.2399848070779687,0.7112191317922784,2,2,3,3,2,0.0006970608581618
3,burkina_faso,854003,Centre,1915,0.015772870662460567,0.00946372239747634,0.0,317,2.7171488076645653,Ouagadougou,18.51883820386832,306.0,273.0,342.0,19,738.1052631578947,689.0,779.0,27.797945279693845,19,28.11540412902832,27.73358726501465,28.45893669128418,0.2126574470646263,2869.1899374094805,0,0,0,12.322455728530766,-1.5022676649540745,3499.1333217075894,0.0,1,23.81159400939941,22.06842994689941,1,1,3.2399848070779687,0.7112191317922784,2,2,3,3,2,0.0006970608581618
3,burkina_faso,854004,Centre-Est,1975,0.09020454211016825,0.05763476725364203,0.008240545445627115,20387,165.83228769691945,Ouagadougou,31.442304751239647,265.7323943661972,192.0,318.0,71,835.2253521126761,682.0,961.0,65.71817704326637,71,28.295077874626912,28.05464744567871,28.675521850585938,0.1467824075013312,14699.103519833476,1,0,1,11.604692575629151,-0.1861075129285238,4035.2303980047054,0.0,0,7.478991508483887,9.123028755187988,0,1,64.75251363053566,0.1005145098683738,0,0,1,1,1,6.803135977991472e-05
3,burkina_faso,854004,Centre-Est,1965,0.062107351482420366,0.03626143502700319,0.008596935963848782,18146,165.83228769691945,Ouagadougou,31.442304751239647,265.7323943661972,192.0,318.0,71,835.2253521126761,682.0,961.0,65.71817704326637,71,28.295077874626912,28.05464744567871,28.675521850585938,0.1467824075013312,14699.103519833476,1,0,1,11.604692575629151,-0.1861075129285238,4035.2303980047054,0.0,0,7.478991508483887,9.123028755187988,0,1,64.75251363053566,0.1005145098683738,0,0,1,1,1,6.803135977991472e-05
3,burkina_faso,854004,Centre-Est,1955,0.05104,0.02624,0.0076,12500,165.83228769691945,Ouagadougou,31.442304751239647,265.7323943661972,192.0,318.0,71,835.2253521126761,682.0,961.0,65.71817704326637,71,28.295077874626912,28.05464744567871,28.675521850585938,0.1467824075013312,14699.103519833476,1,0,1,11.604692575629151,-0.1861075129285238,4035.2303980047054,0.0,0,7.478991508483887,9.123028755187988,0,1,64.75251363053566,0.1005145098683738,0,0,1,1,1,6.803135977991472e-05
3,burkina_faso,854004,Centre-Est,1945,0.02589976454759502,0.012445341405987218,0.0023545240497813654,8919,165.83228769691945,Ouagadougou,31.442304751239647,265.7323943661972,192.0,318.0,71,835.2253521126761,682.0,961.0,65.71817704326637,71,28.295077874626912,28.05464744567871,28.675521850585938,0.1467824075013312,14699.103519833476,1,0,1,11.604692575629151,-0.1861075129285238,4035.2303980047054,0.0,0,7.478991508483887,9.123028755187988,0,1,64.75251363053566,0.1005145098683738,0,0,1,1,1,6.803135977991472e-05
3,burkina_faso,854004,Centre-Est,1935,0.0112079701120797,0.0049813200498132005,0.0003558085749866572,5621,165.83228769691945,Ouagadougou,31.442304751239647,265.7323943661972,192.0,318.0,71,835.2253521126761,682.0,961.0,65.71817704326637,71,28.295077874626912,28.05464744567871,28.675521850585938,0.1467824075013312,14699.103519833476,1,0,1,11.604692575629151,-0.1861075129285238,4035.2303980047054,0.0,0,7.478991508483887,9.123028755187988,0,1,64.75251363053566,0.1005145098683738,0,0,1,1,1,6.803135977991472e-05
3,burkina_faso,854004,Centre-Est,1925,0.00549073438572409,0.002745367192862045,0.00034317089910775565,2914,165.83228769691945,Ouagadougou,31.442304751239647,265.7323943661972,192.0,318.0,71,835.2253521126761,682.0,961.0,65.71817704326637,71,28.295077874626912,28.05464744567871,28.675521850585938,0.1467824075013312,14699.103519833476,1,0,1,11.604692575629151,-0.1861075129285238,4035.2303980047054,0.0,0,7.478991508483887,9.123028755187988,0,1,64.75251363053566,0.1005145098683738,0,0,1,1,1,6.803135977991472e-05
3,burkina_faso,854004,Centre-Est,1915,0.0,0.0,0.0,762,165.83228769691945,Ouagadougou,31.442304751239647,265.7323943661972,192.0,318.0,71,835.2253521126761,682.0,961.0,65.71817704326637,71,28.295077874626912,28.05464744567871,28.675521850585938,0.1467824075013312,14699.103519833476,1,0,1,11.604692575629151,-0.1861075129285238,4035.2303980047054,0.0,0,7.478991508483887,9.123028755187988,0,1,64.75251363053566,0.1005145098683738,0,0,1,1,1,6.803135977991472e-05
3,burkina_faso,854005,Centre-Nord,1975,0.06801638757408218,0.046338650013921484,0.006085676782944195,25141,117.7844657504774,Ouagadougou,17.308386606312567,311.44444444444446,276.0,356.0,81,594.320987654321,460.0,726.0,71.108476888795,81,28.29779514265649,27.98050117492676,28.60158348083496,0.1432223826334825,19669.51296231608,1,0,0,13.268032110043936,-0.9743959151829864,3368.625817294796,0.0,0,6.757894515991211,7.829652786254883,0,0,117.20380750328415,0.0085562278207101,0,0,0,0,0,0.0
3,burkina_faso,854005,Centre-Nord,1965,0.0440661648870996,0.024330474356730265,0.0037633467530194292,22852,117.7844657504774,Ouagadougou,17.308386606312567,311.44444444444446,276.0,356.0,81,594.320987654321,460.0,726.0,71.108476888795,81,28.29779514265649,27.98050117492676,28.60158348083496,0.1432223826334825,19669.51296231608,1,0,0,13.268032110043936,-0.9743959151829864,3368.625817294796,0.0,0,6.757894515991211,7.829652786254883,0,0,117.20380750328415,0.0085562278207101,0,0,0,0,0,0.0
3,burkina_faso,854005,Centre-Nord,1955,0.03541039403063228,0.016625212724178558,0.0032072260767116115,15278,117.7844657504774,Ouagadougou,17.308386606312567,311.44444444444446,276.0,356.0,81,594.320987654321,460.0,726.0,71.108476888795,81,28.29779514265649,27.98050117492676,28.60158348083496,0.1432223826334825,19669.51296231608,1,0,0,13.268032110043936,-0.9743959151829864,3368.625817294796,0.0,0,6.757894515991211,7.829652786254883,0,0,117.20380750328415,0.0085562278207101,0,0,0,0,0,0.0
3,burkina_faso,854005,Centre-Nord,1945,0.017569546120058566,0.009077598828696925,0.0016593460224499756,10245,117.7844657504774,Ouagadougou,17.308386606312567,311.44444444444446,276.0,356.0,81,594.320987654321,460.0,726.0,71.108476888795,81,28.29779514265649,27.98050117492676,28.60158348083496,0.1432223826334825,19669.51296231608,1,0,0,13.268032110043936,-0.9743959151829864,3368.625817294796,0.0,0,6.757894515991211,7.829652786254883,0,0,117.20380750328415,0.0085562278207101,0,0,0,0,0,0.0
3,burkina_faso,854005,Centre-Nord,1935,0.008705114254624592,0.003575314783149386,0.000466345406497746,6433,117.7844657504774,Ouagadougou,17.308386606312567,311.44444444444446,276.0,356.0,81,594.320987654321,460.0,726.0,71.108476888795,81,28.29779514265649,27.98050117492676,28.60158348083496,0.1432223826334825,19669.51296231608,1,0,0,13.268032110043936,-0.9743959151829864,3368.625817294796,0.0,0,6.757894515991211,7.829652786254883,0,0,117.20380750328415,0.0085562278207101,0,0,0,0,0,0.0
3,burkina_faso,854005,Centre-Nord,1925,0.003590664272890485,0.0014961101137043686,0.0,3342,117.7844657504774,Ouagadougou,17.308386606312567,311.44444444444446,276.0,356.0,81,594.320987654321,460.0,726.0,71.108476888795,81,28.29779514265649,27.98050117492676,28.60158348083496,0.1432223826334825,19669.51296231608,1,0,0,13.268032110043936,-0.9743959151829864,3368.625817294796,0.0,0,6.757894515991211,7.829652786254883,0,0,117.20380750328415,0.0085562278207101,0,0,0,0,0,0.0
3,burkina_faso,854005,Centre-Nord,1915,0.0047562425683709865,0.0,0.0,841,117.7844657504774,Ouagadougou,17.308386606312567,311.44444444444446,276.0,356.0,81,594.320987654321,460.0,726.0,71.108476888795,81,28.29779514265649,27.98050117492676,28.60158348083496,0.1432223826334825,19669.51296231608,1,0,0,13.268032110043936,-0.9743959151829864,3368.625817294796,0.0,0,6.757894515991211,7.829652786254883,0,0,117.20380750328415,0.0085562278207101,0,0,0,0,0,0.0
3,burkina_faso,854006,Centre-Ouest,1975,0.17090639664114596,0.11696715238330452,0.017041244751790564,20245,98.39074102882272,Ouagadougou,22.89165064539544,304.15625,263.0,344.0,96,810.3854166666666,645.0,977.0,81.74762608577525,96,27.773570656776428,27.369041442871094,28.32960319519043,0.2397666522081716,21615.60432767617,1,0,1,11.7987851298609,-2.220166053874542,3857.0381242340686,0.0,1,9.79629611968994,10.888461112976074,1,0,94.2423561564628,0.0,0,0,0,1,0,0.0
3,burkina_faso,854006,Centre-Ouest,1965,0.09161931818181818,0.05720061188811189,0.010817307692307692,18304,98.39074102882272,Ouagadougou,22.89165064539544,304.15625,263.0,344.0,96,810.3854166666666,645.0,977.0,81.74762608577525,96,27.773570656776428,27.369041442871094,28.32960319519043,0.2397666522081716,21615.60432767617,1,0,1,11.7987851298609,-2.220166053874542,3857.0381242340686,0.0,1,9.79629611968994,10.888461112976074,1,0,94.2423561564628,0.0,0,0,0,1,0,0.0
3,burkina_faso,854006,Centre-Ouest,1955,0.07359444093493367,0.03663929248262792,0.008449147188881869,12664,98.39074102882272,Ouagadougou,22.89165064539544,304.15625,263.0,344.0,96,810.3854166666666,645.0,977.0,81.74762608577525,96,27.773570656776428,27.369041442871094,28.32960319519043,0.2397666522081716,21615.60432767617,1,0,1,11.7987851298609,-2.220166053874542,3857.0381242340686,0.0,1,9.79629611968994,10.888461112976074,1,0,94.2423561564628,0.0,0,0,0,1,0,0.0
3,burkina_faso,854006,Centre-Ouest,1945,0.036380597014925374,0.019693200663349918,0.003938640132669984,9648,98.39074102882272,Ouagadougou,22.89165064539544,304.15625,263.0,344.0,96,810.3854166666666,645.0,977.0,81.74762608577525,96,27.773570656776428,27.369041442871094,28.32960319519043,0.2397666522081716,21615.60432767617,1,0,1,11.7987851298609,-2.220166053874542,3857.0381242340686,0.0,1,9.79629611968994,10.888461112976074,1,0,94.2423561564628,0.0,0,0,0,1,0,0.0
3,burkina_faso,854006,Centre-Ouest,1935,0.01536983669548511,0.006564201088696766,0.0012808197246237593,6246,98.39074102882272,Ouagadougou,22.89165064539544,304.15625,263.0,344.0,96,810.3854166666666,645.0,977.0,81.74762608577525,96,27.773570656776428,27.369041442871094,28.32960319519043,0.2397666522081716,21615.60432767617,1,0,1,11.7987851298609,-2.220166053874542,3857.0381242340686,0.0,1,9.79629611968994,10.888461112976074,1,0,94.2423561564628,0.0,0,0,0,1,0,0.0
3,burkina_faso,854006,Centre-Ouest,1925,0.006429883649724434,0.0027556644213104714,0.0003061849357011635,3266,98.39074102882272,Ouagadougou,22.89165064539544,304.15625,263.0,344.0,96,810.3854166666666,645.0,977.0,81.74762608577525,96,27.773570656776428,27.369041442871094,28.32960319519043,0.2397666522081716,21615.60432767617,1,0,1,11.7987851298609,-2.220166053874542,3857.0381242340686,0.0,1,9.79629611968994,10.888461112976074,1,0,94.2423561564628,0.0,0,0,0,1,0,0.0
3,burkina_faso,854006,Centre-Ouest,1915,0.008501594048884165,0.004250797024442083,0.0010626992561105207,941,98.39074102882272,Ouagadougou,22.89165064539544,304.15625,263.0,344.0,96,810.3854166666666,645.0,977.0,81.74762608577525,96,27.773570656776428,27.369041442871094,28.32960319519043,0.2397666522081716,21615.60432767617,1,0,1,11.7987851298609,-2.220166053874542,3857.0381242340686,0.0,1,9.79629611968994,10.888461112976074,1,0,94.2423561564628,0.0,0,0,0,1,0,0.0
3,burkina_faso,854007,Centre-Sud,1975,0.12675953079178887,0.07961876832844575,0.009310850439882699,13640,90.23728560848038,Ouagadougou,31.79748940419624,285.1578947368421,194.0,344.0,57,847.9298245614035,742.0,972.0,65.97763035292164,57,28.002568462438752,27.460039138793945,28.53587532043457,0.2554856101780611,11409.330762497792,1,0,1,11.585491706830542,-1.2194160661436977,4015.4899707738905,0.0,1,5.769230842590332,7.43712568283081,0,1,45.35672081878821,0.1546164090621214,0,1,1,4,1,8.764755977510742e-05
3,burkina_faso,854007,Centre-Sud,1965,0.06875705303885217,0.035950346606480735,0.006206674189908109,12406,90.23728560848038,Ouagadougou,31.79748940419624,285.1578947368421,194.0,344.0,57,847.9298245614035,742.0,972.0,65.97763035292164,57,28.002568462438752,27.460039138793945,28.53587532043457,0.2554856101780611,11409.330762497792,1,0,1,11.585491706830542,-1.2194160661436977,4015.4899707738905,0.0,1,5.769230842590332,7.43712568283081,0,1,45.35672081878821,0.1546164090621214,0,1,1,4,1,8.764755977510742e-05
3,burkina_faso,854007,Centre-Sud,1955,0.059548939006777026,0.026552605266081546,0.005777135873791801,9001,90.23728560848038,Ouagadougou,31.79748940419624,285.1578947368421,194.0,344.0,57,847.9298245614035,742.0,972.0,65.97763035292164,57,28.002568462438752,27.460039138793945,28.53587532043457,0.2554856101780611,11409.330762497792,1,0,1,11.585491706830542,-1.2194160661436977,4015.4899707738905,0.0,1,5.769230842590332,7.43712568283081,0,1,45.35672081878821,0.1546164090621214,0,1,1,4,1,8.764755977510742e-05
3,burkina_faso,854007,Centre-Sud,1945,0.021858736059479553,0.009368029739776951,0.0026765799256505576,6725,90.23728560848038,Ouagadougou,31.79748940419624,285.1578947368421,194.0,344.0,57,847.9298245614035,742.0,972.0,65.97763035292164,57,28.002568462438752,27.460039138793945,28.53587532043457,0.2554856101780611,11409.330762497792,1,0,1,11.585491706830542,-1.2194160661436977,4015.4899707738905,0.0,1,5.769230842590332,7.43712568283081,0,1,45.35672081878821,0.1546164090621214,0,1,1,4,1,8.764755977510742e-05
3,burkina_faso,854007,Centre-Sud,1935,0.010906446921958314,0.005332040717401842,0.0007270964614638875,4126,90.23728560848038,Ouagadougou,31.79748940419624,285.1578947368421,194.0,344.0,57,847.9298245614035,742.0,972.0,65.97763035292164,57,28.002568462438752,27.460039138793945,28.53587532043457,0.2554856101780611,11409.330762497792,1,0,1,11.585491706830542,-1.2194160661436977,4015.4899707738905,0.0,1,5.769230842590332,7.43712568283081,0,1,45.35672081878821,0.1546164090621214,0,1,1,4,1,8.764755977510742e-05
3,burkina_faso,854007,Centre-Sud,1925,0.002797202797202797,0.0018648018648018648,0.0,2145,90.23728560848038,Ouagadougou,31.79748940419624,285.1578947368421,194.0,344.0,57,847.9298245614035,742.0,972.0,65.97763035292164,57,28.002568462438752,27.460039138793945,28.53587532043457,0.2554856101780611,11409.330762497792,1,0,1,11.585491706830542,-1.2194160661436977,4015.4899707738905,0.0,1,5.769230842590332,7.43712568283081,0,1,45.35672081878821,0.1546164090621214,0,1,1,4,1,8.764755977510742e-05
3,burkina_faso,854007,Centre-Sud,1915,0.006791171477079796,0.003395585738539898,0.0,589,90.23728560848038,Ouagadougou,31.79748940419624,285.1578947368421,194.0,344.0,57,847.9298245614035,742.0,972.0,65.97763035292164,57,28.002568462438752,27.460039138793945,28.53587532043457,0.2554856101780611,11409.330762497792,1,0,1,11.585491706830542,-1.2194160661436977,4015.4899707738905,0.0,1,5.769230842590332,7.43712568283081,0,1,45.35672081878821,0.1546164090621214,0,1,1,4,1,8.764755977510742e-05
3,burkina_faso,854008,Est,1975,0.0637939664194385,0.04504709468990308,0.007189334304045138,21977,264.207409533641,Ouagadougou,36.3686714672377,259.22033898305085,156.0,318.0,177,733.54802259887,512.0,1025.0,117.14286612363772,177,28.40456738445045,27.76952171325684,28.861581802368164,0.1862284781482251,46580.1081826401,0,0,1,12.226915117670078,0.9196559036387518,3586.9768674570173,0.0,0,8.0819673538208,8.622727394104004,0,0,137.82340971485127,0.0007513976805013,0,0,0,0,0,0.0
3,burkina_faso,854008,Est,1965,0.039080990590544366,0.02511112393927149,0.005714945448247994,17323,264.207409533641,Ouagadougou,36.3686714672377,259.22033898305085,156.0,318.0,177,733.54802259887,512.0,1025.0,117.14286612363772,177,28.40456738445045,27.76952171325684,28.861581802368164,0.1862284781482251,46580.1081826401,0,0,1,12.226915117670078,0.9196559036387518,3586.9768674570173,0.0,0,8.0819673538208,8.622727394104004,0,0,137.82340971485127,0.0007513976805013,0,0,0,0,0,0.0
3,burkina_faso,854008,Est,1955,0.0361038710300222,0.018824210831161307,0.005405927213051453,10359,264.207409533641,Ouagadougou,36.3686714672377,259.22033898305085,156.0,318.0,177,733.54802259887,512.0,1025.0,117.14286612363772,177,28.40456738445045,27.76952171325684,28.861581802368164,0.1862284781482251,46580.1081826401,0,0,1,12.226915117670078,0.9196559036387518,3586.9768674570173,0.0,0,8.0819673538208,8.622727394104004,0,0,137.82340971485127,0.0007513976805013,0,0,0,0,0,0.0
3,burkina_faso,854008,Est,1945,0.021628302178279005,0.011432102579947473,0.002935269581337865,6473,264.207409533641,Ouagadougou,36.3686714672377,259.22033898305085,156.0,318.0,177,733.54802259887,512.0,1025.0,117.14286612363772,177,28.40456738445045,27.76952171325684,28.861581802368164,0.1862284781482251,46580.1081826401,0,0,1,12.226915117670078,0.9196559036387518,3586.9768674570173,0.0,0,8.0819673538208,8.622727394104004,0,0,137.82340971485127,0.0007513976805013,0,0,0,0,0,0.0
3,burkina_faso,854008,Est,1935,0.007139079851930196,0.0026441036488630354,0.00026441036488630354,3782,264.207409533641,Ouagadougou,36.3686714672377,259.22033898305085,156.0,318.0,177,733.54802259887,512.0,1025.0,117.14286612363772,177,28.40456738445045,27.76952171325684,28.861581802368164,0.1862284781482251,46580.1081826401,0,0,1,12.226915117670078,0.9196559036387518,3586.9768674570173,0.0,0,8.0819673538208,8.622727394104004,0,0,137.82340971485127,0.0007513976805013,0,0,0,0,0,0.0
3,burkina_faso,854008,Est,1925,0.011514104778353483,0.004605641911341394,0.0011514104778353484,1737,264.207409533641,Ouagadougou,36.3686714672377,259.22033898305085,156.0,318.0,177,733.54802259887,512.0,1025.0,117.14286612363772,177,28.40456738445045,27.76952171325684,28.861581802368164,0.1862284781482251,46580.1081826401,0,0,1,12.226915117670078,0.9196559036387518,3586.9768674570173,0.0,0,8.0819673538208,8.622727394104004,0,0,137.82340971485127,0.0007513976805013,0,0,0,0,0,0.0
3,burkina_faso,854008,Est,1915,0.0019120458891013384,0.0019120458891013384,0.0019120458891013384,523,264.207409533641,Ouagadougou,36.3686714672377,259.22033898305085,156.0,318.0,177,733.54802259887,512.0,1025.0,117.14286612363772,177,28.40456738445045,27.76952171325684,28.861581802368164,0.1862284781482251,46580.1081826401,0,0,1,12.226915117670078,0.9196559036387518,3586.9768674570173,0.0,0,8.0819673538208,8.622727394104004,0,0,137.82340971485127,0.0007513976805013,0,0,0,0,0,0.0
3,burkina_faso,854009,Hauts-Bassins,1975,0.26302535602639804,0.18687044112539075,0.02908996179228899,23032,18.72717243823304,Bobo-Dioulasso,65.02296536594088,352.3551401869159,265.0,541.0,107,957.7757009345794,847.0,1109.0,67.84676362796581,107,27.47282251019344,26.16728973388672,28.141565322875977,0.4730656957387984,25602.349087073577,1,0,1,11.367510678332229,-4.331148901649918,4267.003466637306,0.0,1,17.952898025512695,17.282136917114258,1,1,31.819430275315383,0.2183754174192282,0,1,2,3,3,0.0001171767477193
3,burkina_faso,854009,Hauts-Bassins,1965,0.19985495860276786,0.13029552184686047,0.030398259503233216,16547,18.72717243823304,Bobo-Dioulasso,65.02296536594088,352.3551401869159,265.0,541.0,107,957.7757009345794,847.0,1109.0,67.84676362796581,107,27.47282251019344,26.16728973388672,28.141565322875977,0.4730656957387984,25602.349087073577,1,0,1,11.367510678332229,-4.331148901649918,4267.003466637306,0.0,1,17.952898025512695,17.282136917114258,1,1,31.819430275315383,0.2183754174192282,0,1,2,3,3,0.0001171767477193
3,burkina_faso,854009,Hauts-Bassins,1955,0.161929732564237,0.09417933927635029,0.02443628736234924,9535,18.72717243823304,Bobo-Dioulasso,65.02296536594088,352.3551401869159,265.0,541.0,107,957.7757009345794,847.0,1109.0,67.84676362796581,107,27.47282251019344,26.16728973388672,28.141565322875977,0.4730656957387984,25602.349087073577,1,0,1,11.367510678332229,-4.331148901649918,4267.003466637306,0.0,1,17.952898025512695,17.282136917114258,1,1,31.819430275315383,0.2183754174192282,0,1,2,3,3,0.0001171767477193
3,burkina_faso,854009,Hauts-Bassins,1945,0.07741211667913239,0.04543754674644727,0.009349289454001496,5348,18.72717243823304,Bobo-Dioulasso,65.02296536594088,352.3551401869159,265.0,541.0,107,957.7757009345794,847.0,1109.0,67.84676362796581,107,27.47282251019344,26.16728973388672,28.141565322875977,0.4730656957387984,25602.349087073577,1,0,1,11.367510678332229,-4.331148901649918,4267.003466637306,0.0,1,17.952898025512695,17.282136917114258,1,1,31.819430275315383,0.2183754174192282,0,1,2,3,3,0.0001171767477193
3,burkina_faso,854009,Hauts-Bassins,1935,0.03452566096423017,0.016485225505443235,0.0027993779160186624,3215,18.72717243823304,Bobo-Dioulasso,65.02296536594088,352.3551401869159,265.0,541.0,107,957.7757009345794,847.0,1109.0,67.84676362796581,107,27.47282251019344,26.16728973388672,28.141565322875977,0.4730656957387984,25602.349087073577,1,0,1,11.367510678332229,-4.331148901649918,4267.003466637306,0.0,1,17.952898025512695,17.282136917114258,1,1,31.819430275315383,0.2183754174192282,0,1,2,3,3,0.0001171767477193
3,burkina_faso,854009,Hauts-Bassins,1925,0.013302034428794992,0.005477308294209703,0.000782472613458529,1278,18.72717243823304,Bobo-Dioulasso,65.02296536594088,352.3551401869159,265.0,541.0,107,957.7757009345794,847.0,1109.0,67.84676362796581,107,27.47282251019344,26.16728973388672,28.141565322875977,0.4730656957387984,25602.349087073577,1,0,1,11.367510678332229,-4.331148901649918,4267.003466637306,0.0,1,17.952898025512695,17.282136917114258,1,1,31.819430275315383,0.2183754174192282,0,1,2,3,3,0.0001171767477193
3,burkina_faso,854009,Hauts-Bassins,1915,0.014925373134328358,0.0029850746268656717,0.0,335,18.72717243823304,Bobo-Dioulasso,65.02296536594088,352.3551401869159,265.0,541.0,107,957.7757009345794,847.0,1109.0,67.84676362796581,107,27.47282251019344,26.16728973388672,28.141565322875977,0.4730656957387984,25602.349087073577,1,0,1,11.367510678332229,-4.331148901649918,4267.003466637306,0.0,1,17.952898025512695,17.282136917114258,1,1,31.819430275315383,0.2183754174192282,0,1,2,3,3,0.0001171767477193
3,burkina_faso,854010,Nord,1975,0.10913678140205442,0.07003063615065777,0.010704631465128851,27745,149.55215828838575,Ouagadougou,21.82780181554628,315.3611111111111,264.0,356.0,72,574.0,439.0,702.0,73.74336128312387,72,28.05941565831502,27.806854248046875,28.51185417175293,0.1481010185922887,16435.220846794822,1,0,1,13.458829074853844,-2.283824665002041,3298.8748328298184,0.0,0,8.035398483276367,9.423076629638672,0,1,25.235379154102755,0.1090369268091094,0,1,1,1,1,6.084493839917084e-05
3,burkina_faso,854010,Nord,1965,0.06810993975903615,0.03772590361445783,0.007981927710843374,26560,149.55215828838575,Ouagadougou,21.82780181554628,315.3611111111111,264.0,356.0,72,574.0,439.0,702.0,73.74336128312387,72,28.05941565831502,27.806854248046875,28.51185417175293,0.1481010185922887,16435.220846794822,1,0,1,13.458829074853844,-2.283824665002041,3298.8748328298184,0.0,0,8.035398483276367,9.423076629638672,0,1,25.235379154102755,0.1090369268091094,0,1,1,1,1,6.084493839917084e-05
3,burkina_faso,854010,Nord,1955,0.055256804214223,0.027820456540825284,0.007243195785776997,18224,149.55215828838575,Ouagadougou,21.82780181554628,315.3611111111111,264.0,356.0,72,574.0,439.0,702.0,73.74336128312387,72,28.05941565831502,27.806854248046875,28.51185417175293,0.1481010185922887,16435.220846794822,1,0,1,13.458829074853844,-2.283824665002041,3298.8748328298184,0.0,0,8.035398483276367,9.423076629638672,0,1,25.235379154102755,0.1090369268091094,0,1,1,1,1,6.084493839917084e-05
3,burkina_faso,854010,Nord,1945,0.025814197808794837,0.014783130721897044,0.0035269398168992945,13326,149.55215828838575,Ouagadougou,21.82780181554628,315.3611111111111,264.0,356.0,72,574.0,439.0,702.0,73.74336128312387,72,28.05941565831502,27.806854248046875,28.51185417175293,0.1481010185922887,16435.220846794822,1,0,1,13.458829074853844,-2.283824665002041,3298.8748328298184,0.0,0,8.035398483276367,9.423076629638672,0,1,25.235379154102755,0.1090369268091094,0,1,1,1,1,6.084493839917084e-05
3,burkina_faso,854010,Nord,1935,0.01082795581319042,0.005249917970031718,0.0008749863283386198,9143,149.55215828838575,Ouagadougou,21.82780181554628,315.3611111111111,264.0,356.0,72,574.0,439.0,702.0,73.74336128312387,72,28.05941565831502,27.806854248046875,28.51185417175293,0.1481010185922887,16435.220846794822,1,0,1,13.458829074853844,-2.283824665002041,3298.8748328298184,0.0,0,8.035398483276367,9.423076629638672,0,1,25.235379154102755,0.1090369268091094,0,1,1,1,1,6.084493839917084e-05
3,burkina_faso,854010,Nord,1925,0.004316264469295664,0.002158132234647832,0.0,5097,149.55215828838575,Ouagadougou,21.82780181554628,315.3611111111111,264.0,356.0,72,574.0,439.0,702.0,73.74336128312387,72,28.05941565831502,27.806854248046875,28.51185417175293,0.1481010185922887,16435.220846794822,1,0,1,13.458829074853844,-2.283824665002041,3298.8748328298184,0.0,0,8.035398483276367,9.423076629638672,0,1,25.235379154102755,0.1090369268091094,0,1,1,1,1,6.084493839917084e-05
3,burkina_faso,854010,Nord,1915,0.0071090047393364926,0.0039494470774091624,0.0007898894154818325,1266,149.55215828838575,Ouagadougou,21.82780181554628,315.3611111111111,264.0,356.0,72,574.0,439.0,702.0,73.74336128312387,72,28.05941565831502,27.806854248046875,28.51185417175293,0.1481010185922887,16435.220846794822,1,0,1,13.458829074853844,-2.283824665002041,3298.8748328298184,0.0,0,8.035398483276367,9.423076629638672,0,1,25.235379154102755,0.1090369268091094,0,1,1,1,1,6.084493839917084e-05
3,burkina_faso,854011,Plateau Central,1975,0.09616033470544572,0.059653147985694044,0.008974964572508267,14819,41.41379203145713,Ouagadougou,19.641038651394062,303.6458333333333,262.0,336.0,48,720.7916666666666,664.0,800.0,38.246981543936535,48,28.185447971026104,27.5661678314209,28.46187400817871,0.239447010108627,8603.40483479858,1,0,0,12.449329871964672,-1.1426847829242246,3528.0960894834648,0.0,0,7.010100841522217,7.243902206420898,0,0,36.33357321636274,0.1132780382654186,0,2,3,4,0,0.0
3,burkina_faso,854011,Plateau Central,1965,0.05323249218238674,0.02967056941313359,0.00523598283761181,13751,41.41379203145713,Ouagadougou,19.641038651394062,303.6458333333333,262.0,336.0,48,720.7916666666666,664.0,800.0,38.246981543936535,48,28.185447971026104,27.5661678314209,28.46187400817871,0.239447010108627,8603.40483479858,1,0,0,12.449329871964672,-1.1426847829242246,3528.0960894834648,0.0,0,7.010100841522217,7.243902206420898,0,0,36.33357321636274,0.1132780382654186,0,2,3,4,0,0.0
3,burkina_faso,854011,Plateau Central,1955,0.04629349470499244,0.020877458396369137,0.005748865355521936,9915,41.41379203145713,Ouagadougou,19.641038651394062,303.6458333333333,262.0,336.0,48,720.7916666666666,664.0,800.0,38.246981543936535,48,28.185447971026104,27.5661678314209,28.46187400817871,0.239447010108627,8603.40483479858,1,0,0,12.449329871964672,-1.1426847829242246,3528.0960894834648,0.0,0,7.010100841522217,7.243902206420898,0,0,36.33357321636274,0.1132780382654186,0,2,3,4,0,0.0
3,burkina_faso,854011,Plateau Central,1945,0.020242337847469708,0.009836065573770493,0.0012829650748396293,7015,41.41379203145713,Ouagadougou,19.641038651394062,303.6458333333333,262.0,336.0,48,720.7916666666666,664.0,800.0,38.246981543936535,48,28.185447971026104,27.5661678314209,28.46187400817871,0.239447010108627,8603.40483479858,1,0,0,12.449329871964672,-1.1426847829242246,3528.0960894834648,0.0,0,7.010100841522217,7.243902206420898,0,0,36.33357321636274,0.1132780382654186,0,2,3,4,0,0.0
3,burkina_faso,854011,Plateau Central,1935,0.011465260261407933,0.005044714515019491,0.000687915615684476,4361,41.41379203145713,Ouagadougou,19.641038651394062,303.6458333333333,262.0,336.0,48,720.7916666666666,664.0,800.0,38.246981543936535,48,28.185447971026104,27.5661678314209,28.46187400817871,0.239447010108627,8603.40483479858,1,0,0,12.449329871964672,-1.1426847829242246,3528.0960894834648,0.0,0,7.010100841522217,7.243902206420898,0,0,36.33357321636274,0.1132780382654186,0,2,3,4,0,0.0
3,burkina_faso,854011,Plateau Central,1925,0.0058212058212058215,0.002079002079002079,0.0,2405,41.41379203145713,Ouagadougou,19.641038651394062,303.6458333333333,262.0,336.0,48,720.7916666666666,664.0,800.0,38.246981543936535,48,28.185447971026104,27.5661678314209,28.46187400817871,0.239447010108627,8603.40483479858,1,0,0,12.449329871964672,-1.1426847829242246,3528.0960894834648,0.0,0,7.010100841522217,7.243902206420898,0,0,36.33357321636274,0.1132780382654186,0,2,3,4,0,0.0
3,burkina_faso,854011,Plateau Central,1915,0.0045045045045045045,0.0015015015015015015,0.0,666,41.41379203145713,Ouagadougou,19.641038651394062,303.6458333333333,262.0,336.0,48,720.7916666666666,664.0,800.0,38.246981543936535,48,28.185447971026104,27.5661678314209,28.46187400817871,0.239447010108627,8603.40483479858,1,0,0,12.449329871964672,-1.1426847829242246,3528.0960894834648,0.0,0,7.010100841522217,7.243902206420898,0,0,36.33357321636274,0.1132780382654186,0,2,3,4,0,0.0
3,burkina_faso,854012,Sahel,1975,0.03386474411047929,0.020410235580828596,0.003909423233143786,19696,231.15150470027623,Ouagadougou,22.099674620113323,288.63698630136986,241.0,345.0,146,433.8561643835616,286.0,595.0,74.85236517030985,146,28.75965294772632,28.193208694458008,29.543519973754883,0.301106091855308,36166.49890824108,0,0,1,14.146592555536287,-0.4420644806207955,2143.556680479006,0.0,1,5.105882167816162,8.467262268066406,0,0,189.3935392624383,0.0,0,0,0,0,0,0.0
3,burkina_faso,854012,Sahel,1965,0.024803786471751244,0.012461805763585165,0.002696063746929483,16691,231.15150470027623,Ouagadougou,22.099674620113323,288.63698630136986,241.0,345.0,146,433.8561643835616,286.0,595.0,74.85236517030985,146,28.75965294772632,28.193208694458008,29.543519973754883,0.301106091855308,36166.49890824108,0,0,1,14.146592555536287,-0.4420644806207955,2143.556680479006,0.0,1,5.105882167816162,8.467262268066406,0,0,189.3935392624383,0.0,0,0,0,0,0,0.0
3,burkina_faso,854012,Sahel,1955,0.01678761913089097,0.006732534755617732,0.0014864037772143045,11437,231.15150470027623,Ouagadougou,22.099674620113323,288.63698630136986,241.0,345.0,146,433.8561643835616,286.0,595.0,74.85236517030985,146,28.75965294772632,28.193208694458008,29.543519973754883,0.301106091855308,36166.49890824108,0,0,1,14.146592555536287,-0.4420644806207955,2143.556680479006,0.0,1,5.105882167816162,8.467262268066406,0,0,189.3935392624383,0.0,0,0,0,0,0,0.0
3,burkina_faso,854012,Sahel,1945,0.007983761840324764,0.0035182679296346412,0.0008119079837618403,7390,231.15150470027623,Ouagadougou,22.099674620113323,288.63698630136986,241.0,345.0,146,433.8561643835616,286.0,595.0,74.85236517030985,146,28.75965294772632,28.193208694458008,29.543519973754883,0.301106091855308,36166.49890824108,0,0,1,14.146592555536287,-0.4420644806207955,2143.556680479006,0.0,1,5.105882167816162,8.467262268066406,0,0,189.3935392624383,0.0,0,0,0,0,0,0.0
3,burkina_faso,854012,Sahel,1935,0.005419415645617342,0.002827521206409048,0.000471253534401508,4244,231.15150470027623,Ouagadougou,22.099674620113323,288.63698630136986,241.0,345.0,146,433.8561643835616,286.0,595.0,74.85236517030985,146,28.75965294772632,28.193208694458008,29.543519973754883,0.301106091855308,36166.49890824108,0,0,1,14.146592555536287,-0.4420644806207955,2143.556680479006,0.0,1,5.105882167816162,8.467262268066406,0,0,189.3935392624383,0.0,0,0,0,0,0,0.0
3,burkina_faso,854012,Sahel,1925,0.002635740643120717,0.0015814443858724301,0.0010542962572482868,1897,231.15150470027623,Ouagadougou,22.099674620113323,288.63698630136986,241.0,345.0,146,433.8561643835616,286.0,595.0,74.85236517030985,146,28.75965294772632,28.193208694458008,29.543519973754883,0.301106091855308,36166.49890824108,0,0,1,14.146592555536287,-0.4420644806207955,2143.556680479006,0.0,1,5.105882167816162,8.467262268066406,0,0,189.3935392624383,0.0,0,0,0,0,0,0.0
3,burkina_faso,854012,Sahel,1915,0.0,0.0,0.0,545,231.15150470027623,Ouagadougou,22.099674620113323,288.63698630136986,241.0,345.0,146,433.8561643835616,286.0,595.0,74.85236517030985,146,28.75965294772632,28.193208694458008,29.543519973754883,0.301106091855308,36166.49890824108,0,0,1,14.146592555536287,-0.4420644806207955,2143.556680479006,0.0,1,5.105882167816162,8.467262268066406,0,0,189.3935392624383,0.0,0,0,0,0,0,0.0
3,burkina_faso,854013,Sud-Ouest,1975,0.130049610205528,0.08486888731396174,0.012756909992912827,11288,142.319027906361,Bobo-Dioulasso,34.12599204907211,303.8333333333333,251.0,392.0,72,975.4861111111112,874.0,1089.0,56.074601364698765,72,27.44324252340529,26.75841522216797,27.93720817565918,0.3318017933482534,16406.01739895122,1,0,1,10.478560707671097,-3.2302298992630942,4337.255998347356,0.0,0,7.094339847564697,8.697297096252441,0,0,84.4740277511915,0.0094058552537657,0,0,0,1,0,0.0
3,burkina_faso,854013,Sud-Ouest,1965,0.0917851350062017,0.05400248067932449,0.01192634290621124,10481,142.319027906361,Bobo-Dioulasso,34.12599204907211,303.8333333333333,251.0,392.0,72,975.4861111111112,874.0,1089.0,56.074601364698765,72,27.44324252340529,26.75841522216797,27.93720817565918,0.3318017933482534,16406.01739895122,1,0,1,10.478560707671097,-3.2302298992630942,4337.255998347356,0.0,0,7.094339847564697,8.697297096252441,0,0,84.4740277511915,0.0094058552537657,0,0,0,1,0,0.0
3,burkina_faso,854013,Sud-Ouest,1955,0.07257753184918286,0.03924848796808648,0.010809419637112341,7771,142.319027906361,Bobo-Dioulasso,34.12599204907211,303.8333333333333,251.0,392.0,72,975.4861111111112,874.0,1089.0,56.074601364698765,72,27.44324252340529,26.75841522216797,27.93720817565918,0.3318017933482534,16406.01739895122,1,0,1,10.478560707671097,-3.2302298992630942,4337.255998347356,0.0,0,7.094339847564697,8.697297096252441,0,0,84.4740277511915,0.0094058552537657,0,0,0,1,0,0.0
3,burkina_faso,854013,Sud-Ouest,1945,0.0408908995997912,0.021228467026274577,0.006438141639116061,5747,142.319027906361,Bobo-Dioulasso,34.12599204907211,303.8333333333333,251.0,392.0,72,975.4861111111112,874.0,1089.0,56.074601364698765,72,27.44324252340529,26.75841522216797,27.93720817565918,0.3318017933482534,16406.01739895122,1,0,1,10.478560707671097,-3.2302298992630942,4337.255998347356,0.0,0,7.094339847564697,8.697297096252441,0,0,84.4740277511915,0.0094058552537657,0,0,0,1,0,0.0
3,burkina_faso,854013,Sud-Ouest,1935,0.019642333626502494,0.009967751392553504,0.001465845793022574,3411,142.319027906361,Bobo-Dioulasso,34.12599204907211,303.8333333333333,251.0,392.0,72,975.4861111111112,874.0,1089.0,56.074601364698765,72,27.44324252340529,26.75841522216797,27.93720817565918,0.3318017933482534,16406.01739895122,1,0,1,10.478560707671097,-3.2302298992630942,4337.255998347356,0.0,0,7.094339847564697,8.697297096252441,0,0,84.4740277511915,0.0094058552537657,0,0,0,1,0,0.0
3,burkina_faso,854013,Sud-Ouest,1925,0.005537974683544304,0.0031645569620253164,0.0007911392405063291,1264,142.319027906361,Bobo-Dioulasso,34.12599204907211,303.8333333333333,251.0,392.0,72,975.4861111111112,874.0,1089.0,56.074601364698765,72,27.44324252340529,26.75841522216797,27.93720817565918,0.3318017933482534,16406.01739895122,1,0,1,10.478560707671097,-3.2302298992630942,4337.255998347356,0.0,0,7.094339847564697,8.697297096252441,0,0,84.4740277511915,0.0094058552537657,0,0,0,1,0,0.0
3,burkina_faso,854013,Sud-Ouest,1915,0.012605042016806723,0.004201680672268907,0.0,238,142.319027906361,Bobo-Dioulasso,34.12599204907211,303.8333333333333,251.0,392.0,72,975.4861111111112,874.0,1089.0,56.074601364698765,72,27.44324252340529,26.75841522216797,27.93720817565918,0.3318017933482534,16406.01739895122,1,0,1,10.478560707671097,-3.2302298992630942,4337.255998347356,0.0,0,7.094339847564697,8.697297096252441,0,0,84.4740277511915,0.0094058552537657,0,0,0,1,0,0.0
6,ghana,288001,Western,1975,0.6215880893300249,0.5128561649696244,0.07474116539745015,46748,136.39220377892283,Kumasi,65.32389196672399,126.23762376237624,11.0,262.0,101,1574.4356435643565,1198.0,1931.0,165.17475988719872,101,26.385154573043973,25.80702018737793,26.817062377929688,0.2382956197513943,24317.84561050718,0,1,1,5.738178338967616,-2.414040230387932,2782.496963500977,0.0,1,7.149005889892578,8.717839241027832,1,1,66.92887208377905,0.1965962477390959,0,0,3,4,3,0.0001233661915636
6,ghana,288001,Western,1965,0.5978629891833566,0.4916440771639866,0.06324183488170118,37997,136.39220377892283,Kumasi,65.32389196672399,126.23762376237624,11.0,262.0,101,1574.4356435643565,1198.0,1931.0,165.17475988719872,101,26.385154573043973,25.80702018737793,26.817062377929688,0.2382956197513943,24317.84561050718,0,1,1,5.738178338967616,-2.414040230387932,2782.496963500977,0.0,1,7.149005889892578,8.717839241027832,1,1,66.92887208377905,0.1965962477390959,0,0,3,4,3,0.0001233661915636
6,ghana,288001,Western,1955,0.5664093428345209,0.46453549749274214,0.06654130377408288,30312,136.39220377892283,Kumasi,65.32389196672399,126.23762376237624,11.0,262.0,101,1574.4356435643565,1198.0,1931.0,165.17475988719872,101,26.385154573043973,25.80702018737793,26.817062377929688,0.2382956197513943,24317.84561050718,0,1,1,5.738178338967616,-2.414040230387932,2782.496963500977,0.0,1,7.149005889892578,8.717839241027832,1,1,66.92887208377905,0.1965962477390959,0,0,3,4,3,0.0001233661915636
6,ghana,288001,Western,1945,0.4025679307255897,0.3322185727082711,0.06222753060615109,16745,136.39220377892283,Kumasi,65.32389196672399,126.23762376237624,11.0,262.0,101,1574.4356435643565,1198.0,1931.0,165.17475988719872,101,26.385154573043973,25.80702018737793,26.817062377929688,0.2382956197513943,24317.84561050718,0,1,1,5.738178338967616,-2.414040230387932,2782.496963500977,0.0,1,7.149005889892578,8.717839241027832,1,1,66.92887208377905,0.1965962477390959,0,0,3,4,3,0.0001233661915636
6,ghana,288001,Western,1935,0.2605756052992234,0.21105527638190955,0.036089538602101415,10945,136.39220377892283,Kumasi,65.32389196672399,126.23762376237624,11.0,262.0,101,1574.4356435643565,1198.0,1931.0,165.17475988719872,101,26.385154573043973,25.80702018737793,26.817062377929688,0.2382956197513943,24317.84561050718,0,1,1,5.738178338967616,-2.414040230387932,2782.496963500977,0.0,1,7.149005889892578,8.717839241027832,1,1,66.92887208377905,0.1965962477390959,0,0,3,4,3,0.0001233661915636
6,ghana,288001,Western,1925,0.16856492027334852,0.13422113194322763,0.02680918170667601,5707,136.39220377892283,Kumasi,65.32389196672399,126.23762376237624,11.0,262.0,101,1574.4356435643565,1198.0,1931.0,165.17475988719872,101,26.385154573043973,25.80702018737793,26.817062377929688,0.2382956197513943,24317.84561050718,0,1,1,5.738178338967616,-2.414040230387932,2782.496963500977,0.0,1,7.149005889892578,8.717839241027832,1,1,66.92887208377905,0.1965962477390959,0,0,3,4,3,0.0001233661915636
6,ghana,288001,Western,1915,0.1650678134303672,0.13198809130003308,0.04730400264637777,3023,136.39220377892283,Kumasi,65.32389196672399,126.23762376237624,11.0,262.0,101,1574.4356435643565,1198.0,1931.0,165.17475988719872,101,26.385154573043973,25.80702018737793,26.817062377929688,0.2382956197513943,24317.84561050718,0,1,1,5.738178338967616,-2.414040230387932,2782.496963500977,0.0,1,7.149005889892578,8.717839241027832,1,1,66.92887208377905,0.1965962477390959,0,0,3,4,3,0.0001233661915636
6,ghana,288002,Central,1975,0.6101075160603163,0.49799560542779986,0.0658850366493903,59619,47.8335724688599,Cape Coast,48.96475965899496,102.40816326530611,7.0,180.0,49,1387.2448979591836,958.0,1602.0,152.41210656988906,49,26.35990006583077,25.80702018737793,26.988889694213867,0.2881896946918828,9635.227917027818,0,1,0,5.565576023477152,-1.2165840635615055,3083.3259149966034,0.0,1,6.561188220977783,8.860907554626465,1,1,43.51496732369232,0.3868674042827178,0,5,7,10,5,0.0005189290842994
6,ghana,288002,Central,1965,0.5625598223515449,0.454362724453463,0.05093992878747272,52238,47.8335724688599,Cape Coast,48.96475965899496,102.40816326530611,7.0,180.0,49,1387.2448979591836,958.0,1602.0,152.41210656988906,49,26.35990006583077,25.80702018737793,26.988889694213867,0.2881896946918828,9635.227917027818,0,1,0,5.565576023477152,-1.2165840635615055,3083.3259149966034,0.0,1,6.561188220977783,8.860907554626465,1,1,43.51496732369232,0.3868674042827178,0,5,7,10,5,0.0005189290842994
6,ghana,288002,Central,1955,0.5227764275680618,0.42304176235813507,0.05875270351624339,44849,47.8335724688599,Cape Coast,48.96475965899496,102.40816326530611,7.0,180.0,49,1387.2448979591836,958.0,1602.0,152.41210656988906,49,26.35990006583077,25.80702018737793,26.988889694213867,0.2881896946918828,9635.227917027818,0,1,0,5.565576023477152,-1.2165840635615055,3083.3259149966034,0.0,1,6.561188220977783,8.860907554626465,1,1,43.51496732369232,0.3868674042827178,0,5,7,10,5,0.0005189290842994
6,ghana,288002,Central,1945,0.3792437833541501,0.30793686840013623,0.058627606827902044,26421,47.8335724688599,Cape Coast,48.96475965899496,102.40816326530611,7.0,180.0,49,1387.2448979591836,958.0,1602.0,152.41210656988906,49,26.35990006583077,25.80702018737793,26.988889694213867,0.2881896946918828,9635.227917027818,0,1,0,5.565576023477152,-1.2165840635615055,3083.3259149966034,0.0,1,6.561188220977783,8.860907554626465,1,1,43.51496732369232,0.3868674042827178,0,5,7,10,5,0.0005189290842994
6,ghana,288002,Central,1935,0.26237570255079984,0.21227842628620838,0.04339602248162559,18504,47.8335724688599,Cape Coast,48.96475965899496,102.40816326530611,7.0,180.0,49,1387.2448979591836,958.0,1602.0,152.41210656988906,49,26.35990006583077,25.80702018737793,26.988889694213867,0.2881896946918828,9635.227917027818,0,1,0,5.565576023477152,-1.2165840635615055,3083.3259149966034,0.0,1,6.561188220977783,8.860907554626465,1,1,43.51496732369232,0.3868674042827178,0,5,7,10,5,0.0005189290842994
6,ghana,288002,Central,1925,0.15802051179926316,0.12516180424176043,0.025789106840585482,10043,47.8335724688599,Cape Coast,48.96475965899496,102.40816326530611,7.0,180.0,49,1387.2448979591836,958.0,1602.0,152.41210656988906,49,26.35990006583077,25.80702018737793,26.988889694213867,0.2881896946918828,9635.227917027818,0,1,0,5.565576023477152,-1.2165840635615055,3083.3259149966034,0.0,1,6.561188220977783,8.860907554626465,1,1,43.51496732369232,0.3868674042827178,0,5,7,10,5,0.0005189290842994
6,ghana,288002,Central,1915,0.133224689346099,0.10266856793644327,0.030556121409655735,4909,47.8335724688599,Cape Coast,48.96475965899496,102.40816326530611,7.0,180.0,49,1387.2448979591836,958.0,1602.0,152.41210656988906,49,26.35990006583077,25.80702018737793,26.988889694213867,0.2881896946918828,9635.227917027818,0,1,0,5.565576023477152,-1.2165840635615055,3083.3259149966034,0.0,1,6.561188220977783,8.860907554626465,1,1,43.51496732369232,0.3868674042827178,0,5,7,10,5,0.0005189290842994
6,ghana,288003,Greater Accra,1975,0.7553104690093689,0.6585122246293222,0.1406887432124469,71086,32.02097571155555,Accra,55.25394342387599,50.458333333333336,0.0,207.0,24,1032.75,869.0,1307.0,101.3369996595518,24,27.117344617843628,25.900957107543945,27.870309829711918,0.5623635105997906,3689.114288652242,1,1,0,5.802907916731152,0.0465175510247211,3563.9541413063225,0.0,0,21.3123779296875,29.42433357238769,1,1,14.75902326796114,0.6542739748471229,9,16,19,21,10,0.0027106777447259
6,ghana,288003,Greater Accra,1965,0.7344639563787988,0.625992302140967,0.09947077219148424,49884,32.02097571155555,Accra,55.25394342387599,50.458333333333336,0.0,207.0,24,1032.75,869.0,1307.0,101.3369996595518,24,27.117344617843628,25.900957107543945,27.870309829711918,0.5623635105997906,3689.114288652242,1,1,0,5.802907916731152,0.0465175510247211,3563.9541413063225,0.0,0,21.3123779296875,29.42433357238769,1,1,14.75902326796114,0.6542739748471229,9,16,19,21,10,0.0027106777447259
6,ghana,288003,Greater Accra,1955,0.7005581169619024,0.6026146566367386,0.10052171802960447,32968,32.02097571155555,Accra,55.25394342387599,50.458333333333336,0.0,207.0,24,1032.75,869.0,1307.0,101.3369996595518,24,27.117344617843628,25.900957107543945,27.870309829711918,0.5623635105997906,3689.114288652242,1,1,0,5.802907916731152,0.0465175510247211,3563.9541413063225,0.0,0,21.3123779296875,29.42433357238769,1,1,14.75902326796114,0.6542739748471229,9,16,19,21,10,0.0027106777447259
6,ghana,288003,Greater Accra,1945,0.5676189411304299,0.48577178956784256,0.09286073684799016,17887,32.02097571155555,Accra,55.25394342387599,50.458333333333336,0.0,207.0,24,1032.75,869.0,1307.0,101.3369996595518,24,27.117344617843628,25.900957107543945,27.870309829711918,0.5623635105997906,3689.114288652242,1,1,0,5.802907916731152,0.0465175510247211,3563.9541413063225,0.0,0,21.3123779296875,29.42433357238769,1,1,14.75902326796114,0.6542739748471229,9,16,19,21,10,0.0027106777447259
6,ghana,288003,Greater Accra,1935,0.42616992276238075,0.35810995002271695,0.07396637891867333,11005,32.02097571155555,Accra,55.25394342387599,50.458333333333336,0.0,207.0,24,1032.75,869.0,1307.0,101.3369996595518,24,27.117344617843628,25.900957107543945,27.870309829711918,0.5623635105997906,3689.114288652242,1,1,0,5.802907916731152,0.0465175510247211,3563.9541413063225,0.0,0,21.3123779296875,29.42433357238769,1,1,14.75902326796114,0.6542739748471229,9,16,19,21,10,0.0027106777447259
6,ghana,288003,Greater Accra,1925,0.32502543234994913,0.2714479484571041,0.05340793489318413,5898,32.02097571155555,Accra,55.25394342387599,50.458333333333336,0.0,207.0,24,1032.75,869.0,1307.0,101.3369996595518,24,27.117344617843628,25.900957107543945,27.870309829711918,0.5623635105997906,3689.114288652242,1,1,0,5.802907916731152,0.0465175510247211,3563.9541413063225,0.0,0,21.3123779296875,29.42433357238769,1,1,14.75902326796114,0.6542739748471229,9,16,19,21,10,0.0027106777447259
6,ghana,288003,Greater Accra,1915,0.31632339379034735,0.25760836151245003,0.07500768521364894,3253,32.02097571155555,Accra,55.25394342387599,50.458333333333336,0.0,207.0,24,1032.75,869.0,1307.0,101.3369996595518,24,27.117344617843628,25.900957107543945,27.870309829711918,0.5623635105997906,3689.114288652242,1,1,0,5.802907916731152,0.0465175510247211,3563.9541413063225,0.0,0,21.3123779296875,29.42433357238769,1,1,14.75902326796114,0.6542739748471229,9,16,19,21,10,0.0027106777447259
6,ghana,288004,Volta,1975,0.6131141250608775,0.5036231349341047,0.08134712731888015,67759,129.51243710745385,Dzodze,131.9693356813743,145.05102040816325,1.0,630.0,98,1227.8979591836735,908.0,1561.0,156.5096652030076,98,27.12544532698028,24.75762367248535,27.97393798828125,0.764769098965387,20904.171779774875,1,1,1,7.236325412561219,0.4025920233585545,3555.739105709016,0.0,0,6.322702407836914,8.477664947509766,1,1,10.69212119290051,0.3785752911384432,2,7,10,13,8,0.0003826987303912
6,ghana,288004,Volta,1965,0.6033316324011128,0.481243107109348,0.0693980346002535,60751,129.51243710745385,Dzodze,131.9693356813743,145.05102040816325,1.0,630.0,98,1227.8979591836735,908.0,1561.0,156.5096652030076,98,27.12544532698028,24.75762367248535,27.97393798828125,0.764769098965387,20904.171779774875,1,1,1,7.236325412561219,0.4025920233585545,3555.739105709016,0.0,0,6.322702407836914,8.477664947509766,1,1,10.69212119290051,0.3785752911384432,2,7,10,13,8,0.0003826987303912
6,ghana,288004,Volta,1955,0.5744015179040006,0.4659884542408462,0.08314157684389004,49542,129.51243710745385,Dzodze,131.9693356813743,145.05102040816325,1.0,630.0,98,1227.8979591836735,908.0,1561.0,156.5096652030076,98,27.12544532698028,24.75762367248535,27.97393798828125,0.764769098965387,20904.171779774875,1,1,1,7.236325412561219,0.4025920233585545,3555.739105709016,0.0,0,6.322702407836914,8.477664947509766,1,1,10.69212119290051,0.3785752911384432,2,7,10,13,8,0.0003826987303912
6,ghana,288004,Volta,1945,0.45363822615821825,0.3532813429383385,0.07689511598704646,30262,129.51243710745385,Dzodze,131.9693356813743,145.05102040816325,1.0,630.0,98,1227.8979591836735,908.0,1561.0,156.5096652030076,98,27.12544532698028,24.75762367248535,27.97393798828125,0.764769098965387,20904.171779774875,1,1,1,7.236325412561219,0.4025920233585545,3555.739105709016,0.0,0,6.322702407836914,8.477664947509766,1,1,10.69212119290051,0.3785752911384432,2,7,10,13,8,0.0003826987303912
6,ghana,288004,Volta,1935,0.29545659424862525,0.2161723609483458,0.045659424862525916,22186,129.51243710745385,Dzodze,131.9693356813743,145.05102040816325,1.0,630.0,98,1227.8979591836735,908.0,1561.0,156.5096652030076,98,27.12544532698028,24.75762367248535,27.97393798828125,0.764769098965387,20904.171779774875,1,1,1,7.236325412561219,0.4025920233585545,3555.739105709016,0.0,0,6.322702407836914,8.477664947509766,1,1,10.69212119290051,0.3785752911384432,2,7,10,13,8,0.0003826987303912
6,ghana,288004,Volta,1925,0.1756290499032231,0.12084490448539931,0.029453841622485905,11883,129.51243710745385,Dzodze,131.9693356813743,145.05102040816325,1.0,630.0,98,1227.8979591836735,908.0,1561.0,156.5096652030076,98,27.12544532698028,24.75762367248535,27.97393798828125,0.764769098965387,20904.171779774875,1,1,1,7.236325412561219,0.4025920233585545,3555.739105709016,0.0,0,6.322702407836914,8.477664947509766,1,1,10.69212119290051,0.3785752911384432,2,7,10,13,8,0.0003826987303912
6,ghana,288004,Volta,1915,0.12112676056338029,0.08028169014084507,0.024295774647887323,5680,129.51243710745385,Dzodze,131.9693356813743,145.05102040816325,1.0,630.0,98,1227.8979591836735,908.0,1561.0,156.5096652030076,98,27.12544532698028,24.75762367248535,27.97393798828125,0.764769098965387,20904.171779774875,1,1,1,7.236325412561219,0.4025920233585545,3555.739105709016,0.0,0,6.322702407836914,8.477664947509766,1,1,10.69212119290051,0.3785752911384432,2,7,10,13,8,0.0003826987303912
6,ghana,288005,Eastern,1975,0.6969759027919995,0.5636289166496007,0.07244180490135846,73245,88.50650291243073,Accra,93.11941973273323,172.65384615384616,38.0,480.0,78,1353.948717948718,974.0,1596.0,135.54674635370003,78,26.321950814662834,23.71581268310547,27.50639915466309,0.8783407825964615,18965.27353149446,1,0,0,6.414406061171103,-0.4488584892941825,3213.8506410660284,0.0,1,6.93894624710083,9.290949821472168,1,1,19.68193102397917,0.4589181986512539,1,4,11,23,10,0.0005272795028974
6,ghana,288005,Eastern,1965,0.695592611142209,0.5612792033703562,0.05811212915770556,67886,88.50650291243073,Accra,93.11941973273323,172.65384615384616,38.0,480.0,78,1353.948717948718,974.0,1596.0,135.54674635370003,78,26.321950814662834,23.71581268310547,27.50639915466309,0.8783407825964615,18965.27353149446,1,0,0,6.414406061171103,-0.4488584892941825,3213.8506410660284,0.0,1,6.93894624710083,9.290949821472168,1,1,19.68193102397917,0.4589181986512539,1,4,11,23,10,0.0005272795028974
6,ghana,288005,Eastern,1955,0.6684202107807419,0.5386105532550163,0.07073417811505855,56267,88.50650291243073,Accra,93.11941973273323,172.65384615384616,38.0,480.0,78,1353.948717948718,974.0,1596.0,135.54674635370003,78,26.321950814662834,23.71581268310547,27.50639915466309,0.8783407825964615,18965.27353149446,1,0,0,6.414406061171103,-0.4488584892941825,3213.8506410660284,0.0,1,6.93894624710083,9.290949821472168,1,1,19.68193102397917,0.4589181986512539,1,4,11,23,10,0.0005272795028974
6,ghana,288005,Eastern,1945,0.5150395144084858,0.40644250127708165,0.073710147540491,33279,88.50650291243073,Accra,93.11941973273323,172.65384615384616,38.0,480.0,78,1353.948717948718,974.0,1596.0,135.54674635370003,78,26.321950814662834,23.71581268310547,27.50639915466309,0.8783407825964615,18965.27353149446,1,0,0,6.414406061171103,-0.4488584892941825,3213.8506410660284,0.0,1,6.93894624710083,9.290949821472168,1,1,19.68193102397917,0.4589181986512539,1,4,11,23,10,0.0005272795028974
6,ghana,288005,Eastern,1935,0.360339604931951,0.2768462818379624,0.04855155936686719,23439,88.50650291243073,Accra,93.11941973273323,172.65384615384616,38.0,480.0,78,1353.948717948718,974.0,1596.0,135.54674635370003,78,26.321950814662834,23.71581268310547,27.50639915466309,0.8783407825964615,18965.27353149446,1,0,0,6.414406061171103,-0.4488584892941825,3213.8506410660284,0.0,1,6.93894624710083,9.290949821472168,1,1,19.68193102397917,0.4589181986512539,1,4,11,23,10,0.0005272795028974
6,ghana,288005,Eastern,1925,0.2212448132780083,0.16,0.02946058091286307,12050,88.50650291243073,Accra,93.11941973273323,172.65384615384616,38.0,480.0,78,1353.948717948718,974.0,1596.0,135.54674635370003,78,26.321950814662834,23.71581268310547,27.50639915466309,0.8783407825964615,18965.27353149446,1,0,0,6.414406061171103,-0.4488584892941825,3213.8506410660284,0.0,1,6.93894624710083,9.290949821472168,1,1,19.68193102397917,0.4589181986512539,1,4,11,23,10,0.0005272795028974
6,ghana,288005,Eastern,1915,0.176056338028169,0.11765716248711783,0.03383716935760907,5822,88.50650291243073,Accra,93.11941973273323,172.65384615384616,38.0,480.0,78,1353.948717948718,974.0,1596.0,135.54674635370003,78,26.321950814662834,23.71581268310547,27.50639915466309,0.8783407825964615,18965.27353149446,1,0,0,6.414406061171103,-0.4488584892941825,3213.8506410660284,0.0,1,6.93894624710083,9.290949821472168,1,1,19.68193102397917,0.4589181986512539,1,4,11,23,10,0.0005272795028974
6,ghana,288006,Ashanti,1975,0.7085596973445932,0.5875423592060675,0.07183583454359636,111546,22.568805973815724,Kumasi,70.94889401625777,210.65384615384616,102.0,394.0,104,1315.6153846153843,1183.0,1518.0,81.78987003435502,104,26.07093347035921,23.830101013183597,27.290082931518555,0.6664408154495721,24379.5073904453,0,0,0,6.796133239495604,-1.4573384398728892,2960.9068496436403,0.0,1,9.549213409423828,10.822904586791992,1,1,9.112915484038709,0.2391755152213145,3,6,6,9,6,0.0002461083361492
6,ghana,288006,Ashanti,1965,0.6988697583393804,0.5770279481935924,0.057468610506409834,90954,22.568805973815724,Kumasi,70.94889401625777,210.65384615384616,102.0,394.0,104,1315.6153846153843,1183.0,1518.0,81.78987003435502,104,26.07093347035921,23.830101013183597,27.290082931518555,0.6664408154495721,24379.5073904453,0,0,0,6.796133239495604,-1.4573384398728892,2960.9068496436403,0.0,1,9.549213409423828,10.822904586791992,1,1,9.112915484038709,0.2391755152213145,3,6,6,9,6,0.0002461083361492
6,ghana,288006,Ashanti,1955,0.6665512065581342,0.5561136127467959,0.07732940768964323,69288,22.568805973815724,Kumasi,70.94889401625777,210.65384615384616,102.0,394.0,104,1315.6153846153843,1183.0,1518.0,81.78987003435502,104,26.07093347035921,23.830101013183597,27.290082931518555,0.6664408154495721,24379.5073904453,0,0,0,6.796133239495604,-1.4573384398728892,2960.9068496436403,0.0,1,9.549213409423828,10.822904586791992,1,1,9.112915484038709,0.2391755152213145,3,6,6,9,6,0.0002461083361492
6,ghana,288006,Ashanti,1945,0.46446285423201694,0.38306657014933376,0.07461326040912625,37299,22.568805973815724,Kumasi,70.94889401625777,210.65384615384616,102.0,394.0,104,1315.6153846153843,1183.0,1518.0,81.78987003435502,104,26.07093347035921,23.830101013183597,27.290082931518555,0.6664408154495721,24379.5073904453,0,0,0,6.796133239495604,-1.4573384398728892,2960.9068496436403,0.0,1,9.549213409423828,10.822904586791992,1,1,9.112915484038709,0.2391755152213145,3,6,6,9,6,0.0002461083361492
6,ghana,288006,Ashanti,1935,0.31688321702587036,0.2521494390253306,0.045109303311871074,25937,22.568805973815724,Kumasi,70.94889401625777,210.65384615384616,102.0,394.0,104,1315.6153846153843,1183.0,1518.0,81.78987003435502,104,26.07093347035921,23.830101013183597,27.290082931518555,0.6664408154495721,24379.5073904453,0,0,0,6.796133239495604,-1.4573384398728892,2960.9068496436403,0.0,1,9.549213409423828,10.822904586791992,1,1,9.112915484038709,0.2391755152213145,3,6,6,9,6,0.0002461083361492
6,ghana,288006,Ashanti,1925,0.17360759035271964,0.13536611863547476,0.027739552400956036,13807,22.568805973815724,Kumasi,70.94889401625777,210.65384615384616,102.0,394.0,104,1315.6153846153843,1183.0,1518.0,81.78987003435502,104,26.07093347035921,23.830101013183597,27.290082931518555,0.6664408154495721,24379.5073904453,0,0,0,6.796133239495604,-1.4573384398728892,2960.9068496436403,0.0,1,9.549213409423828,10.822904586791992,1,1,9.112915484038709,0.2391755152213145,3,6,6,9,6,0.0002461083361492
6,ghana,288006,Ashanti,1915,0.13394426311825258,0.10205874968616621,0.044940999246798896,7966,22.568805973815724,Kumasi,70.94889401625777,210.65384615384616,102.0,394.0,104,1315.6153846153843,1183.0,1518.0,81.78987003435502,104,26.07093347035921,23.830101013183597,27.290082931518555,0.6664408154495721,24379.5073904453,0,0,0,6.796133239495604,-1.4573384398728892,2960.9068496436403,0.0,1,9.549213409423828,10.822904586791992,1,1,9.112915484038709,0.2391755152213145,3,6,6,9,6,0.0002461083361492
6,ghana,288007,Brong Ahafo,1975,0.6048866741681401,0.5007635428387719,0.0672118630445266,49768,113.03182076175084,Kumasi,81.05819089653238,195.0705882352941,80.0,444.0,170,1187.1352941176472,1015.0,1476.0,91.46757343244312,170,26.84241727941177,24.97087287902832,28.084875106811523,0.7604159957803117,39912.726954893646,1,0,1,7.698620793655691,-1.665068573104692,3437.2133076130845,0.0,1,7.092945098876953,8.591090202331543,0,0,96.25272437928425,0.0,0,0,0,1,0,0.0
6,ghana,288007,Brong Ahafo,1965,0.5614842767295597,0.44581132075471697,0.05026415094339623,39750,113.03182076175084,Kumasi,81.05819089653238,195.0705882352941,80.0,444.0,170,1187.1352941176472,1015.0,1476.0,91.46757343244312,170,26.84241727941177,24.97087287902832,28.084875106811523,0.7604159957803117,39912.726954893646,1,0,1,7.698620793655691,-1.665068573104692,3437.2133076130845,0.0,1,7.092945098876953,8.591090202331543,0,0,96.25272437928425,0.0,0,0,0,1,0,0.0
6,ghana,288007,Brong Ahafo,1955,0.5290945124922837,0.42054647649371324,0.06458949283602457,30779,113.03182076175084,Kumasi,81.05819089653238,195.0705882352941,80.0,444.0,170,1187.1352941176472,1015.0,1476.0,91.46757343244312,170,26.84241727941177,24.97087287902832,28.084875106811523,0.7604159957803117,39912.726954893646,1,0,1,7.698620793655691,-1.665068573104692,3437.2133076130845,0.0,1,7.092945098876953,8.591090202331543,0,0,96.25272437928425,0.0,0,0,0,1,0,0.0
6,ghana,288007,Brong Ahafo,1945,0.318391440693599,0.2540121748754842,0.05128205128205128,16263,113.03182076175084,Kumasi,81.05819089653238,195.0705882352941,80.0,444.0,170,1187.1352941176472,1015.0,1476.0,91.46757343244312,170,26.84241727941177,24.97087287902832,28.084875106811523,0.7604159957803117,39912.726954893646,1,0,1,7.698620793655691,-1.665068573104692,3437.2133076130845,0.0,1,7.092945098876953,8.591090202331543,0,0,96.25272437928425,0.0,0,0,0,1,0,0.0
6,ghana,288007,Brong Ahafo,1935,0.1932251485324111,0.14977387603085926,0.026336791699920193,11277,113.03182076175084,Kumasi,81.05819089653238,195.0705882352941,80.0,444.0,170,1187.1352941176472,1015.0,1476.0,91.46757343244312,170,26.84241727941177,24.97087287902832,28.084875106811523,0.7604159957803117,39912.726954893646,1,0,1,7.698620793655691,-1.665068573104692,3437.2133076130845,0.0,1,7.092945098876953,8.591090202331543,0,0,96.25272437928425,0.0,0,0,0,1,0,0.0
6,ghana,288007,Brong Ahafo,1925,0.10157932519741565,0.08022254127781767,0.021715721464465182,5572,113.03182076175084,Kumasi,81.05819089653238,195.0705882352941,80.0,444.0,170,1187.1352941176472,1015.0,1476.0,91.46757343244312,170,26.84241727941177,24.97087287902832,28.084875106811523,0.7604159957803117,39912.726954893646,1,0,1,7.698620793655691,-1.665068573104692,3437.2133076130845,0.0,1,7.092945098876953,8.591090202331543,0,0,96.25272437928425,0.0,0,0,0,1,0,0.0
6,ghana,288007,Brong Ahafo,1915,0.10053475935828877,0.07308377896613191,0.03600713012477719,2805,113.03182076175084,Kumasi,81.05819089653238,195.0705882352941,80.0,444.0,170,1187.1352941176472,1015.0,1476.0,91.46757343244312,170,26.84241727941177,24.97087287902832,28.084875106811523,0.7604159957803117,39912.726954893646,1,0,1,7.698620793655691,-1.665068573104692,3437.2133076130845,0.0,1,7.092945098876953,8.591090202331543,0,0,96.25272437928425,0.0,0,0,0,1,0,0.0
6,ghana,288008,Northern,1975,0.20763217805231401,0.18005826819289,0.05557766704344642,62813,305.6459323273469,Kumasi,58.580664033522176,172.11328125,84.0,371.0,256,1091.66796875,971.0,1280.0,77.5180618404448,256,27.78969122469425,26.816415786743164,28.488021850585938,0.3499596545742707,69787.17312874693,1,0,1,9.35242037579644,-0.9657935658923668,4152.902799047233,0.0,1,9.14981746673584,10.15149211883545,0,1,124.75125854016764,0.030071187158467,0,0,0,0,1,1.4329280799999588e-05
6,ghana,288008,Northern,1965,0.14617426379919327,0.12255731811816833,0.034840219867494304,47847,305.6459323273469,Kumasi,58.580664033522176,172.11328125,84.0,371.0,256,1091.66796875,971.0,1280.0,77.5180618404448,256,27.78969122469425,26.816415786743164,28.488021850585938,0.3499596545742707,69787.17312874693,1,0,1,9.35242037579644,-0.9657935658923668,4152.902799047233,0.0,1,9.14981746673584,10.15149211883545,0,1,124.75125854016764,0.030071187158467,0,0,0,0,1,1.4329280799999588e-05
6,ghana,288008,Northern,1955,0.11835820895522388,0.09900497512437811,0.030970149253731344,40200,305.6459323273469,Kumasi,58.580664033522176,172.11328125,84.0,371.0,256,1091.66796875,971.0,1280.0,77.5180618404448,256,27.78969122469425,26.816415786743164,28.488021850585938,0.3499596545742707,69787.17312874693,1,0,1,9.35242037579644,-0.9657935658923668,4152.902799047233,0.0,1,9.14981746673584,10.15149211883545,0,1,124.75125854016764,0.030071187158467,0,0,0,0,1,1.4329280799999588e-05
6,ghana,288008,Northern,1945,0.06480053769817735,0.053888427628197524,0.018186850116633062,25293,305.6459323273469,Kumasi,58.580664033522176,172.11328125,84.0,371.0,256,1091.66796875,971.0,1280.0,77.5180618404448,256,27.78969122469425,26.816415786743164,28.488021850585938,0.3499596545742707,69787.17312874693,1,0,1,9.35242037579644,-0.9657935658923668,4152.902799047233,0.0,1,9.14981746673584,10.15149211883545,0,1,124.75125854016764,0.030071187158467,0,0,0,0,1,1.4329280799999588e-05
6,ghana,288008,Northern,1935,0.03754245511887433,0.030143134400776324,0.009218825812712276,16488,305.6459323273469,Kumasi,58.580664033522176,172.11328125,84.0,371.0,256,1091.66796875,971.0,1280.0,77.5180618404448,256,27.78969122469425,26.816415786743164,28.488021850585938,0.3499596545742707,69787.17312874693,1,0,1,9.35242037579644,-0.9657935658923668,4152.902799047233,0.0,1,9.14981746673584,10.15149211883545,0,1,124.75125854016764,0.030071187158467,0,0,0,0,1,1.4329280799999588e-05
6,ghana,288008,Northern,1925,0.029173038466062815,0.023761910363486648,0.008587225032349136,8501,305.6459323273469,Kumasi,58.580664033522176,172.11328125,84.0,371.0,256,1091.66796875,971.0,1280.0,77.5180618404448,256,27.78969122469425,26.816415786743164,28.488021850585938,0.3499596545742707,69787.17312874693,1,0,1,9.35242037579644,-0.9657935658923668,4152.902799047233,0.0,1,9.14981746673584,10.15149211883545,0,1,124.75125854016764,0.030071187158467,0,0,0,0,1,1.4329280799999588e-05
6,ghana,288008,Northern,1915,0.03853611245758604,0.03223460979156568,0.019146873485215706,4126,305.6459323273469,Kumasi,58.580664033522176,172.11328125,84.0,371.0,256,1091.66796875,971.0,1280.0,77.5180618404448,256,27.78969122469425,26.816415786743164,28.488021850585938,0.3499596545742707,69787.17312874693,1,0,1,9.35242037579644,-0.9657935658923668,4152.902799047233,0.0,1,9.14981746673584,10.15149211883545,0,1,124.75125854016764,0.030071187158467,0,0,0,0,1,1.4329280799999588e-05
6,ghana,288009,Upper East,1975,0.20614100020726617,0.16948449945222516,0.045509726704764164,33773,190.19560029425884,Ouagadougou,45.54509163346613,215.9090909090909,136.0,327.0,44,966.2272727272727,863.0,1030.0,35.50535403695133,44,28.181722597642377,27.23491859436035,28.53587532043457,0.2909227806764046,8692.984526632581,1,0,1,10.779314975724574,-0.8081979019942178,4367.370610400884,0.0,0,8.288793563842773,8.766467094421387,0,1,15.37065637023011,0.3225397041898264,1,2,2,2,2,0.0002300705809233
6,ghana,288009,Upper East,1965,0.14699984575042419,0.1171139904365263,0.03054141601110597,25932,190.19560029425884,Ouagadougou,45.54509163346613,215.9090909090909,136.0,327.0,44,966.2272727272727,863.0,1030.0,35.50535403695133,44,28.181722597642377,27.23491859436035,28.53587532043457,0.2909227806764046,8692.984526632581,1,0,1,10.779314975724574,-0.8081979019942178,4367.370610400884,0.0,0,8.288793563842773,8.766467094421387,0,1,15.37065637023011,0.3225397041898264,1,2,2,2,2,0.0002300705809233
6,ghana,288009,Upper East,1955,0.14068320159898245,0.11447260834014718,0.036204233669483055,22014,190.19560029425884,Ouagadougou,45.54509163346613,215.9090909090909,136.0,327.0,44,966.2272727272727,863.0,1030.0,35.50535403695133,44,28.181722597642377,27.23491859436035,28.53587532043457,0.2909227806764046,8692.984526632581,1,0,1,10.779314975724574,-0.8081979019942178,4367.370610400884,0.0,0,8.288793563842773,8.766467094421387,0,1,15.37065637023011,0.3225397041898264,1,2,2,2,2,0.0002300705809233
6,ghana,288009,Upper East,1945,0.07624338978512618,0.06078050739674677,0.01914452105227927,14939,190.19560029425884,Ouagadougou,45.54509163346613,215.9090909090909,136.0,327.0,44,966.2272727272727,863.0,1030.0,35.50535403695133,44,28.181722597642377,27.23491859436035,28.53587532043457,0.2909227806764046,8692.984526632581,1,0,1,10.779314975724574,-0.8081979019942178,4367.370610400884,0.0,0,8.288793563842773,8.766467094421387,0,1,15.37065637023011,0.3225397041898264,1,2,2,2,2,0.0002300705809233
6,ghana,288009,Upper East,1935,0.03595696489241223,0.02850132125330313,0.010003775009437523,10596,190.19560029425884,Ouagadougou,45.54509163346613,215.9090909090909,136.0,327.0,44,966.2272727272727,863.0,1030.0,35.50535403695133,44,28.181722597642377,27.23491859436035,28.53587532043457,0.2909227806764046,8692.984526632581,1,0,1,10.779314975724574,-0.8081979019942178,4367.370610400884,0.0,0,8.288793563842773,8.766467094421387,0,1,15.37065637023011,0.3225397041898264,1,2,2,2,2,0.0002300705809233
6,ghana,288009,Upper East,1925,0.03043741181213465,0.024591816166095546,0.010683329973795605,4961,190.19560029425884,Ouagadougou,45.54509163346613,215.9090909090909,136.0,327.0,44,966.2272727272727,863.0,1030.0,35.50535403695133,44,28.181722597642377,27.23491859436035,28.53587532043457,0.2909227806764046,8692.984526632581,1,0,1,10.779314975724574,-0.8081979019942178,4367.370610400884,0.0,0,8.288793563842773,8.766467094421387,0,1,15.37065637023011,0.3225397041898264,1,2,2,2,2,0.0002300705809233
6,ghana,288009,Upper East,1915,0.0444247001332741,0.03864948911594847,0.02310084406930253,2251,190.19560029425884,Ouagadougou,45.54509163346613,215.9090909090909,136.0,327.0,44,966.2272727272727,863.0,1030.0,35.50535403695133,44,28.181722597642377,27.23491859436035,28.53587532043457,0.2909227806764046,8692.984526632581,1,0,1,10.779314975724574,-0.8081979019942178,4367.370610400884,0.0,0,8.288793563842773,8.766467094421387,0,1,15.37065637023011,0.3225397041898264,1,2,2,2,2,0.0002300705809233
6,ghana,288010,Upper West,1975,0.2176458546571136,0.18968270214943705,0.05195496417604913,24425,227.92729810762677,Ouagadougou,36.55676619840161,274.1566265060241,160.0,336.0,83,963.4939759036145,895.0,1028.0,35.62061589814632,83,27.67767667195883,27.125185012817383,28.51243782043457,0.2463909966626583,18808.734802209256,1,0,1,10.415193249130184,-2.2112206433144546,4394.447915193722,0.0,0,9.491803169250488,10.349397659301758,0,1,46.22649889853767,0.1042251287609705,0,1,1,1,1,5.316678716117251e-05
6,ghana,288010,Upper West,1965,0.15112744430833447,0.12372396896692528,0.03525248400707772,22041,227.92729810762677,Ouagadougou,36.55676619840161,274.1566265060241,160.0,336.0,83,963.4939759036145,895.0,1028.0,35.62061589814632,83,27.67767667195883,27.125185012817383,28.51243782043457,0.2463909966626583,18808.734802209256,1,0,1,10.415193249130184,-2.2112206433144546,4394.447915193722,0.0,0,9.491803169250488,10.349397659301758,0,1,46.22649889853767,0.1042251287609705,0,1,1,1,1,5.316678716117251e-05
6,ghana,288010,Upper West,1955,0.14825358094979893,0.12019339388188514,0.037820252135014235,22131,227.92729810762677,Ouagadougou,36.55676619840161,274.1566265060241,160.0,336.0,83,963.4939759036145,895.0,1028.0,35.62061589814632,83,27.67767667195883,27.125185012817383,28.51243782043457,0.2463909966626583,18808.734802209256,1,0,1,10.415193249130184,-2.2112206433144546,4394.447915193722,0.0,0,9.491803169250488,10.349397659301758,0,1,46.22649889853767,0.1042251287609705,0,1,1,1,1,5.316678716117251e-05
6,ghana,288010,Upper West,1945,0.07467338682936535,0.06127727302871543,0.02334372305855826,15079,227.92729810762677,Ouagadougou,36.55676619840161,274.1566265060241,160.0,336.0,83,963.4939759036145,895.0,1028.0,35.62061589814632,83,27.67767667195883,27.125185012817383,28.51243782043457,0.2463909966626583,18808.734802209256,1,0,1,10.415193249130184,-2.2112206433144546,4394.447915193722,0.0,0,9.491803169250488,10.349397659301758,0,1,46.22649889853767,0.1042251287609705,0,1,1,1,1,5.316678716117251e-05
6,ghana,288010,Upper West,1935,0.03484258931729749,0.02776795189246551,0.009904492394764769,11308,227.92729810762677,Ouagadougou,36.55676619840161,274.1566265060241,160.0,336.0,83,963.4939759036145,895.0,1028.0,35.62061589814632,83,27.67767667195883,27.125185012817383,28.51243782043457,0.2463909966626583,18808.734802209256,1,0,1,10.415193249130184,-2.2112206433144546,4394.447915193722,0.0,0,9.491803169250488,10.349397659301758,0,1,46.22649889853767,0.1042251287609705,0,1,1,1,1,5.316678716117251e-05
6,ghana,288010,Upper West,1925,0.024937208467886617,0.020093290276282743,0.008790814495873699,5574,227.92729810762677,Ouagadougou,36.55676619840161,274.1566265060241,160.0,336.0,83,963.4939759036145,895.0,1028.0,35.62061589814632,83,27.67767667195883,27.125185012817383,28.51243782043457,0.2463909966626583,18808.734802209256,1,0,1,10.415193249130184,-2.2112206433144546,4394.447915193722,0.0,0,9.491803169250488,10.349397659301758,0,1,46.22649889853767,0.1042251287609705,0,1,1,1,1,5.316678716117251e-05
6,ghana,288010,Upper West,1915,0.03782668500687758,0.03370013755158184,0.015130674002751032,2908,227.92729810762677,Ouagadougou,36.55676619840161,274.1566265060241,160.0,336.0,83,963.4939759036145,895.0,1028.0,35.62061589814632,83,27.67767667195883,27.125185012817383,28.51243782043457,0.2463909966626583,18808.734802209256,1,0,1,10.415193249130184,-2.2112206433144546,4394.447915193722,0.0,0,9.491803169250488,10.349397659301758,0,1,46.22649889853767,0.1042251287609705,0,1,1,1,1,5.316678716117251e-05
7,guinea,324053,Forecariah,1975,0.15284879474068663,0.09368151935719503,0.028305332359386412,5476,59.72613424613052,Conakry,157.9907035239732,95.76,2.0,724.0,25,3079.84,2456.0,3591.0,356.2569499672953,25,27.75326530456543,24.640249252319336,28.60462760925293,0.772464068239016,4172.372937712629,0,1,1,9.422857237018077,-13.052237967013967,3303.1801658163267,0.0,0,5.53125,8.5,0,0,42.783275989807954,0.13978844419333,0,1,3,5,0,0.0
7,guinea,324053,Forecariah,1965,0.1451464358076994,0.09541351998526432,0.029102965555350892,5429,59.72613424613052,Conakry,157.9907035239732,95.76,2.0,724.0,25,3079.84,2456.0,3591.0,356.2569499672953,25,27.75326530456543,24.640249252319336,28.60462760925293,0.772464068239016,4172.372937712629,0,1,1,9.422857237018077,-13.052237967013967,3303.1801658163267,0.0,0,5.53125,8.5,0,0,42.783275989807954,0.13978844419333,0,1,3,5,0,0.0
7,guinea,324053,Forecariah,1955,0.15204003079291764,0.1122016936104696,0.05523479599692071,5196,59.72613424613052,Conakry,157.9907035239732,95.76,2.0,724.0,25,3079.84,2456.0,3591.0,356.2569499672953,25,27.75326530456543,24.640249252319336,28.60462760925293,0.772464068239016,4172.372937712629,0,1,1,9.422857237018077,-13.052237967013967,3303.1801658163267,0.0,0,5.53125,8.5,0,0,42.783275989807954,0.13978844419333,0,1,3,5,0,0.0
7,guinea,324053,Forecariah,1945,0.07149294082306999,0.04836287173325323,0.018624211474917392,3329,59.72613424613052,Conakry,157.9907035239732,95.76,2.0,724.0,25,3079.84,2456.0,3591.0,356.2569499672953,25,27.75326530456543,24.640249252319336,28.60462760925293,0.772464068239016,4172.372937712629,0,1,1,9.422857237018077,-13.052237967013967,3303.1801658163267,0.0,0,5.53125,8.5,0,0,42.783275989807954,0.13978844419333,0,1,3,5,0,0.0
7,guinea,324053,Forecariah,1935,0.0329004329004329,0.021645021645021644,0.00909090909090909,2310,59.72613424613052,Conakry,157.9907035239732,95.76,2.0,724.0,25,3079.84,2456.0,3591.0,356.2569499672953,25,27.75326530456543,24.640249252319336,28.60462760925293,0.772464068239016,4172.372937712629,0,1,1,9.422857237018077,-13.052237967013967,3303.1801658163267,0.0,0,5.53125,8.5,0,0,42.783275989807954,0.13978844419333,0,1,3,5,0,0.0
7,guinea,324053,Forecariah,1925,0.016908212560386472,0.00644122383252818,0.001610305958132045,1242,59.72613424613052,Conakry,157.9907035239732,95.76,2.0,724.0,25,3079.84,2456.0,3591.0,356.2569499672953,25,27.75326530456543,24.640249252319336,28.60462760925293,0.772464068239016,4172.372937712629,0,1,1,9.422857237018077,-13.052237967013967,3303.1801658163267,0.0,0,5.53125,8.5,0,0,42.783275989807954,0.13978844419333,0,1,3,5,0,0.0
7,guinea,324053,Forecariah,1915,0.005042016806722689,0.0,0.0,595,59.72613424613052,Conakry,157.9907035239732,95.76,2.0,724.0,25,3079.84,2456.0,3591.0,356.2569499672953,25,27.75326530456543,24.640249252319336,28.60462760925293,0.772464068239016,4172.372937712629,0,1,1,9.422857237018077,-13.052237967013967,3303.1801658163267,0.0,0,5.53125,8.5,0,0,42.783275989807954,0.13978844419333,0,1,3,5,0,0.0
7,guinea,324054,Kindia,1975,0.1801081589466259,0.11039266400188102,0.03421114507406536,8506,94.93589446639766,Conakry,152.93239506500072,319.6666666666667,78.0,724.0,42,2356.095238095238,1902.0,3077.0,304.15948272198455,42,26.78646360124861,24.640249252319336,28.059206008911133,0.9200587804780106,8807.314403363755,0,0,1,10.096816837088042,-12.74803218035984,3563.058074352788,0.0,0,7.190140724182129,7.96999979019165,1,1,28.34226430326608,0.2119996113083314,0,1,2,2,1,0.0001135419895556
7,guinea,324054,Kindia,1965,0.18044679871027178,0.12402118839244587,0.04548595117457393,8684,94.93589446639766,Conakry,152.93239506500072,319.6666666666667,78.0,724.0,42,2356.095238095238,1902.0,3077.0,304.15948272198455,42,26.78646360124861,24.640249252319336,28.059206008911133,0.9200587804780106,8807.314403363755,0,0,1,10.096816837088042,-12.74803218035984,3563.058074352788,0.0,0,7.190140724182129,7.96999979019165,1,1,28.34226430326608,0.2119996113083314,0,1,2,2,1,0.0001135419895556
7,guinea,324054,Kindia,1955,0.17447006755182856,0.13463778243652458,0.07395760540414628,8586,94.93589446639766,Conakry,152.93239506500072,319.6666666666667,78.0,724.0,42,2356.095238095238,1902.0,3077.0,304.15948272198455,42,26.78646360124861,24.640249252319336,28.059206008911133,0.9200587804780106,8807.314403363755,0,0,1,10.096816837088042,-12.74803218035984,3563.058074352788,0.0,0,7.190140724182129,7.96999979019165,1,1,28.34226430326608,0.2119996113083314,0,1,2,2,1,0.0001135419895556
7,guinea,324054,Kindia,1945,0.07975022301516503,0.056735057983942905,0.028902765388046387,5605,94.93589446639766,Conakry,152.93239506500072,319.6666666666667,78.0,724.0,42,2356.095238095238,1902.0,3077.0,304.15948272198455,42,26.78646360124861,24.640249252319336,28.059206008911133,0.9200587804780106,8807.314403363755,0,0,1,10.096816837088042,-12.74803218035984,3563.058074352788,0.0,0,7.190140724182129,7.96999979019165,1,1,28.34226430326608,0.2119996113083314,0,1,2,2,1,0.0001135419895556
7,guinea,324054,Kindia,1935,0.030088958660387233,0.014913657770800628,0.005494505494505495,3822,94.93589446639766,Conakry,152.93239506500072,319.6666666666667,78.0,724.0,42,2356.095238095238,1902.0,3077.0,304.15948272198455,42,26.78646360124861,24.640249252319336,28.059206008911133,0.9200587804780106,8807.314403363755,0,0,1,10.096816837088042,-12.74803218035984,3563.058074352788,0.0,0,7.190140724182129,7.96999979019165,1,1,28.34226430326608,0.2119996113083314,0,1,2,2,1,0.0001135419895556
7,guinea,324054,Kindia,1925,0.01926252063841497,0.00550357732526142,0.002201430930104568,1817,94.93589446639766,Conakry,152.93239506500072,319.6666666666667,78.0,724.0,42,2356.095238095238,1902.0,3077.0,304.15948272198455,42,26.78646360124861,24.640249252319336,28.059206008911133,0.9200587804780106,8807.314403363755,0,0,1,10.096816837088042,-12.74803218035984,3563.058074352788,0.0,0,7.190140724182129,7.96999979019165,1,1,28.34226430326608,0.2119996113083314,0,1,2,2,1,0.0001135419895556
7,guinea,324054,Kindia,1915,0.00831353919239905,0.0011876484560570072,0.0,842,94.93589446639766,Conakry,152.93239506500072,319.6666666666667,78.0,724.0,42,2356.095238095238,1902.0,3077.0,304.15948272198455,42,26.78646360124861,24.640249252319336,28.059206008911133,0.9200587804780106,8807.314403363755,0,0,1,10.096816837088042,-12.74803218035984,3563.058074352788,0.0,0,7.190140724182129,7.96999979019165,1,1,28.34226430326608,0.2119996113083314,0,1,2,2,1,0.0001135419895556
7,guinea,324011,Boffa,1975,0.15818830879071843,0.0856760374832664,0.028112449799196786,4482,95.4585744652576,Conakry,75.37611421232856,86.0625,2.0,265.0,32,3101.09375,2624.0,3527.0,244.6027850637386,32,28.655368745327,27.132667541503903,29.65971946716309,0.6992444717326415,5227.833572277445,0,1,0,10.377597091271996,-14.056182361289594,3565.524410124748,0.0,0,,,0,1,3.0523601926312094,0.5910215369648458,2,4,5,5,4,0.0007651352983406
7,guinea,324011,Boffa,1965,0.15880947208342386,0.09906582663480339,0.02737345209645883,4603,95.4585744652576,Conakry,75.37611421232856,86.0625,2.0,265.0,32,3101.09375,2624.0,3527.0,244.6027850637386,32,28.655368745327,27.132667541503903,29.65971946716309,0.6992444717326415,5227.833572277445,0,1,0,10.377597091271996,-14.056182361289594,3565.524410124748,0.0,0,,,0,1,3.0523601926312094,0.5910215369648458,2,4,5,5,4,0.0007651352983406
7,guinea,324011,Boffa,1955,0.15160796324655437,0.10894771384817327,0.05469262743382192,4571,95.4585744652576,Conakry,75.37611421232856,86.0625,2.0,265.0,32,3101.09375,2624.0,3527.0,244.6027850637386,32,28.655368745327,27.132667541503903,29.65971946716309,0.6992444717326415,5227.833572277445,0,1,0,10.377597091271996,-14.056182361289594,3565.524410124748,0.0,0,,,0,1,3.0523601926312094,0.5910215369648458,2,4,5,5,4,0.0007651352983406
7,guinea,324011,Boffa,1945,0.09096967677440854,0.05131622792402533,0.020993002332555816,3001,95.4585744652576,Conakry,75.37611421232856,86.0625,2.0,265.0,32,3101.09375,2624.0,3527.0,244.6027850637386,32,28.655368745327,27.132667541503903,29.65971946716309,0.6992444717326415,5227.833572277445,0,1,0,10.377597091271996,-14.056182361289594,3565.524410124748,0.0,0,,,0,1,3.0523601926312094,0.5910215369648458,2,4,5,5,4,0.0007651352983406
7,guinea,324011,Boffa,1935,0.039589442815249266,0.018084066471163247,0.00635386119257087,2046,95.4585744652576,Conakry,75.37611421232856,86.0625,2.0,265.0,32,3101.09375,2624.0,3527.0,244.6027850637386,32,28.655368745327,27.132667541503903,29.65971946716309,0.6992444717326415,5227.833572277445,0,1,0,10.377597091271996,-14.056182361289594,3565.524410124748,0.0,0,,,0,1,3.0523601926312094,0.5910215369648458,2,4,5,5,4,0.0007651352983406
7,guinea,324011,Boffa,1925,0.02780269058295964,0.010762331838565023,0.0008968609865470852,1115,95.4585744652576,Conakry,75.37611421232856,86.0625,2.0,265.0,32,3101.09375,2624.0,3527.0,244.6027850637386,32,28.655368745327,27.132667541503903,29.65971946716309,0.6992444717326415,5227.833572277445,0,1,0,10.377597091271996,-14.056182361289594,3565.524410124748,0.0,0,,,0,1,3.0523601926312094,0.5910215369648458,2,4,5,5,4,0.0007651352983406
7,guinea,324011,Boffa,1915,0.00749063670411985,0.003745318352059925,0.0018726591760299626,534,95.4585744652576,Conakry,75.37611421232856,86.0625,2.0,265.0,32,3101.09375,2624.0,3527.0,244.6027850637386,32,28.655368745327,27.132667541503903,29.65971946716309,0.6992444717326415,5227.833572277445,0,1,0,10.377597091271996,-14.056182361289594,3565.524410124748,0.0,0,,,0,1,3.0523601926312094,0.5910215369648458,2,4,5,5,4,0.0007651352983406
7,guinea,324012,Boke,1975,0.18868470554188974,0.10418173925625814,0.03168861235711185,6911,179.0122076788346,Conakry,74.22697030932741,87.67307692307692,4.0,311.0,52,2580.0,1882.0,3150.0,328.2370742665687,52,27.736339349013107,26.71639442443848,29.273435592651367,0.7165411611500655,10816.972234751329,0,1,1,11.084863726021958,-14.356698055706156,3837.586324820841,0.0,0,10.118919372558594,9.621082305908203,0,1,31.314988653353705,0.1686701318735163,0,1,1,3,1,9.244731134534435e-05
7,guinea,324012,Boke,1965,0.18033766621843716,0.11609143881667414,0.03630658897355446,6693,179.0122076788346,Conakry,74.22697030932741,87.67307692307692,4.0,311.0,52,2580.0,1882.0,3150.0,328.2370742665687,52,27.736339349013107,26.71639442443848,29.273435592651367,0.7165411611500655,10816.972234751329,0,1,1,11.084863726021958,-14.356698055706156,3837.586324820841,0.0,0,10.118919372558594,9.621082305908203,0,1,31.314988653353705,0.1686701318735163,0,1,1,3,1,9.244731134534435e-05
7,guinea,324012,Boke,1955,0.17018594390167036,0.12811219665931295,0.06744405924992121,6346,179.0122076788346,Conakry,74.22697030932741,87.67307692307692,4.0,311.0,52,2580.0,1882.0,3150.0,328.2370742665687,52,27.736339349013107,26.71639442443848,29.273435592651367,0.7165411611500655,10816.972234751329,0,1,1,11.084863726021958,-14.356698055706156,3837.586324820841,0.0,0,10.118919372558594,9.621082305908203,0,1,31.314988653353705,0.1686701318735163,0,1,1,3,1,9.244731134534435e-05
7,guinea,324012,Boke,1945,0.08615156751419403,0.053813873117748705,0.02369785238212787,4051,179.0122076788346,Conakry,74.22697030932741,87.67307692307692,4.0,311.0,52,2580.0,1882.0,3150.0,328.2370742665687,52,27.736339349013107,26.71639442443848,29.273435592651367,0.7165411611500655,10816.972234751329,0,1,1,11.084863726021958,-14.356698055706156,3837.586324820841,0.0,0,10.118919372558594,9.621082305908203,0,1,31.314988653353705,0.1686701318735163,0,1,1,3,1,9.244731134534435e-05
7,guinea,324012,Boke,1935,0.0341948310139165,0.015109343936381709,0.005566600397614314,2515,179.0122076788346,Conakry,74.22697030932741,87.67307692307692,4.0,311.0,52,2580.0,1882.0,3150.0,328.2370742665687,52,27.736339349013107,26.71639442443848,29.273435592651367,0.7165411611500655,10816.972234751329,0,1,1,11.084863726021958,-14.356698055706156,3837.586324820841,0.0,0,10.118919372558594,9.621082305908203,0,1,31.314988653353705,0.1686701318735163,0,1,1,3,1,9.244731134534435e-05
7,guinea,324012,Boke,1925,0.017675050985723997,0.005438477226376614,0.0013596193065941536,1471,179.0122076788346,Conakry,74.22697030932741,87.67307692307692,4.0,311.0,52,2580.0,1882.0,3150.0,328.2370742665687,52,27.736339349013107,26.71639442443848,29.273435592651367,0.7165411611500655,10816.972234751329,0,1,1,11.084863726021958,-14.356698055706156,3837.586324820841,0.0,0,10.118919372558594,9.621082305908203,0,1,31.314988653353705,0.1686701318735163,0,1,1,3,1,9.244731134534435e-05
7,guinea,324012,Boke,1915,0.011299435028248588,0.00423728813559322,0.002824858757062147,708,179.0122076788346,Conakry,74.22697030932741,87.67307692307692,4.0,311.0,52,2580.0,1882.0,3150.0,328.2370742665687,52,27.736339349013107,26.71639442443848,29.273435592651367,0.7165411611500655,10816.972234751329,0,1,1,11.084863726021958,-14.356698055706156,3837.586324820841,0.0,0,10.118919372558594,9.621082305908203,0,1,31.314988653353705,0.1686701318735163,0,1,1,3,1,9.244731134534435e-05
7,guinea,324013,Fria,1975,0.32273706896551724,0.1945043103448276,0.061422413793103446,1856,90.01572421611559,Conakry,87.6536745759507,184.0,53.0,379.0,12,2866.0,2517.0,3212.0,213.46545387954464,12,28.01149622599284,26.48731231689453,29.358999252319336,0.7843577290279184,1582.1187581480783,0,0,0,10.509172345633852,-13.591732673292434,3610.0414895450367,0.0,0,10.80487823486328,13.625,1,0,52.95857172354927,0.0301467263166821,0,0,4,5,0,0.0
7,guinea,324013,Fria,1965,0.30526992287917737,0.19730077120822623,0.055269922879177376,1556,90.01572421611559,Conakry,87.6536745759507,184.0,53.0,379.0,12,2866.0,2517.0,3212.0,213.46545387954464,12,28.01149622599284,26.48731231689453,29.358999252319336,0.7843577290279184,1582.1187581480783,0,0,0,10.509172345633852,-13.591732673292434,3610.0414895450367,0.0,0,10.80487823486328,13.625,1,0,52.95857172354927,0.0301467263166821,0,0,4,5,0,0.0
7,guinea,324013,Fria,1955,0.13836477987421383,0.09344115004492363,0.0440251572327044,1113,90.01572421611559,Conakry,87.6536745759507,184.0,53.0,379.0,12,2866.0,2517.0,3212.0,213.46545387954464,12,28.01149622599284,26.48731231689453,29.358999252319336,0.7843577290279184,1582.1187581480783,0,0,0,10.509172345633852,-13.591732673292434,3610.0414895450367,0.0,0,10.80487823486328,13.625,1,0,52.95857172354927,0.0301467263166821,0,0,4,5,0,0.0
7,guinea,324013,Fria,1945,0.04434250764525994,0.03058103975535168,0.013761467889908258,654,90.01572421611559,Conakry,87.6536745759507,184.0,53.0,379.0,12,2866.0,2517.0,3212.0,213.46545387954464,12,28.01149622599284,26.48731231689453,29.358999252319336,0.7843577290279184,1582.1187581480783,0,0,0,10.509172345633852,-13.591732673292434,3610.0414895450367,0.0,0,10.80487823486328,13.625,1,0,52.95857172354927,0.0301467263166821,0,0,4,5,0,0.0
7,guinea,324013,Fria,1935,0.027848101265822784,0.010126582278481013,0.002531645569620253,395,90.01572421611559,Conakry,87.6536745759507,184.0,53.0,379.0,12,2866.0,2517.0,3212.0,213.46545387954464,12,28.01149622599284,26.48731231689453,29.358999252319336,0.7843577290279184,1582.1187581480783,0,0,0,10.509172345633852,-13.591732673292434,3610.0414895450367,0.0,0,10.80487823486328,13.625,1,0,52.95857172354927,0.0301467263166821,0,0,4,5,0,0.0
7,guinea,324013,Fria,1925,0.008583690987124463,0.004291845493562232,0.0,233,90.01572421611559,Conakry,87.6536745759507,184.0,53.0,379.0,12,2866.0,2517.0,3212.0,213.46545387954464,12,28.01149622599284,26.48731231689453,29.358999252319336,0.7843577290279184,1582.1187581480783,0,0,0,10.509172345633852,-13.591732673292434,3610.0414895450367,0.0,0,10.80487823486328,13.625,1,0,52.95857172354927,0.0301467263166821,0,0,4,5,0,0.0
7,guinea,324013,Fria,1915,0.02197802197802198,0.01098901098901099,0.0,91,90.01572421611559,Conakry,87.6536745759507,184.0,53.0,379.0,12,2866.0,2517.0,3212.0,213.46545387954464,12,28.01149622599284,26.48731231689453,29.358999252319336,0.7843577290279184,1582.1187581480783,0,0,0,10.509172345633852,-13.591732673292434,3610.0414895450367,0.0,0,10.80487823486328,13.625,1,0,52.95857172354927,0.0301467263166821,0,0,4,5,0,0.0
7,guinea,324014,Gaoual,1975,0.07186800894854586,0.03104026845637584,0.01034675615212528,3576,225.16859777902815,Conakry,161.79717799360026,239.11320754716985,68.0,754.0,53,1839.301886792453,1423.0,2361.0,263.9267040122686,53,26.587810516357425,23.904207229614254,27.390748977661133,0.781203207480529,11049.7638521864,0,0,1,11.721434998211697,-13.35181246520456,4092.9003252645175,0.0,0,5.599999904632568,6.846153736114502,0,0,118.73573435377678,0.0,0,0,0,0,0,0.0
7,guinea,324014,Gaoual,1965,0.07276070396637772,0.036249014972419225,0.00998161281849225,3807,225.16859777902815,Conakry,161.79717799360026,239.11320754716985,68.0,754.0,53,1839.301886792453,1423.0,2361.0,263.9267040122686,53,26.587810516357425,23.904207229614254,27.390748977661133,0.781203207480529,11049.7638521864,0,0,1,11.721434998211697,-13.35181246520456,4092.9003252645175,0.0,0,5.599999904632568,6.846153736114502,0,0,118.73573435377678,0.0,0,0,0,0,0,0.0
7,guinea,324014,Gaoual,1955,0.07446808510638298,0.05291153415453528,0.025755879059350503,3572,225.16859777902815,Conakry,161.79717799360026,239.11320754716985,68.0,754.0,53,1839.301886792453,1423.0,2361.0,263.9267040122686,53,26.587810516357425,23.904207229614254,27.390748977661133,0.781203207480529,11049.7638521864,0,0,1,11.721434998211697,-13.35181246520456,4092.9003252645175,0.0,0,5.599999904632568,6.846153736114502,0,0,118.73573435377678,0.0,0,0,0,0,0,0.0
7,guinea,324014,Gaoual,1945,0.026057240495514736,0.016659547202050404,0.008116189662537377,2341,225.16859777902815,Conakry,161.79717799360026,239.11320754716985,68.0,754.0,53,1839.301886792453,1423.0,2361.0,263.9267040122686,53,26.587810516357425,23.904207229614254,27.390748977661133,0.781203207480529,11049.7638521864,0,0,1,11.721434998211697,-13.35181246520456,4092.9003252645175,0.0,0,5.599999904632568,6.846153736114502,0,0,118.73573435377678,0.0,0,0,0,0,0,0.0
7,guinea,324014,Gaoual,1935,0.01178101178101178,0.006237006237006237,0.001386001386001386,1443,225.16859777902815,Conakry,161.79717799360026,239.11320754716985,68.0,754.0,53,1839.301886792453,1423.0,2361.0,263.9267040122686,53,26.587810516357425,23.904207229614254,27.390748977661133,0.781203207480529,11049.7638521864,0,0,1,11.721434998211697,-13.35181246520456,4092.9003252645175,0.0,0,5.599999904632568,6.846153736114502,0,0,118.73573435377678,0.0,0,0,0,0,0,0.0
7,guinea,324014,Gaoual,1925,0.00510204081632653,0.0,0.0,784,225.16859777902815,Conakry,161.79717799360026,239.11320754716985,68.0,754.0,53,1839.301886792453,1423.0,2361.0,263.9267040122686,53,26.587810516357425,23.904207229614254,27.390748977661133,0.781203207480529,11049.7638521864,0,0,1,11.721434998211697,-13.35181246520456,4092.9003252645175,0.0,0,5.599999904632568,6.846153736114502,0,0,118.73573435377678,0.0,0,0,0,0,0,0.0
7,guinea,324014,Gaoual,1915,0.0,0.0,0.0,396,225.16859777902815,Conakry,161.79717799360026,239.11320754716985,68.0,754.0,53,1839.301886792453,1423.0,2361.0,263.9267040122686,53,26.587810516357425,23.904207229614254,27.390748977661133,0.781203207480529,11049.7638521864,0,0,1,11.721434998211697,-13.35181246520456,4092.9003252645175,0.0,0,5.599999904632568,6.846153736114502,0,0,118.73573435377678,0.0,0,0,0,0,0,0.0
7,guinea,324015,Koundara,1975,0.10536044362292052,0.048983364140480594,0.013863216266173753,2164,297.9587864002346,Kayes,63.63442677161089,116.58064516129032,51.0,315.0,31,1320.6774193548388,1069.0,1689.0,147.96956685724572,31,27.335759255193896,26.704246520996094,27.947668075561523,0.3353269520042551,5294.593019126637,0,0,1,12.373742095675214,-13.19558123544058,4324.623798673115,0.0,0,5.7272725105285645,6.942857265472412,0,0,86.97316161810097,0.0047160476188955,0,0,0,1,0,0.0
7,guinea,324015,Koundara,1965,0.12889083735203857,0.06926786497150372,0.01578255151249452,2281,297.9587864002346,Kayes,63.63442677161089,116.58064516129032,51.0,315.0,31,1320.6774193548388,1069.0,1689.0,147.96956685724572,31,27.335759255193896,26.704246520996094,27.947668075561523,0.3353269520042551,5294.593019126637,0,0,1,12.373742095675214,-13.19558123544058,4324.623798673115,0.0,0,5.7272725105285645,6.942857265472412,0,0,86.97316161810097,0.0047160476188955,0,0,0,1,0,0.0
7,guinea,324015,Koundara,1955,0.13834173156207055,0.08795235913879981,0.04443426477324782,2183,297.9587864002346,Kayes,63.63442677161089,116.58064516129032,51.0,315.0,31,1320.6774193548388,1069.0,1689.0,147.96956685724572,31,27.335759255193896,26.704246520996094,27.947668075561523,0.3353269520042551,5294.593019126637,0,0,1,12.373742095675214,-13.19558123544058,4324.623798673115,0.0,0,5.7272725105285645,6.942857265472412,0,0,86.97316161810097,0.0047160476188955,0,0,0,1,0,0.0
7,guinea,324015,Koundara,1945,0.053445850914205346,0.02461322081575246,0.011251758087201125,1422,297.9587864002346,Kayes,63.63442677161089,116.58064516129032,51.0,315.0,31,1320.6774193548388,1069.0,1689.0,147.96956685724572,31,27.335759255193896,26.704246520996094,27.947668075561523,0.3353269520042551,5294.593019126637,0,0,1,12.373742095675214,-13.19558123544058,4324.623798673115,0.0,0,5.7272725105285645,6.942857265472412,0,0,86.97316161810097,0.0047160476188955,0,0,0,1,0,0.0
7,guinea,324015,Koundara,1935,0.01557285873192436,0.004449388209121246,0.0,899,297.9587864002346,Kayes,63.63442677161089,116.58064516129032,51.0,315.0,31,1320.6774193548388,1069.0,1689.0,147.96956685724572,31,27.335759255193896,26.704246520996094,27.947668075561523,0.3353269520042551,5294.593019126637,0,0,1,12.373742095675214,-13.19558123544058,4324.623798673115,0.0,0,5.7272725105285645,6.942857265472412,0,0,86.97316161810097,0.0047160476188955,0,0,0,1,0,0.0
7,guinea,324015,Koundara,1925,0.010245901639344262,0.004098360655737705,0.0020491803278688526,488,297.9587864002346,Kayes,63.63442677161089,116.58064516129032,51.0,315.0,31,1320.6774193548388,1069.0,1689.0,147.96956685724572,31,27.335759255193896,26.704246520996094,27.947668075561523,0.3353269520042551,5294.593019126637,0,0,1,12.373742095675214,-13.19558123544058,4324.623798673115,0.0,0,5.7272725105285645,6.942857265472412,0,0,86.97316161810097,0.0047160476188955,0,0,0,1,0,0.0
7,guinea,324015,Koundara,1915,0.008620689655172414,0.004310344827586207,0.0,232,297.9587864002346,Kayes,63.63442677161089,116.58064516129032,51.0,315.0,31,1320.6774193548388,1069.0,1689.0,147.96956685724572,31,27.335759255193896,26.704246520996094,27.947668075561523,0.3353269520042551,5294.593019126637,0,0,1,12.373742095675214,-13.19558123544058,4324.623798673115,0.0,0,5.7272725105285645,6.942857265472412,0,0,86.97316161810097,0.0047160476188955,0,0,0,1,0,0.0
7,guinea,324021,Conakry,1975,0.558460963765409,0.3648860664923422,0.11968621591333582,13385,10.412341043130114,Conakry,47.72155633228563,39.285714285714285,8.0,154.0,7,3547.1428571428573,3369.0,3628.0,85.76617477009148,7,27.48240171160017,26.82500267028809,27.907480239868164,0.390159003717741,422.5444721616618,0,1,0,9.626794154339851,-13.57220219045123,3449.237365722656,0.0,0,23.7378044128418,24.3222599029541,1,1,12.32532388754599,0.8784065270357392,2,3,3,7,1,0.0023666147965069
7,guinea,324021,Conakry,1965,0.614300776382632,0.42240966165053195,0.13217674686092207,10433,10.412341043130114,Conakry,47.72155633228563,39.285714285714285,8.0,154.0,7,3547.1428571428573,3369.0,3628.0,85.76617477009148,7,27.48240171160017,26.82500267028809,27.907480239868164,0.390159003717741,422.5444721616618,0,1,0,9.626794154339851,-13.57220219045123,3449.237365722656,0.0,0,23.7378044128418,24.3222599029541,1,1,12.32532388754599,0.8784065270357392,2,3,3,7,1,0.0023666147965069
7,guinea,324021,Conakry,1955,0.6053076402974983,0.47329276538201487,0.23495605138607167,5916,10.412341043130114,Conakry,47.72155633228563,39.285714285714285,8.0,154.0,7,3547.1428571428573,3369.0,3628.0,85.76617477009148,7,27.48240171160017,26.82500267028809,27.907480239868164,0.390159003717741,422.5444721616618,0,1,0,9.626794154339851,-13.57220219045123,3449.237365722656,0.0,0,23.7378044128418,24.3222599029541,1,1,12.32532388754599,0.8784065270357392,2,3,3,7,1,0.0023666147965069
7,guinea,324021,Conakry,1945,0.34325396825396826,0.2326388888888889,0.11656746031746032,2016,10.412341043130114,Conakry,47.72155633228563,39.285714285714285,8.0,154.0,7,3547.1428571428573,3369.0,3628.0,85.76617477009148,7,27.48240171160017,26.82500267028809,27.907480239868164,0.390159003717741,422.5444721616618,0,1,0,9.626794154339851,-13.57220219045123,3449.237365722656,0.0,0,23.7378044128418,24.3222599029541,1,1,12.32532388754599,0.8784065270357392,2,3,3,7,1,0.0023666147965069
7,guinea,324021,Conakry,1935,0.2202729044834308,0.12573099415204678,0.05165692007797271,1026,10.412341043130114,Conakry,47.72155633228563,39.285714285714285,8.0,154.0,7,3547.1428571428573,3369.0,3628.0,85.76617477009148,7,27.48240171160017,26.82500267028809,27.907480239868164,0.390159003717741,422.5444721616618,0,1,0,9.626794154339851,-13.57220219045123,3449.237365722656,0.0,0,23.7378044128418,24.3222599029541,1,1,12.32532388754599,0.8784065270357392,2,3,3,7,1,0.0023666147965069
7,guinea,324021,Conakry,1925,0.22413793103448276,0.1271551724137931,0.03017241379310345,464,10.412341043130114,Conakry,47.72155633228563,39.285714285714285,8.0,154.0,7,3547.1428571428573,3369.0,3628.0,85.76617477009148,7,27.48240171160017,26.82500267028809,27.907480239868164,0.390159003717741,422.5444721616618,0,1,0,9.626794154339851,-13.57220219045123,3449.237365722656,0.0,0,23.7378044128418,24.3222599029541,1,1,12.32532388754599,0.8784065270357392,2,3,3,7,1,0.0023666147965069
7,guinea,324021,Conakry,1915,0.14942528735632185,0.028735632183908046,0.005747126436781609,174,10.412341043130114,Conakry,47.72155633228563,39.285714285714285,8.0,154.0,7,3547.1428571428573,3369.0,3628.0,85.76617477009148,7,27.48240171160017,26.82500267028809,27.907480239868164,0.390159003717741,422.5444721616618,0,1,0,9.626794154339851,-13.57220219045123,3449.237365722656,0.0,0,23.7378044128418,24.3222599029541,1,1,12.32532388754599,0.8784065270357392,2,3,3,7,1,0.0023666147965069
7,guinea,324063,Lelouma,1935,0.008928571428571428,0.005777310924369748,0.0026260504201680674,1904,219.2423967203532,Conakry,198.48275704526745,650.3529411764706,253.0,1027.0,17,1732.3529411764705,1501.0,2062.0,169.58112449641067,17,24.517327925738165,22.397104263305664,26.711977005004883,1.1303743153418588,2721.1525913830264,0,0,0,11.501715201549215,-12.695375267255738,4033.826056985294,0.0,0,,,0,0,70.26506647370665,0.0,0,0,1,1,0,0.0
7,guinea,324031,Dabola,1975,0.10809231668127374,0.06923751095530237,0.02366345311130587,3423,194.64725937622157,Kankan,137.957416940478,580.8666666666667,401.0,813.0,30,1551.6333333333334,1390.0,1742.0,90.41809676288382,30,24.988995424906413,23.4121036529541,26.36844062805176,0.8854160777149228,5230.657649046216,0,0,0,10.727970297960162,-11.061758649016644,3997.393465169271,0.0,0,7.363636493682861,7.75,1,0,124.50646283507324,0.0,0,0,0,0,0,0.0
7,guinea,324042,Kerouane,1955,0.07564575645756458,0.04981549815498155,0.026199261992619925,2710,127.84246761154895,Kankan,113.433878969024,636.4285714285714,439.0,890.0,42,1839.9285714285716,1569.0,2226.0,186.4732066617644,42,24.09670116787865,22.532209396362305,25.50091552734375,0.7310284593445602,9383.188092484244,0,0,0,9.262532021505905,-9.101206960359455,3067.199953351702,0.0,0,6.038461685180664,7.25,0,1,44.11073002661626,0.1712101166447833,0,1,1,1,1,0.0001065735856665
7,guinea,324031,Dabola,1965,0.11296142103802387,0.07577019150707744,0.029697474326949764,3603,194.64725937622157,Kankan,137.957416940478,580.8666666666667,401.0,813.0,30,1551.6333333333334,1390.0,1742.0,90.41809676288382,30,24.988995424906413,23.4121036529541,26.36844062805176,0.8854160777149228,5230.657649046216,0,0,0,10.727970297960162,-11.061758649016644,3997.393465169271,0.0,0,7.363636493682861,7.75,1,0,124.50646283507324,0.0,0,0,0,0,0,0.0
7,guinea,324042,Kerouane,1945,0.0377906976744186,0.020930232558139535,0.00872093023255814,1720,127.84246761154895,Kankan,113.433878969024,636.4285714285714,439.0,890.0,42,1839.9285714285716,1569.0,2226.0,186.4732066617644,42,24.09670116787865,22.532209396362305,25.50091552734375,0.7310284593445602,9383.188092484244,0,0,0,9.262532021505905,-9.101206960359455,3067.199953351702,0.0,0,6.038461685180664,7.25,0,1,44.11073002661626,0.1712101166447833,0,1,1,1,1,0.0001065735856665
7,guinea,324031,Dabola,1955,0.13514285714285715,0.10942857142857143,0.06942857142857142,3500,194.64725937622157,Kankan,137.957416940478,580.8666666666667,401.0,813.0,30,1551.6333333333334,1390.0,1742.0,90.41809676288382,30,24.988995424906413,23.4121036529541,26.36844062805176,0.8854160777149228,5230.657649046216,0,0,0,10.727970297960162,-11.061758649016644,3997.393465169271,0.0,0,7.363636493682861,7.75,1,0,124.50646283507324,0.0,0,0,0,0,0,0.0
7,guinea,324042,Kerouane,1935,0.008149959250203748,0.004074979625101874,0.0024449877750611247,1227,127.84246761154895,Kankan,113.433878969024,636.4285714285714,439.0,890.0,42,1839.9285714285716,1569.0,2226.0,186.4732066617644,42,24.09670116787865,22.532209396362305,25.50091552734375,0.7310284593445602,9383.188092484244,0,0,0,9.262532021505905,-9.101206960359455,3067.199953351702,0.0,0,6.038461685180664,7.25,0,1,44.11073002661626,0.1712101166447833,0,1,1,1,1,0.0001065735856665
7,guinea,324031,Dabola,1945,0.06984426616328457,0.05002359603586597,0.03067484662576687,2119,194.64725937622157,Kankan,137.957416940478,580.8666666666667,401.0,813.0,30,1551.6333333333334,1390.0,1742.0,90.41809676288382,30,24.988995424906413,23.4121036529541,26.36844062805176,0.8854160777149228,5230.657649046216,0,0,0,10.727970297960162,-11.061758649016644,3997.393465169271,0.0,0,7.363636493682861,7.75,1,0,124.50646283507324,0.0,0,0,0,0,0,0.0
7,guinea,324042,Kerouane,1925,0.0072254335260115606,0.004335260115606937,0.002890173410404624,692,127.84246761154895,Kankan,113.433878969024,636.4285714285714,439.0,890.0,42,1839.9285714285716,1569.0,2226.0,186.4732066617644,42,24.09670116787865,22.532209396362305,25.50091552734375,0.7310284593445602,9383.188092484244,0,0,0,9.262532021505905,-9.101206960359455,3067.199953351702,0.0,0,6.038461685180664,7.25,0,1,44.11073002661626,0.1712101166447833,0,1,1,1,1,0.0001065735856665
7,guinea,324031,Dabola,1935,0.01622002820874471,0.011283497884344146,0.003526093088857546,1418,194.64725937622157,Kankan,137.957416940478,580.8666666666667,401.0,813.0,30,1551.6333333333334,1390.0,1742.0,90.41809676288382,30,24.988995424906413,23.4121036529541,26.36844062805176,0.8854160777149228,5230.657649046216,0,0,0,10.727970297960162,-11.061758649016644,3997.393465169271,0.0,0,7.363636493682861,7.75,1,0,124.50646283507324,0.0,0,0,0,0,0,0.0
7,guinea,324042,Kerouane,1915,0.003076923076923077,0.003076923076923077,0.0,325,127.84246761154895,Kankan,113.433878969024,636.4285714285714,439.0,890.0,42,1839.9285714285716,1569.0,2226.0,186.4732066617644,42,24.09670116787865,22.532209396362305,25.50091552734375,0.7310284593445602,9383.188092484244,0,0,0,9.262532021505905,-9.101206960359455,3067.199953351702,0.0,0,6.038461685180664,7.25,0,1,44.11073002661626,0.1712101166447833,0,1,1,1,1,0.0001065735856665
7,guinea,324043,Kouroussa,1975,0.0849745518920115,0.05001106439477761,0.017703031644169063,4519,88.38972378031744,Kankan,42.11477219334614,435.2535211267606,377.0,563.0,71,1537.0,1275.0,1988.0,188.6026451205785,71,25.68219252035652,24.47895812988281,26.59868621826172,0.6295041136312572,15802.445731992146,1,0,0,10.580242092599528,-10.09965860624554,3893.018567469732,0.0,1,7.736842155456543,7.65217399597168,1,1,40.17935033648507,0.1271756704806171,0,1,2,2,1,6.328134372108579e-05
7,guinea,324043,Kouroussa,1965,0.09910843873108025,0.06800746423387932,0.02902757619738752,4823,88.38972378031744,Kankan,42.11477219334614,435.2535211267606,377.0,563.0,71,1537.0,1275.0,1988.0,188.6026451205785,71,25.68219252035652,24.47895812988281,26.59868621826172,0.6295041136312572,15802.445731992146,1,0,0,10.580242092599528,-10.09965860624554,3893.018567469732,0.0,1,7.736842155456543,7.65217399597168,1,1,40.17935033648507,0.1271756704806171,0,1,2,2,1,6.328134372108579e-05
7,guinea,324031,Dabola,1925,0.01631116687578419,0.0075282308657465494,0.0012547051442910915,797,194.64725937622157,Kankan,137.957416940478,580.8666666666667,401.0,813.0,30,1551.6333333333334,1390.0,1742.0,90.41809676288382,30,24.988995424906413,23.4121036529541,26.36844062805176,0.8854160777149228,5230.657649046216,0,0,0,10.727970297960162,-11.061758649016644,3997.393465169271,0.0,0,7.363636493682861,7.75,1,0,124.50646283507324,0.0,0,0,0,0,0,0.0
7,guinea,324043,Kouroussa,1955,0.12883683360258483,0.10601777059773829,0.06441841680129241,4952,88.38972378031744,Kankan,42.11477219334614,435.2535211267606,377.0,563.0,71,1537.0,1275.0,1988.0,188.6026451205785,71,25.68219252035652,24.47895812988281,26.59868621826172,0.6295041136312572,15802.445731992146,1,0,0,10.580242092599528,-10.09965860624554,3893.018567469732,0.0,1,7.736842155456543,7.65217399597168,1,1,40.17935033648507,0.1271756704806171,0,1,2,2,1,6.328134372108579e-05
7,guinea,324043,Kouroussa,1945,0.06599450045829514,0.04644057439657806,0.02474793767186068,3273,88.38972378031744,Kankan,42.11477219334614,435.2535211267606,377.0,563.0,71,1537.0,1275.0,1988.0,188.6026451205785,71,25.68219252035652,24.47895812988281,26.59868621826172,0.6295041136312572,15802.445731992146,1,0,0,10.580242092599528,-10.09965860624554,3893.018567469732,0.0,1,7.736842155456543,7.65217399597168,1,1,40.17935033648507,0.1271756704806171,0,1,2,2,1,6.328134372108579e-05
7,guinea,324043,Kouroussa,1935,0.01903553299492386,0.008883248730964468,0.002961082910321489,2364,88.38972378031744,Kankan,42.11477219334614,435.2535211267606,377.0,563.0,71,1537.0,1275.0,1988.0,188.6026451205785,71,25.68219252035652,24.47895812988281,26.59868621826172,0.6295041136312572,15802.445731992146,1,0,0,10.580242092599528,-10.09965860624554,3893.018567469732,0.0,1,7.736842155456543,7.65217399597168,1,1,40.17935033648507,0.1271756704806171,0,1,2,2,1,6.328134372108579e-05
7,guinea,324043,Kouroussa,1925,0.02528735632183908,0.00996168582375479,0.0022988505747126436,1305,88.38972378031744,Kankan,42.11477219334614,435.2535211267606,377.0,563.0,71,1537.0,1275.0,1988.0,188.6026451205785,71,25.68219252035652,24.47895812988281,26.59868621826172,0.6295041136312572,15802.445731992146,1,0,0,10.580242092599528,-10.09965860624554,3893.018567469732,0.0,1,7.736842155456543,7.65217399597168,1,1,40.17935033648507,0.1271756704806171,0,1,2,2,1,6.328134372108579e-05
7,guinea,324043,Kouroussa,1915,0.006220839813374806,0.003110419906687403,0.0015552099533437014,643,88.38972378031744,Kankan,42.11477219334614,435.2535211267606,377.0,563.0,71,1537.0,1275.0,1988.0,188.6026451205785,71,25.68219252035652,24.47895812988281,26.59868621826172,0.6295041136312572,15802.445731992146,1,0,0,10.580242092599528,-10.09965860624554,3893.018567469732,0.0,1,7.736842155456543,7.65217399597168,1,1,40.17935033648507,0.1271756704806171,0,1,2,2,1,6.328134372108579e-05
7,guinea,324044,Mandiana,1975,0.04438466711499664,0.023985653440932526,0.00717327953373683,4461,86.70419798362532,Kankan,19.66708332891958,398.35,360.0,433.0,60,1306.55,1091.0,1487.0,106.91498569735988,60,26.490817737579345,25.600435256958008,27.08939552307129,0.4014355770075344,11753.24526132401,1,0,1,10.764722816782625,-8.61676224626942,4273.688727580326,0.0,0,,,0,1,68.442417318728,0.1313224132260274,0,0,2,2,1,8.508288372834901e-05
7,guinea,324044,Mandiana,1965,0.03466286799620133,0.020180436847103515,0.007122507122507123,4212,86.70419798362532,Kankan,19.66708332891958,398.35,360.0,433.0,60,1306.55,1091.0,1487.0,106.91498569735988,60,26.490817737579345,25.600435256958008,27.08939552307129,0.4014355770075344,11753.24526132401,1,0,1,10.764722816782625,-8.61676224626942,4273.688727580326,0.0,0,,,0,1,68.442417318728,0.1313224132260274,0,0,2,2,1,8.508288372834901e-05
7,guinea,324044,Mandiana,1955,0.04093724750875303,0.026932399676811204,0.016159439806086723,3713,86.70419798362532,Kankan,19.66708332891958,398.35,360.0,433.0,60,1306.55,1091.0,1487.0,106.91498569735988,60,26.490817737579345,25.600435256958008,27.08939552307129,0.4014355770075344,11753.24526132401,1,0,1,10.764722816782625,-8.61676224626942,4273.688727580326,0.0,0,,,0,1,68.442417318728,0.1313224132260274,0,0,2,2,1,8.508288372834901e-05
7,guinea,324044,Mandiana,1945,0.019110926464478605,0.012048192771084338,0.004154549231408392,2407,86.70419798362532,Kankan,19.66708332891958,398.35,360.0,433.0,60,1306.55,1091.0,1487.0,106.91498569735988,60,26.490817737579345,25.600435256958008,27.08939552307129,0.4014355770075344,11753.24526132401,1,0,1,10.764722816782625,-8.61676224626942,4273.688727580326,0.0,0,,,0,1,68.442417318728,0.1313224132260274,0,0,2,2,1,8.508288372834901e-05
7,guinea,324044,Mandiana,1935,0.008207070707070708,0.001893939393939394,0.0006313131313131313,1584,86.70419798362532,Kankan,19.66708332891958,398.35,360.0,433.0,60,1306.55,1091.0,1487.0,106.91498569735988,60,26.490817737579345,25.600435256958008,27.08939552307129,0.4014355770075344,11753.24526132401,1,0,1,10.764722816782625,-8.61676224626942,4273.688727580326,0.0,0,,,0,1,68.442417318728,0.1313224132260274,0,0,2,2,1,8.508288372834901e-05
7,guinea,324044,Mandiana,1925,0.002026342451874367,0.002026342451874367,0.0010131712259371835,987,86.70419798362532,Kankan,19.66708332891958,398.35,360.0,433.0,60,1306.55,1091.0,1487.0,106.91498569735988,60,26.490817737579345,25.600435256958008,27.08939552307129,0.4014355770075344,11753.24526132401,1,0,1,10.764722816782625,-8.61676224626942,4273.688727580326,0.0,0,,,0,1,68.442417318728,0.1313224132260274,0,0,2,2,1,8.508288372834901e-05
7,guinea,324044,Mandiana,1915,0.006507592190889371,0.0021691973969631237,0.0,461,86.70419798362532,Kankan,19.66708332891958,398.35,360.0,433.0,60,1306.55,1091.0,1487.0,106.91498569735988,60,26.490817737579345,25.600435256958008,27.08939552307129,0.4014355770075344,11753.24526132401,1,0,1,10.764722816782625,-8.61676224626942,4273.688727580326,0.0,0,,,0,1,68.442417318728,0.1313224132260274,0,0,2,2,1,8.508288372834901e-05
7,guinea,324045,Siguiri,1975,0.08139374741771106,0.04792728274342377,0.019005646605150806,7261,144.3767803825553,Kankan,56.931718946666464,403.70666666666665,332.0,620.0,75,1160.1066666666666,945.0,1403.0,112.95126658086762,75,26.71112963358561,25.57631492614746,27.298105239868164,0.3691725683173362,17863.92965205494,1,0,1,11.682487682329322,-9.468321067180051,4345.622970868956,0.0,1,8.772486686706543,11.955631256103516,0,0,76.86318711868468,0.0233986415421371,0,0,0,1,0,0.0
7,guinea,324045,Siguiri,1965,0.0857412908452606,0.05211990278152849,0.01890359168241966,7406,144.3767803825553,Kankan,56.931718946666464,403.70666666666665,332.0,620.0,75,1160.1066666666666,945.0,1403.0,112.95126658086762,75,26.71112963358561,25.57631492614746,27.298105239868164,0.3691725683173362,17863.92965205494,1,0,1,11.682487682329322,-9.468321067180051,4345.622970868956,0.0,1,8.772486686706543,11.955631256103516,0,0,76.86318711868468,0.0233986415421371,0,0,0,1,0,0.0
7,guinea,324045,Siguiri,1955,0.09641587677725119,0.07420023696682465,0.04443127962085308,6752,144.3767803825553,Kankan,56.931718946666464,403.70666666666665,332.0,620.0,75,1160.1066666666666,945.0,1403.0,112.95126658086762,75,26.71112963358561,25.57631492614746,27.298105239868164,0.3691725683173362,17863.92965205494,1,0,1,11.682487682329322,-9.468321067180051,4345.622970868956,0.0,1,8.772486686706543,11.955631256103516,0,0,76.86318711868468,0.0233986415421371,0,0,0,1,0,0.0
7,guinea,324045,Siguiri,1945,0.04854831032841504,0.03545930509281295,0.016658733936220846,4202,144.3767803825553,Kankan,56.931718946666464,403.70666666666665,332.0,620.0,75,1160.1066666666666,945.0,1403.0,112.95126658086762,75,26.71112963358561,25.57631492614746,27.298105239868164,0.3691725683173362,17863.92965205494,1,0,1,11.682487682329322,-9.468321067180051,4345.622970868956,0.0,1,8.772486686706543,11.955631256103516,0,0,76.86318711868468,0.0233986415421371,0,0,0,1,0,0.0
7,guinea,324045,Siguiri,1935,0.018244013683010263,0.009122006841505131,0.004561003420752566,2631,144.3767803825553,Kankan,56.931718946666464,403.70666666666665,332.0,620.0,75,1160.1066666666666,945.0,1403.0,112.95126658086762,75,26.71112963358561,25.57631492614746,27.298105239868164,0.3691725683173362,17863.92965205494,1,0,1,11.682487682329322,-9.468321067180051,4345.622970868956,0.0,1,8.772486686706543,11.955631256103516,0,0,76.86318711868468,0.0233986415421371,0,0,0,1,0,0.0
7,guinea,324045,Siguiri,1925,0.012450851900393184,0.00655307994757536,0.001310615989515072,1526,144.3767803825553,Kankan,56.931718946666464,403.70666666666665,332.0,620.0,75,1160.1066666666666,945.0,1403.0,112.95126658086762,75,26.71112963358561,25.57631492614746,27.298105239868164,0.3691725683173362,17863.92965205494,1,0,1,11.682487682329322,-9.468321067180051,4345.622970868956,0.0,1,8.772486686706543,11.955631256103516,0,0,76.86318711868468,0.0233986415421371,0,0,0,1,0,0.0
7,guinea,324045,Siguiri,1915,0.004830917874396135,0.00322061191626409,0.001610305958132045,621,144.3767803825553,Kankan,56.931718946666464,403.70666666666665,332.0,620.0,75,1160.1066666666666,945.0,1403.0,112.95126658086762,75,26.71112963358561,25.57631492614746,27.298105239868164,0.3691725683173362,17863.92965205494,1,0,1,11.682487682329322,-9.468321067180051,4345.622970868956,0.0,1,8.772486686706543,11.955631256103516,0,0,76.86318711868468,0.0233986415421371,0,0,0,1,0,0.0
7,guinea,324051,"Coyah, Dubreka",1975,0.18052594171997158,0.09612651030561478,0.028784648187633263,5628,37.82448592220091,Conakry,124.48466732075556,158.17857142857142,5.0,502.0,28,3085.964285714286,2414.0,3591.0,318.5484356692824,28,27.85789292199271,25.93674659729004,29.358999252319336,0.7660340904505626,5083.88890758906,0,1,0,10.0379077569262,-13.456649640789973,3508.308250297934,0.0,0,6.134969234466553,8.069231033325195,1,0,59.735623496976,0.0546344905626323,0,0,4,7,0,0.0
7,guinea,324051,"Coyah, Dubreka",1965,0.16378572651035428,0.09806606195447544,0.02618517884648297,5843,37.82448592220091,Conakry,124.48466732075556,158.17857142857142,5.0,502.0,28,3085.964285714286,2414.0,3591.0,318.5484356692824,28,27.85789292199271,25.93674659729004,29.358999252319336,0.7660340904505626,5083.88890758906,0,1,0,10.0379077569262,-13.456649640789973,3508.308250297934,0.0,0,6.134969234466553,8.069231033325195,1,0,59.735623496976,0.0546344905626323,0,0,4,7,0,0.0
7,guinea,324051,"Coyah, Dubreka",1955,0.15832903558535327,0.11328863675434073,0.056558363417569195,5817,37.82448592220091,Conakry,124.48466732075556,158.17857142857142,5.0,502.0,28,3085.964285714286,2414.0,3591.0,318.5484356692824,28,27.85789292199271,25.93674659729004,29.358999252319336,0.7660340904505626,5083.88890758906,0,1,0,10.0379077569262,-13.456649640789973,3508.308250297934,0.0,0,6.134969234466553,8.069231033325195,1,0,59.735623496976,0.0546344905626323,0,0,4,7,0,0.0
7,guinea,324051,"Coyah, Dubreka",1945,0.06788036410923277,0.04057217165149545,0.016644993498049414,3845,37.82448592220091,Conakry,124.48466732075556,158.17857142857142,5.0,502.0,28,3085.964285714286,2414.0,3591.0,318.5484356692824,28,27.85789292199271,25.93674659729004,29.358999252319336,0.7660340904505626,5083.88890758906,0,1,0,10.0379077569262,-13.456649640789973,3508.308250297934,0.0,0,6.134969234466553,8.069231033325195,1,0,59.735623496976,0.0546344905626323,0,0,4,7,0,0.0
7,guinea,324051,"Coyah, Dubreka",1935,0.028100412139378046,0.01423754215061821,0.004121393780442113,2669,37.82448592220091,Conakry,124.48466732075556,158.17857142857142,5.0,502.0,28,3085.964285714286,2414.0,3591.0,318.5484356692824,28,27.85789292199271,25.93674659729004,29.358999252319336,0.7660340904505626,5083.88890758906,0,1,0,10.0379077569262,-13.456649640789973,3508.308250297934,0.0,0,6.134969234466553,8.069231033325195,1,0,59.735623496976,0.0546344905626323,0,0,4,7,0,0.0
7,guinea,324051,"Coyah, Dubreka",1925,0.01811023622047244,0.007874015748031496,0.0031496062992125984,1270,37.82448592220091,Conakry,124.48466732075556,158.17857142857142,5.0,502.0,28,3085.964285714286,2414.0,3591.0,318.5484356692824,28,27.85789292199271,25.93674659729004,29.358999252319336,0.7660340904505626,5083.88890758906,0,1,0,10.0379077569262,-13.456649640789973,3508.308250297934,0.0,0,6.134969234466553,8.069231033325195,1,0,59.735623496976,0.0546344905626323,0,0,4,7,0,0.0
7,guinea,324051,"Coyah, Dubreka",1915,0.0015527950310559005,0.0,0.0,644,37.82448592220091,Conakry,124.48466732075556,158.17857142857142,5.0,502.0,28,3085.964285714286,2414.0,3591.0,318.5484356692824,28,27.85789292199271,25.93674659729004,29.358999252319336,0.7660340904505626,5083.88890758906,0,1,0,10.0379077569262,-13.456649640789973,3508.308250297934,0.0,0,6.134969234466553,8.069231033325195,1,0,59.735623496976,0.0546344905626323,0,0,4,7,0,0.0
7,guinea,324031,Dabola,1915,0.0024813895781637717,0.0,0.0,403,194.64725937622157,Kankan,137.957416940478,580.8666666666667,401.0,813.0,30,1551.6333333333334,1390.0,1742.0,90.41809676288382,30,24.988995424906413,23.4121036529541,26.36844062805176,0.8854160777149228,5230.657649046216,0,0,0,10.727970297960162,-11.061758649016644,3997.393465169271,0.0,0,7.363636493682861,7.75,1,0,124.50646283507324,0.0,0,0,0,0,0,0.0
7,guinea,324032,Dinguiraye,1975,0.06575415995705851,0.03327965646806227,0.00939345142243693,3726,204.9728962675217,Kankan,103.93782311738188,468.7272727272728,212.0,687.0,55,1262.8545454545454,1088.0,1481.0,100.61111779914478,55,26.058182178844103,24.485769271850582,27.655792236328125,0.7173664529051258,11507.576751243789,1,0,1,11.609341937781188,-10.725009761620084,4270.306299921292,0.0,1,6.0,7.0,0,0,143.54572464188414,0.0,0,0,0,0,0,0.0
7,guinea,324032,Dinguiraye,1965,0.07204030226700252,0.042821158690176324,0.0181360201511335,3970,204.9728962675217,Kankan,103.93782311738188,468.7272727272728,212.0,687.0,55,1262.8545454545454,1088.0,1481.0,100.61111779914478,55,26.058182178844103,24.485769271850582,27.655792236328125,0.7173664529051258,11507.576751243789,1,0,1,11.609341937781188,-10.725009761620084,4270.306299921292,0.0,1,6.0,7.0,0,0,143.54572464188414,0.0,0,0,0,0,0,0.0
7,guinea,324032,Dinguiraye,1955,0.07180385288966724,0.050537903427570675,0.029522141606204654,3997,204.9728962675217,Kankan,103.93782311738188,468.7272727272728,212.0,687.0,55,1262.8545454545454,1088.0,1481.0,100.61111779914478,55,26.058182178844103,24.485769271850582,27.655792236328125,0.7173664529051258,11507.576751243789,1,0,1,11.609341937781188,-10.725009761620084,4270.306299921292,0.0,1,6.0,7.0,0,0,143.54572464188414,0.0,0,0,0,0,0,0.0
7,guinea,324032,Dinguiraye,1945,0.027151051625239005,0.01797323135755258,0.009177820267686425,2615,204.9728962675217,Kankan,103.93782311738188,468.7272727272728,212.0,687.0,55,1262.8545454545454,1088.0,1481.0,100.61111779914478,55,26.058182178844103,24.485769271850582,27.655792236328125,0.7173664529051258,11507.576751243789,1,0,1,11.609341937781188,-10.725009761620084,4270.306299921292,0.0,1,6.0,7.0,0,0,143.54572464188414,0.0,0,0,0,0,0,0.0
7,guinea,324032,Dinguiraye,1935,0.005777007510109763,0.0034662045060658577,0.0011554015020219526,1731,204.9728962675217,Kankan,103.93782311738188,468.7272727272728,212.0,687.0,55,1262.8545454545454,1088.0,1481.0,100.61111779914478,55,26.058182178844103,24.485769271850582,27.655792236328125,0.7173664529051258,11507.576751243789,1,0,1,11.609341937781188,-10.725009761620084,4270.306299921292,0.0,1,6.0,7.0,0,0,143.54572464188414,0.0,0,0,0,0,0,0.0
7,guinea,324032,Dinguiraye,1925,0.010330578512396695,0.005165289256198347,0.002066115702479339,968,204.9728962675217,Kankan,103.93782311738188,468.7272727272728,212.0,687.0,55,1262.8545454545454,1088.0,1481.0,100.61111779914478,55,26.058182178844103,24.485769271850582,27.655792236328125,0.7173664529051258,11507.576751243789,1,0,1,11.609341937781188,-10.725009761620084,4270.306299921292,0.0,1,6.0,7.0,0,0,143.54572464188414,0.0,0,0,0,0,0,0.0
7,guinea,324032,Dinguiraye,1915,0.006342494714587738,0.004228329809725159,0.004228329809725159,473,204.9728962675217,Kankan,103.93782311738188,468.7272727272728,212.0,687.0,55,1262.8545454545454,1088.0,1481.0,100.61111779914478,55,26.058182178844103,24.485769271850582,27.655792236328125,0.7173664529051258,11507.576751243789,1,0,1,11.609341937781188,-10.725009761620084,4270.306299921292,0.0,1,6.0,7.0,0,0,143.54572464188414,0.0,0,0,0,0,0,0.0
7,guinea,324033,Faranah,1975,0.11714285714285715,0.07408163265306122,0.025510204081632654,4900,162.16984930441515,Kankan,85.67680873816178,503.53333333333336,402.0,806.0,60,1848.6666666666667,1504.0,2319.0,218.0167169941078,60,24.90043913523356,23.4121036529541,25.72120475769043,0.512683795339949,12842.792146587348,1,0,1,9.990951243553448,-10.738419888492617,3647.7339358639406,0.0,0,6.307692527770996,7.058823585510254,0,0,82.98392065710404,0.0055128031097352,0,0,0,1,0,0.0
7,guinea,324033,Faranah,1965,0.10552654482158398,0.07550043516100957,0.028503046127067014,4596,162.16984930441515,Kankan,85.67680873816178,503.53333333333336,402.0,806.0,60,1848.6666666666667,1504.0,2319.0,218.0167169941078,60,24.90043913523356,23.4121036529541,25.72120475769043,0.512683795339949,12842.792146587348,1,0,1,9.990951243553448,-10.738419888492617,3647.7339358639406,0.0,0,6.307692527770996,7.058823585510254,0,0,82.98392065710404,0.0055128031097352,0,0,0,1,0,0.0
7,guinea,324033,Faranah,1955,0.11388455538221529,0.09338087809226654,0.05861377312235347,4487,162.16984930441515,Kankan,85.67680873816178,503.53333333333336,402.0,806.0,60,1848.6666666666667,1504.0,2319.0,218.0167169941078,60,24.90043913523356,23.4121036529541,25.72120475769043,0.512683795339949,12842.792146587348,1,0,1,9.990951243553448,-10.738419888492617,3647.7339358639406,0.0,0,6.307692527770996,7.058823585510254,0,0,82.98392065710404,0.0055128031097352,0,0,0,1,0,0.0
7,guinea,324033,Faranah,1945,0.047748976807639835,0.0344474761255116,0.01637107776261937,2932,162.16984930441515,Kankan,85.67680873816178,503.53333333333336,402.0,806.0,60,1848.6666666666667,1504.0,2319.0,218.0167169941078,60,24.90043913523356,23.4121036529541,25.72120475769043,0.512683795339949,12842.792146587348,1,0,1,9.990951243553448,-10.738419888492617,3647.7339358639406,0.0,0,6.307692527770996,7.058823585510254,0,0,82.98392065710404,0.0055128031097352,0,0,0,1,0,0.0
7,guinea,324033,Faranah,1935,0.01607538802660754,0.007760532150776054,0.0022172949002217295,1804,162.16984930441515,Kankan,85.67680873816178,503.53333333333336,402.0,806.0,60,1848.6666666666667,1504.0,2319.0,218.0167169941078,60,24.90043913523356,23.4121036529541,25.72120475769043,0.512683795339949,12842.792146587348,1,0,1,9.990951243553448,-10.738419888492617,3647.7339358639406,0.0,0,6.307692527770996,7.058823585510254,0,0,82.98392065710404,0.0055128031097352,0,0,0,1,0,0.0
7,guinea,324033,Faranah,1925,0.018648018648018648,0.006993006993006993,0.004662004662004662,858,162.16984930441515,Kankan,85.67680873816178,503.53333333333336,402.0,806.0,60,1848.6666666666667,1504.0,2319.0,218.0167169941078,60,24.90043913523356,23.4121036529541,25.72120475769043,0.512683795339949,12842.792146587348,1,0,1,9.990951243553448,-10.738419888492617,3647.7339358639406,0.0,0,6.307692527770996,7.058823585510254,0,0,82.98392065710404,0.0055128031097352,0,0,0,1,0,0.0
7,guinea,324033,Faranah,1915,0.010660980810234541,0.0042643923240938165,0.0,469,162.16984930441515,Kankan,85.67680873816178,503.53333333333336,402.0,806.0,60,1848.6666666666667,1504.0,2319.0,218.0167169941078,60,24.90043913523356,23.4121036529541,25.72120475769043,0.512683795339949,12842.792146587348,1,0,1,9.990951243553448,-10.738419888492617,3647.7339358639406,0.0,0,6.307692527770996,7.058823585510254,0,0,82.98392065710404,0.0055128031097352,0,0,0,1,0,0.0
7,guinea,324034,Kissidougou,1975,0.1754278728606357,0.09535452322738386,0.02730236348818256,4908,149.76313552206858,Kankan,73.06306319159138,560.6969696969697,473.0,792.0,33,2088.818181818182,1824.0,2409.0,154.71350934049616,33,24.250354477853485,23.089460372924805,24.86793708801269,0.3993986923258472,6196.507469924424,0,0,0,9.24213436573056,-10.024097974173092,2878.513802541813,0.0,0,5.400000095367432,6.8214287757873535,0,1,19.46650821455519,0.3409165241271037,1,1,2,2,1,0.0001613812304517
7,guinea,324063,Lelouma,1925,0.0008424599831508003,0.0,0.0,1187,219.2423967203532,Conakry,198.48275704526745,650.3529411764706,253.0,1027.0,17,1732.3529411764705,1501.0,2062.0,169.58112449641067,17,24.517327925738165,22.397104263305664,26.711977005004883,1.1303743153418588,2721.1525913830264,0,0,0,11.501715201549215,-12.695375267255738,4033.826056985294,0.0,0,,,0,0,70.26506647370665,0.0,0,0,1,1,0,0.0
7,guinea,324034,Kissidougou,1965,0.20353317045668107,0.11990227400864499,0.038338658146964855,5321,149.76313552206858,Kankan,73.06306319159138,560.6969696969697,473.0,792.0,33,2088.818181818182,1824.0,2409.0,154.71350934049616,33,24.250354477853485,23.089460372924805,24.86793708801269,0.3993986923258472,6196.507469924424,0,0,0,9.24213436573056,-10.024097974173092,2878.513802541813,0.0,0,5.400000095367432,6.8214287757873535,0,1,19.46650821455519,0.3409165241271037,1,1,2,2,1,0.0001613812304517
7,guinea,324063,Lelouma,1915,0.0,0.0,0.0,589,219.2423967203532,Conakry,198.48275704526745,650.3529411764706,253.0,1027.0,17,1732.3529411764705,1501.0,2062.0,169.58112449641067,17,24.517327925738165,22.397104263305664,26.711977005004883,1.1303743153418588,2721.1525913830264,0,0,0,11.501715201549215,-12.695375267255738,4033.826056985294,0.0,0,,,0,0,70.26506647370665,0.0,0,0,1,1,0,0.0
7,guinea,324064,Mali,1975,0.06881287726358148,0.03641851106639839,0.013078470824949699,4970,272.0789767826931,Kayes,211.0833485981347,446.3684210526316,174.0,950.0,38,1312.157894736842,1124.0,1576.0,129.27052953436132,38,26.13949906198602,23.23212242126465,27.86772918701172,1.3791958884210176,8423.376193094495,0,0,1,12.100961571336615,-12.175495547365903,4307.291276357706,0.0,0,,,0,0,86.88757557966403,0.0,0,0,0,1,0,0.0
7,guinea,324064,Mali,1965,0.06946107784431138,0.04704875962360992,0.0174508126603935,5845,272.0789767826931,Kayes,211.0833485981347,446.3684210526316,174.0,950.0,38,1312.157894736842,1124.0,1576.0,129.27052953436132,38,26.13949906198602,23.23212242126465,27.86772918701172,1.3791958884210176,8423.376193094495,0,0,1,12.100961571336615,-12.175495547365903,4307.291276357706,0.0,0,,,0,0,86.88757557966403,0.0,0,0,0,1,0,0.0
7,guinea,324064,Mali,1955,0.07308467741935484,0.05695564516129032,0.03393817204301075,5952,272.0789767826931,Kayes,211.0833485981347,446.3684210526316,174.0,950.0,38,1312.157894736842,1124.0,1576.0,129.27052953436132,38,26.13949906198602,23.23212242126465,27.86772918701172,1.3791958884210176,8423.376193094495,0,0,1,12.100961571336615,-12.175495547365903,4307.291276357706,0.0,0,,,0,0,86.88757557966403,0.0,0,0,0,1,0,0.0
7,guinea,324064,Mali,1945,0.023311703917327564,0.012977649603460706,0.0067291516462388845,4161,272.0789767826931,Kayes,211.0833485981347,446.3684210526316,174.0,950.0,38,1312.157894736842,1124.0,1576.0,129.27052953436132,38,26.13949906198602,23.23212242126465,27.86772918701172,1.3791958884210176,8423.376193094495,0,0,1,12.100961571336615,-12.175495547365903,4307.291276357706,0.0,0,,,0,0,86.88757557966403,0.0,0,0,0,1,0,0.0
7,guinea,324064,Mali,1935,0.009796806966618287,0.0039912917271407835,0.0021770682148040637,2756,272.0789767826931,Kayes,211.0833485981347,446.3684210526316,174.0,950.0,38,1312.157894736842,1124.0,1576.0,129.27052953436132,38,26.13949906198602,23.23212242126465,27.86772918701172,1.3791958884210176,8423.376193094495,0,0,1,12.100961571336615,-12.175495547365903,4307.291276357706,0.0,0,,,0,0,86.88757557966403,0.0,0,0,0,1,0,0.0
7,guinea,324064,Mali,1925,0.007531865585168019,0.0034762456546929316,0.0011587485515643105,1726,272.0789767826931,Kayes,211.0833485981347,446.3684210526316,174.0,950.0,38,1312.157894736842,1124.0,1576.0,129.27052953436132,38,26.13949906198602,23.23212242126465,27.86772918701172,1.3791958884210176,8423.376193094495,0,0,1,12.100961571336615,-12.175495547365903,4307.291276357706,0.0,0,,,0,0,86.88757557966403,0.0,0,0,0,1,0,0.0
7,guinea,324064,Mali,1915,0.003937007874015748,0.000984251968503937,0.0,1016,272.0789767826931,Kayes,211.0833485981347,446.3684210526316,174.0,950.0,38,1312.157894736842,1124.0,1576.0,129.27052953436132,38,26.13949906198602,23.23212242126465,27.86772918701172,1.3791958884210176,8423.376193094495,0,0,1,12.100961571336615,-12.175495547365903,4307.291276357706,0.0,0,,,0,0,86.88757557966403,0.0,0,0,0,1,0,0.0
7,guinea,324034,Kissidougou,1955,0.19870848708487085,0.14280442804428045,0.07306273062730627,5420,149.76313552206858,Kankan,73.06306319159138,560.6969696969697,473.0,792.0,33,2088.818181818182,1824.0,2409.0,154.71350934049616,33,24.250354477853485,23.089460372924805,24.86793708801269,0.3993986923258472,6196.507469924424,0,0,0,9.24213436573056,-10.024097974173092,2878.513802541813,0.0,0,5.400000095367432,6.8214287757873535,0,1,19.46650821455519,0.3409165241271037,1,1,2,2,1,0.0001613812304517
7,guinea,324034,Kissidougou,1945,0.08440046565774156,0.047729918509895226,0.021827706635622817,3436,149.76313552206858,Kankan,73.06306319159138,560.6969696969697,473.0,792.0,33,2088.818181818182,1824.0,2409.0,154.71350934049616,33,24.250354477853485,23.089460372924805,24.86793708801269,0.3993986923258472,6196.507469924424,0,0,0,9.24213436573056,-10.024097974173092,2878.513802541813,0.0,0,5.400000095367432,6.8214287757873535,0,1,19.46650821455519,0.3409165241271037,1,1,2,2,1,0.0001613812304517
7,guinea,324034,Kissidougou,1935,0.023675762439807384,0.007624398073836276,0.002407704654895666,2492,149.76313552206858,Kankan,73.06306319159138,560.6969696969697,473.0,792.0,33,2088.818181818182,1824.0,2409.0,154.71350934049616,33,24.250354477853485,23.089460372924805,24.86793708801269,0.3993986923258472,6196.507469924424,0,0,0,9.24213436573056,-10.024097974173092,2878.513802541813,0.0,0,5.400000095367432,6.8214287757873535,0,1,19.46650821455519,0.3409165241271037,1,1,2,2,1,0.0001613812304517
7,guinea,324034,Kissidougou,1925,0.019823788546255508,0.005873715124816446,0.0007342143906020558,1362,149.76313552206858,Kankan,73.06306319159138,560.6969696969697,473.0,792.0,33,2088.818181818182,1824.0,2409.0,154.71350934049616,33,24.250354477853485,23.089460372924805,24.86793708801269,0.3993986923258472,6196.507469924424,0,0,0,9.24213436573056,-10.024097974173092,2878.513802541813,0.0,0,5.400000095367432,6.8214287757873535,0,1,19.46650821455519,0.3409165241271037,1,1,2,2,1,0.0001613812304517
7,guinea,324034,Kissidougou,1915,0.02079722703639515,0.005199306759098787,0.0034662045060658577,577,149.76313552206858,Kankan,73.06306319159138,560.6969696969697,473.0,792.0,33,2088.818181818182,1824.0,2409.0,154.71350934049616,33,24.250354477853485,23.089460372924805,24.86793708801269,0.3993986923258472,6196.507469924424,0,0,0,9.24213436573056,-10.024097974173092,2878.513802541813,0.0,0,5.400000095367432,6.8214287757873535,0,1,19.46650821455519,0.3409165241271037,1,1,2,2,1,0.0001613812304517
7,guinea,324041,Kankan,1975,0.15774871185097106,0.10225921521997622,0.033822169375082575,7569,43.741714402768594,Kankan,56.983334973210575,449.253164556962,372.0,608.0,79,1565.227848101266,1283.0,1962.0,155.06258021020187,79,25.53723750536955,24.172103881835938,26.751001358032227,0.6588328692240627,17353.51515468222,0,0,1,10.058359478961854,-9.103769886184988,3786.82275876477,0.0,0,6.721649646759033,11.09375,1,1,38.58726602569024,0.1895270422252953,0,1,2,2,2,0.0001152504251831
7,guinea,324041,Kankan,1965,0.16233516835232364,0.10766867238509793,0.036358980924337474,7811,43.741714402768594,Kankan,56.983334973210575,449.253164556962,372.0,608.0,79,1565.227848101266,1283.0,1962.0,155.06258021020187,79,25.53723750536955,24.172103881835938,26.751001358032227,0.6588328692240627,17353.51515468222,0,0,1,10.058359478961854,-9.103769886184988,3786.82275876477,0.0,0,6.721649646759033,11.09375,1,1,38.58726602569024,0.1895270422252953,0,1,2,2,2,0.0001152504251831
7,guinea,324041,Kankan,1955,0.18578694546482058,0.14594518225487427,0.08830178016388811,7078,43.741714402768594,Kankan,56.983334973210575,449.253164556962,372.0,608.0,79,1565.227848101266,1283.0,1962.0,155.06258021020187,79,25.53723750536955,24.172103881835938,26.751001358032227,0.6588328692240627,17353.51515468222,0,0,1,10.058359478961854,-9.103769886184988,3786.82275876477,0.0,0,6.721649646759033,11.09375,1,1,38.58726602569024,0.1895270422252953,0,1,2,2,2,0.0001152504251831
7,guinea,324041,Kankan,1945,0.08363481591828048,0.05979995743775271,0.033198552883592254,4699,43.741714402768594,Kankan,56.983334973210575,449.253164556962,372.0,608.0,79,1565.227848101266,1283.0,1962.0,155.06258021020187,79,25.53723750536955,24.172103881835938,26.751001358032227,0.6588328692240627,17353.51515468222,0,0,1,10.058359478961854,-9.103769886184988,3786.82275876477,0.0,0,6.721649646759033,11.09375,1,1,38.58726602569024,0.1895270422252953,0,1,2,2,2,0.0001152504251831
7,guinea,324041,Kankan,1935,0.035856573705179286,0.021912350597609563,0.010624169986719787,3012,43.741714402768594,Kankan,56.983334973210575,449.253164556962,372.0,608.0,79,1565.227848101266,1283.0,1962.0,155.06258021020187,79,25.53723750536955,24.172103881835938,26.751001358032227,0.6588328692240627,17353.51515468222,0,0,1,10.058359478961854,-9.103769886184988,3786.82275876477,0.0,0,6.721649646759033,11.09375,1,1,38.58726602569024,0.1895270422252953,0,1,2,2,2,0.0001152504251831
7,guinea,324041,Kankan,1925,0.016061867935752528,0.007138607971445568,0.001189767995240928,1681,43.741714402768594,Kankan,56.983334973210575,449.253164556962,372.0,608.0,79,1565.227848101266,1283.0,1962.0,155.06258021020187,79,25.53723750536955,24.172103881835938,26.751001358032227,0.6588328692240627,17353.51515468222,0,0,1,10.058359478961854,-9.103769886184988,3786.82275876477,0.0,0,6.721649646759033,11.09375,1,1,38.58726602569024,0.1895270422252953,0,1,2,2,2,0.0001152504251831
7,guinea,324041,Kankan,1915,0.012121212121212121,0.0048484848484848485,0.0024242424242424242,825,43.741714402768594,Kankan,56.983334973210575,449.253164556962,372.0,608.0,79,1565.227848101266,1283.0,1962.0,155.06258021020187,79,25.53723750536955,24.172103881835938,26.751001358032227,0.6588328692240627,17353.51515468222,0,0,1,10.058359478961854,-9.103769886184988,3786.82275876477,0.0,0,6.721649646759033,11.09375,1,1,38.58726602569024,0.1895270422252953,0,1,2,2,2,0.0001152504251831
7,guinea,324042,Kerouane,1975,0.08422818791946309,0.043288590604026844,0.015436241610738255,2980,127.84246761154895,Kankan,113.433878969024,636.4285714285714,439.0,890.0,42,1839.9285714285716,1569.0,2226.0,186.4732066617644,42,24.09670116787865,22.532209396362305,25.50091552734375,0.7310284593445602,9383.188092484244,0,0,0,9.262532021505905,-9.101206960359455,3067.199953351702,0.0,0,6.038461685180664,7.25,0,1,44.11073002661626,0.1712101166447833,0,1,1,1,1,0.0001065735856665
7,guinea,324042,Kerouane,1965,0.06361760660247592,0.03610729023383769,0.012723521320495186,2908,127.84246761154895,Kankan,113.433878969024,636.4285714285714,439.0,890.0,42,1839.9285714285716,1569.0,2226.0,186.4732066617644,42,24.09670116787865,22.532209396362305,25.50091552734375,0.7310284593445602,9383.188092484244,0,0,0,9.262532021505905,-9.101206960359455,3067.199953351702,0.0,0,6.038461685180664,7.25,0,1,44.11073002661626,0.1712101166447833,0,1,1,1,1,0.0001065735856665
7,guinea,324055,Telimele,1975,0.07220753469927296,0.03387309980171844,0.009418374091209518,6052,136.30938534869557,Conakry,129.85635224707843,343.2439024390244,150.0,736.0,41,2351.3658536585367,1963.0,2943.0,230.02796819321887,41,26.4474585928568,23.99041748046875,28.29983329772949,0.8840235427503087,7540.326729333216,0,0,0,10.919825627901265,-13.366247609741295,3756.930467688519,0.0,0,6.785714149475098,7.0,0,0,80.70599849805964,0.0058601125628997,0,0,0,2,0,0.0
7,guinea,324055,Telimele,1965,0.08455666470933647,0.05255431591309454,0.019083969465648856,6812,136.30938534869557,Conakry,129.85635224707843,343.2439024390244,150.0,736.0,41,2351.3658536585367,1963.0,2943.0,230.02796819321887,41,26.4474585928568,23.99041748046875,28.29983329772949,0.8840235427503087,7540.326729333216,0,0,0,10.919825627901265,-13.366247609741295,3756.930467688519,0.0,0,6.785714149475098,7.0,0,0,80.70599849805964,0.0058601125628997,0,0,0,2,0,0.0
7,guinea,324055,Telimele,1955,0.06852941176470588,0.04867647058823529,0.02823529411764706,6800,136.30938534869557,Conakry,129.85635224707843,343.2439024390244,150.0,736.0,41,2351.3658536585367,1963.0,2943.0,230.02796819321887,41,26.4474585928568,23.99041748046875,28.29983329772949,0.8840235427503087,7540.326729333216,0,0,0,10.919825627901265,-13.366247609741295,3756.930467688519,0.0,0,6.785714149475098,7.0,0,0,80.70599849805964,0.0058601125628997,0,0,0,2,0,0.0
7,guinea,324055,Telimele,1945,0.0223563603845294,0.01296668902302705,0.00335345405767941,4473,136.30938534869557,Conakry,129.85635224707843,343.2439024390244,150.0,736.0,41,2351.3658536585367,1963.0,2943.0,230.02796819321887,41,26.4474585928568,23.99041748046875,28.29983329772949,0.8840235427503087,7540.326729333216,0,0,0,10.919825627901265,-13.366247609741295,3756.930467688519,0.0,0,6.785714149475098,7.0,0,0,80.70599849805964,0.0058601125628997,0,0,0,2,0,0.0
7,guinea,324055,Telimele,1935,0.009015506671474938,0.00576992426974396,0.0025243418680129825,2773,136.30938534869557,Conakry,129.85635224707843,343.2439024390244,150.0,736.0,41,2351.3658536585367,1963.0,2943.0,230.02796819321887,41,26.4474585928568,23.99041748046875,28.29983329772949,0.8840235427503087,7540.326729333216,0,0,0,10.919825627901265,-13.366247609741295,3756.930467688519,0.0,0,6.785714149475098,7.0,0,0,80.70599849805964,0.0058601125628997,0,0,0,2,0,0.0
7,guinea,324055,Telimele,1925,0.0038289725590299937,0.0012763241863433313,0.0,1567,136.30938534869557,Conakry,129.85635224707843,343.2439024390244,150.0,736.0,41,2351.3658536585367,1963.0,2943.0,230.02796819321887,41,26.4474585928568,23.99041748046875,28.29983329772949,0.8840235427503087,7540.326729333216,0,0,0,10.919825627901265,-13.366247609741295,3756.930467688519,0.0,0,6.785714149475098,7.0,0,0,80.70599849805964,0.0058601125628997,0,0,0,2,0,0.0
7,guinea,324055,Telimele,1915,0.0,0.0,0.0,801,136.30938534869557,Conakry,129.85635224707843,343.2439024390244,150.0,736.0,41,2351.3658536585367,1963.0,2943.0,230.02796819321887,41,26.4474585928568,23.99041748046875,28.29983329772949,0.8840235427503087,7540.326729333216,0,0,0,10.919825627901265,-13.366247609741295,3756.930467688519,0.0,0,6.785714149475098,7.0,0,0,80.70599849805964,0.0058601125628997,0,0,0,2,0,0.0
7,guinea,324062,Labe,1975,0.15299431735392685,0.08290834911846132,0.025061926271309924,6863,228.7325045617914,Conakry,126.41121609871315,863.2666666666667,620.0,1035.0,15,1609.8666666666666,1460.0,1792.0,103.1619223464851,15,23.34169591267904,22.31366539001465,24.84539604187012,0.7666206589371728,2106.372748898527,0,0,0,11.383295213125816,-12.30998674582597,3916.895517985026,0.0,0,10.535714149475098,8.210526466369629,0,1,26.27491448039727,0.3948146760017489,0,1,1,1,1,0.0004747497804094
7,guinea,324062,Labe,1965,0.1470359823971007,0.09150918974889982,0.03818275951333161,7726,228.7325045617914,Conakry,126.41121609871315,863.2666666666667,620.0,1035.0,15,1609.8666666666666,1460.0,1792.0,103.1619223464851,15,23.34169591267904,22.31366539001465,24.84539604187012,0.7666206589371728,2106.372748898527,0,0,0,11.383295213125816,-12.30998674582597,3916.895517985026,0.0,0,10.535714149475098,8.210526466369629,0,1,26.27491448039727,0.3948146760017489,0,1,1,1,1,0.0004747497804094
7,guinea,324062,Labe,1955,0.14226483544959834,0.10922518787250583,0.06698626587198755,7718,228.7325045617914,Conakry,126.41121609871315,863.2666666666667,620.0,1035.0,15,1609.8666666666666,1460.0,1792.0,103.1619223464851,15,23.34169591267904,22.31366539001465,24.84539604187012,0.7666206589371728,2106.372748898527,0,0,0,11.383295213125816,-12.30998674582597,3916.895517985026,0.0,0,10.535714149475098,8.210526466369629,0,1,26.27491448039727,0.3948146760017489,0,1,1,1,1,0.0004747497804094
7,guinea,324062,Labe,1945,0.05527831094049904,0.03781190019193858,0.02092130518234165,5210,228.7325045617914,Conakry,126.41121609871315,863.2666666666667,620.0,1035.0,15,1609.8666666666666,1460.0,1792.0,103.1619223464851,15,23.34169591267904,22.31366539001465,24.84539604187012,0.7666206589371728,2106.372748898527,0,0,0,11.383295213125816,-12.30998674582597,3916.895517985026,0.0,0,10.535714149475098,8.210526466369629,0,1,26.27491448039727,0.3948146760017489,0,1,1,1,1,0.0004747497804094
7,guinea,324062,Labe,1935,0.021745433458973614,0.013337199188170484,0.006668599594085242,3449,228.7325045617914,Conakry,126.41121609871315,863.2666666666667,620.0,1035.0,15,1609.8666666666666,1460.0,1792.0,103.1619223464851,15,23.34169591267904,22.31366539001465,24.84539604187012,0.7666206589371728,2106.372748898527,0,0,0,11.383295213125816,-12.30998674582597,3916.895517985026,0.0,0,10.535714149475098,8.210526466369629,0,1,26.27491448039727,0.3948146760017489,0,1,1,1,1,0.0004747497804094
7,guinea,324062,Labe,1925,0.010135135135135136,0.005308880308880309,0.0019305019305019305,2072,228.7325045617914,Conakry,126.41121609871315,863.2666666666667,620.0,1035.0,15,1609.8666666666666,1460.0,1792.0,103.1619223464851,15,23.34169591267904,22.31366539001465,24.84539604187012,0.7666206589371728,2106.372748898527,0,0,0,11.383295213125816,-12.30998674582597,3916.895517985026,0.0,0,10.535714149475098,8.210526466369629,0,1,26.27491448039727,0.3948146760017489,0,1,1,1,1,0.0004747497804094
7,guinea,324062,Labe,1915,0.006227758007117438,0.0035587188612099642,0.0008896797153024911,1124,228.7325045617914,Conakry,126.41121609871315,863.2666666666667,620.0,1035.0,15,1609.8666666666666,1460.0,1792.0,103.1619223464851,15,23.34169591267904,22.31366539001465,24.84539604187012,0.7666206589371728,2106.372748898527,0,0,0,11.383295213125816,-12.30998674582597,3916.895517985026,0.0,0,10.535714149475098,8.210526466369629,0,1,26.27491448039727,0.3948146760017489,0,1,1,1,1,0.0004747497804094
7,guinea,324061,Koubia,1975,0.04865125240847784,0.028901734104046242,0.010115606936416185,2076,297.9241623431313,Conakry,159.93846816823023,602.08,364.0,968.0,25,1342.24,1159.0,1566.0,125.66567709601536,25,25.075520858764648,22.72341728210449,26.77508354187012,1.0817628198887053,3568.20924197284,0,0,1,11.77834408041746,-11.792116446643718,4297.45991821289,0.0,0,,,0,0,59.09314601715329,0.0874194546105733,0,0,1,1,0,0.0
7,guinea,324061,Koubia,1965,0.0439297124600639,0.025958466453674122,0.0075878594249201275,2504,297.9241623431313,Conakry,159.93846816823023,602.08,364.0,968.0,25,1342.24,1159.0,1566.0,125.66567709601536,25,25.075520858764648,22.72341728210449,26.77508354187012,1.0817628198887053,3568.20924197284,0,0,1,11.77834408041746,-11.792116446643718,4297.45991821289,0.0,0,,,0,0,59.09314601715329,0.0874194546105733,0,0,1,1,0,0.0
7,guinea,324061,Koubia,1955,0.041350531107739,0.028831562974203338,0.016312594840667678,2636,297.9241623431313,Conakry,159.93846816823023,602.08,364.0,968.0,25,1342.24,1159.0,1566.0,125.66567709601536,25,25.075520858764648,22.72341728210449,26.77508354187012,1.0817628198887053,3568.20924197284,0,0,1,11.77834408041746,-11.792116446643718,4297.45991821289,0.0,0,,,0,0,59.09314601715329,0.0874194546105733,0,0,1,1,0,0.0
7,guinea,324061,Koubia,1945,0.009111617312072893,0.006264236902050114,0.003416856492027335,1756,297.9241623431313,Conakry,159.93846816823023,602.08,364.0,968.0,25,1342.24,1159.0,1566.0,125.66567709601536,25,25.075520858764648,22.72341728210449,26.77508354187012,1.0817628198887053,3568.20924197284,0,0,1,11.77834408041746,-11.792116446643718,4297.45991821289,0.0,0,,,0,0,59.09314601715329,0.0874194546105733,0,0,1,1,0,0.0
7,guinea,324061,Koubia,1935,0.004071661237785016,0.0024429967426710096,0.0008143322475570033,1228,297.9241623431313,Conakry,159.93846816823023,602.08,364.0,968.0,25,1342.24,1159.0,1566.0,125.66567709601536,25,25.075520858764648,22.72341728210449,26.77508354187012,1.0817628198887053,3568.20924197284,0,0,1,11.77834408041746,-11.792116446643718,4297.45991821289,0.0,0,,,0,0,59.09314601715329,0.0874194546105733,0,0,1,1,0,0.0
7,guinea,324061,Koubia,1925,0.0,0.0,0.0,694,297.9241623431313,Conakry,159.93846816823023,602.08,364.0,968.0,25,1342.24,1159.0,1566.0,125.66567709601536,25,25.075520858764648,22.72341728210449,26.77508354187012,1.0817628198887053,3568.20924197284,0,0,1,11.77834408041746,-11.792116446643718,4297.45991821289,0.0,0,,,0,0,59.09314601715329,0.0874194546105733,0,0,1,1,0,0.0
7,guinea,324061,Koubia,1915,0.004830917874396135,0.0024154589371980675,0.0,414,297.9241623431313,Conakry,159.93846816823023,602.08,364.0,968.0,25,1342.24,1159.0,1566.0,125.66567709601536,25,25.075520858764648,22.72341728210449,26.77508354187012,1.0817628198887053,3568.20924197284,0,0,1,11.77834408041746,-11.792116446643718,4297.45991821289,0.0,0,,,0,0,59.09314601715329,0.0874194546105733,0,0,1,1,0,0.0
7,guinea,324063,Lelouma,1975,0.052613713509843854,0.021384928716904276,0.005431093007467753,2946,219.2423967203532,Conakry,198.48275704526745,650.3529411764706,253.0,1027.0,17,1732.3529411764705,1501.0,2062.0,169.58112449641067,17,24.517327925738165,22.397104263305664,26.711977005004883,1.1303743153418588,2721.1525913830264,0,0,0,11.501715201549215,-12.695375267255738,4033.826056985294,0.0,0,,,0,0,70.26506647370665,0.0,0,0,1,1,0,0.0
7,guinea,324063,Lelouma,1965,0.02920723226703755,0.013073713490959666,0.004728789986091794,3595,219.2423967203532,Conakry,198.48275704526745,650.3529411764706,253.0,1027.0,17,1732.3529411764705,1501.0,2062.0,169.58112449641067,17,24.517327925738165,22.397104263305664,26.711977005004883,1.1303743153418588,2721.1525913830264,0,0,0,11.501715201549215,-12.695375267255738,4033.826056985294,0.0,0,,,0,0,70.26506647370665,0.0,0,0,1,1,0,0.0
7,guinea,324063,Lelouma,1955,0.029080429656798534,0.016505108724128897,0.010479434110558029,3817,219.2423967203532,Conakry,198.48275704526745,650.3529411764706,253.0,1027.0,17,1732.3529411764705,1501.0,2062.0,169.58112449641067,17,24.517327925738165,22.397104263305664,26.711977005004883,1.1303743153418588,2721.1525913830264,0,0,0,11.501715201549215,-12.695375267255738,4033.826056985294,0.0,0,,,0,0,70.26506647370665,0.0,0,0,1,1,0,0.0
7,guinea,324063,Lelouma,1945,0.012996389891696752,0.009025270758122744,0.005415162454873646,2770,219.2423967203532,Conakry,198.48275704526745,650.3529411764706,253.0,1027.0,17,1732.3529411764705,1501.0,2062.0,169.58112449641067,17,24.517327925738165,22.397104263305664,26.711977005004883,1.1303743153418588,2721.1525913830264,0,0,0,11.501715201549215,-12.695375267255738,4033.826056985294,0.0,0,,,0,0,70.26506647370665,0.0,0,0,1,1,0,0.0
7,guinea,324065,Tougue,1975,0.11326860841423948,0.059223300970873784,0.019417475728155338,3090,270.3725880862788,Kankan,115.38512189382834,643.6969696969697,324.0,812.0,33,1360.8181818181818,1173.0,1564.0,108.0133141471821,33,24.73048695650968,23.67254066467285,26.903329849243164,0.7835923598185951,6010.842418535372,1,0,1,11.501666746461542,-11.518177778613648,4233.842010916096,0.0,0,,,0,0,63.89798626631388,0.0685276946205678,0,0,1,1,0,0.0
7,guinea,324065,Tougue,1965,0.11178918169209431,0.06851595006934813,0.03162274618585298,3605,270.3725880862788,Kankan,115.38512189382834,643.6969696969697,324.0,812.0,33,1360.8181818181818,1173.0,1564.0,108.0133141471821,33,24.73048695650968,23.67254066467285,26.903329849243164,0.7835923598185951,6010.842418535372,1,0,1,11.501666746461542,-11.518177778613648,4233.842010916096,0.0,0,,,0,0,63.89798626631388,0.0685276946205678,0,0,1,1,0,0.0
7,guinea,324065,Tougue,1955,0.12227668845315905,0.09259259259259259,0.059640522875817,3672,270.3725880862788,Kankan,115.38512189382834,643.6969696969697,324.0,812.0,33,1360.8181818181818,1173.0,1564.0,108.0133141471821,33,24.73048695650968,23.67254066467285,26.903329849243164,0.7835923598185951,6010.842418535372,1,0,1,11.501666746461542,-11.518177778613648,4233.842010916096,0.0,0,,,0,0,63.89798626631388,0.0685276946205678,0,0,1,1,0,0.0
7,guinea,324065,Tougue,1945,0.04732107938991005,0.03441533046538913,0.014470082127493155,2557,270.3725880862788,Kankan,115.38512189382834,643.6969696969697,324.0,812.0,33,1360.8181818181818,1173.0,1564.0,108.0133141471821,33,24.73048695650968,23.67254066467285,26.903329849243164,0.7835923598185951,6010.842418535372,1,0,1,11.501666746461542,-11.518177778613648,4233.842010916096,0.0,0,,,0,0,63.89798626631388,0.0685276946205678,0,0,1,1,0,0.0
7,guinea,324065,Tougue,1935,0.01406799531066823,0.005275498241500586,0.0017584994138335288,1706,270.3725880862788,Kankan,115.38512189382834,643.6969696969697,324.0,812.0,33,1360.8181818181818,1173.0,1564.0,108.0133141471821,33,24.73048695650968,23.67254066467285,26.903329849243164,0.7835923598185951,6010.842418535372,1,0,1,11.501666746461542,-11.518177778613648,4233.842010916096,0.0,0,,,0,0,63.89798626631388,0.0685276946205678,0,0,1,1,0,0.0
7,guinea,324065,Tougue,1925,0.010550996483001172,0.007033997655334115,0.0023446658851113715,853,270.3725880862788,Kankan,115.38512189382834,643.6969696969697,324.0,812.0,33,1360.8181818181818,1173.0,1564.0,108.0133141471821,33,24.73048695650968,23.67254066467285,26.903329849243164,0.7835923598185951,6010.842418535372,1,0,1,11.501666746461542,-11.518177778613648,4233.842010916096,0.0,0,,,0,0,63.89798626631388,0.0685276946205678,0,0,1,1,0,0.0
7,guinea,324065,Tougue,1915,0.00702576112412178,0.0,0.0,427,270.3725880862788,Kankan,115.38512189382834,643.6969696969697,324.0,812.0,33,1360.8181818181818,1173.0,1564.0,108.0133141471821,33,24.73048695650968,23.67254066467285,26.903329849243164,0.7835923598185951,6010.842418535372,1,0,1,11.501666746461542,-11.518177778613648,4233.842010916096,0.0,0,,,0,0,63.89798626631388,0.0685276946205678,0,0,1,1,0,0.0
7,guinea,324071,Dalaba,1975,0.09969635627530364,0.05642712550607287,0.02327935222672065,3952,201.83295467844223,Conakry,162.5169145043063,771.05,438.0,1087.0,20,1718.75,1503.0,1995.0,147.47809159329395,20,23.855595302581783,22.03249931335449,25.9852294921875,0.9726363656564462,3102.838969566229,0,0,0,10.914049648502118,-12.142742648025031,3907.825638620477,0.0,0,5.214285850524902,,0,0,46.339189354019645,0.1303828991844458,0,1,2,3,0,0.0
7,guinea,324071,Dalaba,1965,0.11017298187808897,0.07125205930807249,0.030683690280065897,4856,201.83295467844223,Conakry,162.5169145043063,771.05,438.0,1087.0,20,1718.75,1503.0,1995.0,147.47809159329395,20,23.855595302581783,22.03249931335449,25.9852294921875,0.9726363656564462,3102.838969566229,0,0,0,10.914049648502118,-12.142742648025031,3907.825638620477,0.0,0,5.214285850524902,,0,0,46.339189354019645,0.1303828991844458,0,1,2,3,0,0.0
7,guinea,324071,Dalaba,1955,0.1088407849484119,0.0821363544406231,0.05563423022455998,4943,201.83295467844223,Conakry,162.5169145043063,771.05,438.0,1087.0,20,1718.75,1503.0,1995.0,147.47809159329395,20,23.855595302581783,22.03249931335449,25.9852294921875,0.9726363656564462,3102.838969566229,0,0,0,10.914049648502118,-12.142742648025031,3907.825638620477,0.0,0,5.214285850524902,,0,0,46.339189354019645,0.1303828991844458,0,1,2,3,0,0.0
7,guinea,324071,Dalaba,1945,0.041853932584269664,0.030337078651685393,0.016292134831460674,3560,201.83295467844223,Conakry,162.5169145043063,771.05,438.0,1087.0,20,1718.75,1503.0,1995.0,147.47809159329395,20,23.855595302581783,22.03249931335449,25.9852294921875,0.9726363656564462,3102.838969566229,0,0,0,10.914049648502118,-12.142742648025031,3907.825638620477,0.0,0,5.214285850524902,,0,0,46.339189354019645,0.1303828991844458,0,1,2,3,0,0.0
7,guinea,324071,Dalaba,1935,0.015687851971037812,0.008447304907481898,0.004424778761061947,2486,201.83295467844223,Conakry,162.5169145043063,771.05,438.0,1087.0,20,1718.75,1503.0,1995.0,147.47809159329395,20,23.855595302581783,22.03249931335449,25.9852294921875,0.9726363656564462,3102.838969566229,0,0,0,10.914049648502118,-12.142742648025031,3907.825638620477,0.0,0,5.214285850524902,,0,0,46.339189354019645,0.1303828991844458,0,1,2,3,0,0.0
7,guinea,324071,Dalaba,1925,0.011772400261608895,0.004578155657292348,0.0013080444735120995,1529,201.83295467844223,Conakry,162.5169145043063,771.05,438.0,1087.0,20,1718.75,1503.0,1995.0,147.47809159329395,20,23.855595302581783,22.03249931335449,25.9852294921875,0.9726363656564462,3102.838969566229,0,0,0,10.914049648502118,-12.142742648025031,3907.825638620477,0.0,0,5.214285850524902,,0,0,46.339189354019645,0.1303828991844458,0,1,2,3,0,0.0
7,guinea,324071,Dalaba,1915,0.004895960832313341,0.0,0.0,817,201.83295467844223,Conakry,162.5169145043063,771.05,438.0,1087.0,20,1718.75,1503.0,1995.0,147.47809159329395,20,23.855595302581783,22.03249931335449,25.9852294921875,0.9726363656564462,3102.838969566229,0,0,0,10.914049648502118,-12.142742648025031,3907.825638620477,0.0,0,5.214285850524902,,0,0,46.339189354019645,0.1303828991844458,0,1,2,3,0,0.0
7,guinea,324073,Pita,1975,0.09748196141952584,0.048446473273450155,0.014283610661169194,6791,163.97247772600284,Conakry,254.02590364414064,656.5833333333334,253.0,1035.0,24,1924.0,1624.0,2230.0,165.93296839386682,24,24.527236700057983,22.31366539001465,27.162353515625,1.5495652898590162,4507.909775287474,0,0,0,10.898096318004642,-12.638958331051104,3782.396520543981,0.0,0,6.529411792755127,7.875,0,0,71.11250868193102,7.070063907016671e-05,0,0,1,3,0,0.0
7,guinea,324073,Pita,1965,0.07968672302337146,0.04686723023371457,0.019890601690701143,8044,163.97247772600284,Conakry,254.02590364414064,656.5833333333334,253.0,1035.0,24,1924.0,1624.0,2230.0,165.93296839386682,24,24.527236700057983,22.31366539001465,27.162353515625,1.5495652898590162,4507.909775287474,0,0,0,10.898096318004642,-12.638958331051104,3782.396520543981,0.0,0,6.529411792755127,7.875,0,0,71.11250868193102,7.070063907016671e-05,0,0,1,3,0,0.0
7,guinea,324073,Pita,1955,0.076769807782466,0.055789967182372245,0.03492733239568683,8532,163.97247772600284,Conakry,254.02590364414064,656.5833333333334,253.0,1035.0,24,1924.0,1624.0,2230.0,165.93296839386682,24,24.527236700057983,22.31366539001465,27.162353515625,1.5495652898590162,4507.909775287474,0,0,0,10.898096318004642,-12.638958331051104,3782.396520543981,0.0,0,6.529411792755127,7.875,0,0,71.11250868193102,7.070063907016671e-05,0,0,1,3,0,0.0
7,guinea,324073,Pita,1945,0.028001341381623072,0.018611670020120725,0.009557344064386318,5964,163.97247772600284,Conakry,254.02590364414064,656.5833333333334,253.0,1035.0,24,1924.0,1624.0,2230.0,165.93296839386682,24,24.527236700057983,22.31366539001465,27.162353515625,1.5495652898590162,4507.909775287474,0,0,0,10.898096318004642,-12.638958331051104,3782.396520543981,0.0,0,6.529411792755127,7.875,0,0,71.11250868193102,7.070063907016671e-05,0,0,1,3,0,0.0
7,guinea,324073,Pita,1935,0.007498790517658442,0.004596032897919691,0.0016932752781809385,4134,163.97247772600284,Conakry,254.02590364414064,656.5833333333334,253.0,1035.0,24,1924.0,1624.0,2230.0,165.93296839386682,24,24.527236700057983,22.31366539001465,27.162353515625,1.5495652898590162,4507.909775287474,0,0,0,10.898096318004642,-12.638958331051104,3782.396520543981,0.0,0,6.529411792755127,7.875,0,0,71.11250868193102,7.070063907016671e-05,0,0,1,3,0,0.0
7,guinea,324073,Pita,1925,0.005622837370242215,0.0025951557093425604,0.0008650519031141869,2312,163.97247772600284,Conakry,254.02590364414064,656.5833333333334,253.0,1035.0,24,1924.0,1624.0,2230.0,165.93296839386682,24,24.527236700057983,22.31366539001465,27.162353515625,1.5495652898590162,4507.909775287474,0,0,0,10.898096318004642,-12.638958331051104,3782.396520543981,0.0,0,6.529411792755127,7.875,0,0,71.11250868193102,7.070063907016671e-05,0,0,1,3,0,0.0
7,guinea,324073,Pita,1915,0.005546751188589541,0.000792393026941363,0.0,1262,163.97247772600284,Conakry,254.02590364414064,656.5833333333334,253.0,1035.0,24,1924.0,1624.0,2230.0,165.93296839386682,24,24.527236700057983,22.31366539001465,27.162353515625,1.5495652898590162,4507.909775287474,0,0,0,10.898096318004642,-12.638958331051104,3782.396520543981,0.0,0,6.529411792755127,7.875,0,0,71.11250868193102,7.070063907016671e-05,0,0,1,3,0,0.0
7,guinea,324081,Beyla,1975,0.07386363636363637,0.042711598746081506,0.012343260188087775,5104,198.61100838575703,Kankan,99.90202978696456,596.5333333333333,433.0,832.0,60,1591.4,1306.0,1960.0,163.25472938529734,60,24.353512732187905,23.165000915527344,25.505746841430664,0.6664568588085354,12529.532514480388,0,0,1,8.894537515712567,-8.327880709698327,3064.8250260416667,0.0,0,5.0,7.136986255645752,0,1,20.00000589562235,0.1564577772016348,1,1,1,1,1,7.981143740552964e-05
7,guinea,324081,Beyla,1965,0.06383777694329704,0.03661284265865565,0.014832895230942547,5326,198.61100838575703,Kankan,99.90202978696456,596.5333333333333,433.0,832.0,60,1591.4,1306.0,1960.0,163.25472938529734,60,24.353512732187905,23.165000915527344,25.505746841430664,0.6664568588085354,12529.532514480388,0,0,1,8.894537515712567,-8.327880709698327,3064.8250260416667,0.0,0,5.0,7.136986255645752,0,1,20.00000589562235,0.1564577772016348,1,1,1,1,1,7.981143740552964e-05
7,guinea,324081,Beyla,1955,0.06271709764569665,0.04399845619451949,0.027016595908915475,5182,198.61100838575703,Kankan,99.90202978696456,596.5333333333333,433.0,832.0,60,1591.4,1306.0,1960.0,163.25472938529734,60,24.353512732187905,23.165000915527344,25.505746841430664,0.6664568588085354,12529.532514480388,0,0,1,8.894537515712567,-8.327880709698327,3064.8250260416667,0.0,0,5.0,7.136986255645752,0,1,20.00000589562235,0.1564577772016348,1,1,1,1,1,7.981143740552964e-05
7,guinea,324081,Beyla,1945,0.03518728717366629,0.02185017026106697,0.010783200908059024,3524,198.61100838575703,Kankan,99.90202978696456,596.5333333333333,433.0,832.0,60,1591.4,1306.0,1960.0,163.25472938529734,60,24.353512732187905,23.165000915527344,25.505746841430664,0.6664568588085354,12529.532514480388,0,0,1,8.894537515712567,-8.327880709698327,3064.8250260416667,0.0,0,5.0,7.136986255645752,0,1,20.00000589562235,0.1564577772016348,1,1,1,1,1,7.981143740552964e-05
7,guinea,324081,Beyla,1935,0.015034538805363673,0.00690776107273466,0.002438033319788704,2461,198.61100838575703,Kankan,99.90202978696456,596.5333333333333,433.0,832.0,60,1591.4,1306.0,1960.0,163.25472938529734,60,24.353512732187905,23.165000915527344,25.505746841430664,0.6664568588085354,12529.532514480388,0,0,1,8.894537515712567,-8.327880709698327,3064.8250260416667,0.0,0,5.0,7.136986255645752,0,1,20.00000589562235,0.1564577772016348,1,1,1,1,1,7.981143740552964e-05
7,guinea,324081,Beyla,1925,0.005331302361005331,0.002284843869002285,0.0,1313,198.61100838575703,Kankan,99.90202978696456,596.5333333333333,433.0,832.0,60,1591.4,1306.0,1960.0,163.25472938529734,60,24.353512732187905,23.165000915527344,25.505746841430664,0.6664568588085354,12529.532514480388,0,0,1,8.894537515712567,-8.327880709698327,3064.8250260416667,0.0,0,5.0,7.136986255645752,0,1,20.00000589562235,0.1564577772016348,1,1,1,1,1,7.981143740552964e-05
7,guinea,324081,Beyla,1915,0.008097165991902834,0.001349527665317139,0.0,741,198.61100838575703,Kankan,99.90202978696456,596.5333333333333,433.0,832.0,60,1591.4,1306.0,1960.0,163.25472938529734,60,24.353512732187905,23.165000915527344,25.505746841430664,0.6664568588085354,12529.532514480388,0,0,1,8.894537515712567,-8.327880709698327,3064.8250260416667,0.0,0,5.0,7.136986255645752,0,1,20.00000589562235,0.1564577772016348,1,1,1,1,1,7.981143740552964e-05
7,guinea,324082,Gueckedou,1975,0.17789909638554216,0.09958584337349398,0.028237951807228916,5312,216.61718339815883,Kankan,92.93628917787628,466.0,261.0,613.0,26,2449.1153846153848,2208.0,2673.0,131.34960013498824,26,24.87334486154409,24.103540420532227,25.69158363342285,0.4840212395585094,4129.617021709591,0,0,1,8.697725762944724,-10.287264041924976,2692.482870296556,0.0,0,5.0,6.363636493682861,0,0,54.9221926621688,0.0340775604298784,0,0,2,2,0,0.0
7,guinea,324082,Gueckedou,1965,0.1825761442913051,0.10481538199761783,0.028245703590267145,5877,216.61718339815883,Kankan,92.93628917787628,466.0,261.0,613.0,26,2449.1153846153848,2208.0,2673.0,131.34960013498824,26,24.87334486154409,24.103540420532227,25.69158363342285,0.4840212395585094,4129.617021709591,0,0,1,8.697725762944724,-10.287264041924976,2692.482870296556,0.0,0,5.0,6.363636493682861,0,0,54.9221926621688,0.0340775604298784,0,0,2,2,0,0.0
7,guinea,324082,Gueckedou,1955,0.18628719275549807,0.14359637774902975,0.07410829791166143,5411,216.61718339815883,Kankan,92.93628917787628,466.0,261.0,613.0,26,2449.1153846153848,2208.0,2673.0,131.34960013498824,26,24.87334486154409,24.103540420532227,25.69158363342285,0.4840212395585094,4129.617021709591,0,0,1,8.697725762944724,-10.287264041924976,2692.482870296556,0.0,0,5.0,6.363636493682861,0,0,54.9221926621688,0.0340775604298784,0,0,2,2,0,0.0
7,guinea,324082,Gueckedou,1945,0.06219806763285024,0.041666666666666664,0.018719806763285024,3312,216.61718339815883,Kankan,92.93628917787628,466.0,261.0,613.0,26,2449.1153846153848,2208.0,2673.0,131.34960013498824,26,24.87334486154409,24.103540420532227,25.69158363342285,0.4840212395585094,4129.617021709591,0,0,1,8.697725762944724,-10.287264041924976,2692.482870296556,0.0,0,5.0,6.363636493682861,0,0,54.9221926621688,0.0340775604298784,0,0,2,2,0,0.0
7,guinea,324082,Gueckedou,1935,0.026785714285714284,0.010551948051948052,0.0036525974025974025,2464,216.61718339815883,Kankan,92.93628917787628,466.0,261.0,613.0,26,2449.1153846153848,2208.0,2673.0,131.34960013498824,26,24.87334486154409,24.103540420532227,25.69158363342285,0.4840212395585094,4129.617021709591,0,0,1,8.697725762944724,-10.287264041924976,2692.482870296556,0.0,0,5.0,6.363636493682861,0,0,54.9221926621688,0.0340775604298784,0,0,2,2,0,0.0
7,guinea,324082,Gueckedou,1925,0.0110573600552868,0.0048375950241879755,0.00138217000691085,1447,216.61718339815883,Kankan,92.93628917787628,466.0,261.0,613.0,26,2449.1153846153848,2208.0,2673.0,131.34960013498824,26,24.87334486154409,24.103540420532227,25.69158363342285,0.4840212395585094,4129.617021709591,0,0,1,8.697725762944724,-10.287264041924976,2692.482870296556,0.0,0,5.0,6.363636493682861,0,0,54.9221926621688,0.0340775604298784,0,0,2,2,0,0.0
7,guinea,324082,Gueckedou,1915,0.008633093525179856,0.0014388489208633094,0.0,695,216.61718339815883,Kankan,92.93628917787628,466.0,261.0,613.0,26,2449.1153846153848,2208.0,2673.0,131.34960013498824,26,24.87334486154409,24.103540420532227,25.69158363342285,0.4840212395585094,4129.617021709591,0,0,1,8.697725762944724,-10.287264041924976,2692.482870296556,0.0,0,5.0,6.363636493682861,0,0,54.9221926621688,0.0340775604298784,0,0,2,2,0,0.0
7,guinea,324083,Lola,1975,0.18102613746369797,0.09841884478864149,0.037108744756373026,3099,288.43994193992864,Kankan,77.10933536219852,560.52,449.0,780.0,25,1726.08,1457.0,2013.0,142.28082653681767,25,23.94583602905273,23.165000915527344,24.43537330627441,0.3565856788191673,4362.815756803369,0,0,1,7.989293277161786,-8.325990636987772,2763.8514169546274,0.0,0,,6.936708927154541,0,0,80.91174704491804,0.0,0,0,0,1,0,0.0
7,guinea,324083,Lola,1965,0.17515209734229908,0.09317963496637849,0.0281780339417227,3123,288.43994193992864,Kankan,77.10933536219852,560.52,449.0,780.0,25,1726.08,1457.0,2013.0,142.28082653681767,25,23.94583602905273,23.165000915527344,24.43537330627441,0.3565856788191673,4362.815756803369,0,0,1,7.989293277161786,-8.325990636987772,2763.8514169546274,0.0,0,,6.936708927154541,0,0,80.91174704491804,0.0,0,0,0,1,0,0.0
7,guinea,324083,Lola,1955,0.152669160149609,0.10982658959537572,0.05610336620197212,2941,288.43994193992864,Kankan,77.10933536219852,560.52,449.0,780.0,25,1726.08,1457.0,2013.0,142.28082653681767,25,23.94583602905273,23.165000915527344,24.43537330627441,0.3565856788191673,4362.815756803369,0,0,1,7.989293277161786,-8.325990636987772,2763.8514169546274,0.0,0,,6.936708927154541,0,0,80.91174704491804,0.0,0,0,0,1,0,0.0
7,guinea,324083,Lola,1945,0.057317751808569836,0.028937117417918753,0.01335559265442404,1797,288.43994193992864,Kankan,77.10933536219852,560.52,449.0,780.0,25,1726.08,1457.0,2013.0,142.28082653681767,25,23.94583602905273,23.165000915527344,24.43537330627441,0.3565856788191673,4362.815756803369,0,0,1,7.989293277161786,-8.325990636987772,2763.8514169546274,0.0,0,,6.936708927154541,0,0,80.91174704491804,0.0,0,0,0,1,0,0.0
7,guinea,324083,Lola,1935,0.01710097719869707,0.010586319218241042,0.005700325732899023,1228,288.43994193992864,Kankan,77.10933536219852,560.52,449.0,780.0,25,1726.08,1457.0,2013.0,142.28082653681767,25,23.94583602905273,23.165000915527344,24.43537330627441,0.3565856788191673,4362.815756803369,0,0,1,7.989293277161786,-8.325990636987772,2763.8514169546274,0.0,0,,6.936708927154541,0,0,80.91174704491804,0.0,0,0,0,1,0,0.0
7,guinea,324083,Lola,1925,0.014025245441795231,0.005610098176718092,0.001402524544179523,713,288.43994193992864,Kankan,77.10933536219852,560.52,449.0,780.0,25,1726.08,1457.0,2013.0,142.28082653681767,25,23.94583602905273,23.165000915527344,24.43537330627441,0.3565856788191673,4362.815756803369,0,0,1,7.989293277161786,-8.325990636987772,2763.8514169546274,0.0,0,,6.936708927154541,0,0,80.91174704491804,0.0,0,0,0,1,0,0.0
7,guinea,324083,Lola,1915,0.007168458781362007,0.0035842293906810036,0.0035842293906810036,279,288.43994193992864,Kankan,77.10933536219852,560.52,449.0,780.0,25,1726.08,1457.0,2013.0,142.28082653681767,25,23.94583602905273,23.165000915527344,24.43537330627441,0.3565856788191673,4362.815756803369,0,0,1,7.989293277161786,-8.325990636987772,2763.8514169546274,0.0,0,,6.936708927154541,0,0,80.91174704491804,0.0,0,0,0,1,0,0.0
7,guinea,324084,Macenta,1975,0.17675013708645587,0.09559495521842441,0.030341802229939683,5471,216.28666228411183,Kankan,116.88455843266894,612.0,423.0,890.0,40,2219.85,1895.0,2570.0,188.7330853348188,40,23.798448085784912,22.52254295349121,24.641206741333008,0.5514114396672901,8066.284273954159,0,0,1,8.44799886840457,-9.337519027792496,2760.3787828671034,0.0,0,,7.5714287757873535,0,0,69.66559383170487,0.0012611285108134,0,0,1,2,0,0.0
7,guinea,324084,Macenta,1965,0.1948254905365515,0.10748393818371245,0.02986629623198472,5759,216.28666228411183,Kankan,116.88455843266894,612.0,423.0,890.0,40,2219.85,1895.0,2570.0,188.7330853348188,40,23.798448085784912,22.52254295349121,24.641206741333008,0.5514114396672901,8066.284273954159,0,0,1,8.44799886840457,-9.337519027792496,2760.3787828671034,0.0,0,,7.5714287757873535,0,0,69.66559383170487,0.0012611285108134,0,0,1,2,0,0.0
7,guinea,324084,Macenta,1955,0.18401522359657468,0.13491912464319694,0.069267364414843,5255,216.28666228411183,Kankan,116.88455843266894,612.0,423.0,890.0,40,2219.85,1895.0,2570.0,188.7330853348188,40,23.798448085784912,22.52254295349121,24.641206741333008,0.5514114396672901,8066.284273954159,0,0,1,8.44799886840457,-9.337519027792496,2760.3787828671034,0.0,0,,7.5714287757873535,0,0,69.66559383170487,0.0012611285108134,0,0,1,2,0,0.0
7,guinea,324084,Macenta,1945,0.07432216905901116,0.044657097288676235,0.016267942583732056,3135,216.28666228411183,Kankan,116.88455843266894,612.0,423.0,890.0,40,2219.85,1895.0,2570.0,188.7330853348188,40,23.798448085784912,22.52254295349121,24.641206741333008,0.5514114396672901,8066.284273954159,0,0,1,8.44799886840457,-9.337519027792496,2760.3787828671034,0.0,0,,7.5714287757873535,0,0,69.66559383170487,0.0012611285108134,0,0,1,2,0,0.0
7,guinea,324084,Macenta,1935,0.0199836867862969,0.008156606851549755,0.00367047308319739,2452,216.28666228411183,Kankan,116.88455843266894,612.0,423.0,890.0,40,2219.85,1895.0,2570.0,188.7330853348188,40,23.798448085784912,22.52254295349121,24.641206741333008,0.5514114396672901,8066.284273954159,0,0,1,8.44799886840457,-9.337519027792496,2760.3787828671034,0.0,0,,7.5714287757873535,0,0,69.66559383170487,0.0012611285108134,0,0,1,2,0,0.0
7,guinea,324084,Macenta,1925,0.0199501246882793,0.008104738154613466,0.0018703241895261845,1604,216.28666228411183,Kankan,116.88455843266894,612.0,423.0,890.0,40,2219.85,1895.0,2570.0,188.7330853348188,40,23.798448085784912,22.52254295349121,24.641206741333008,0.5514114396672901,8066.284273954159,0,0,1,8.44799886840457,-9.337519027792496,2760.3787828671034,0.0,0,,7.5714287757873535,0,0,69.66559383170487,0.0012611285108134,0,0,1,2,0,0.0
7,guinea,324084,Macenta,1915,0.023035230352303523,0.006775067750677507,0.0013550135501355014,738,216.28666228411183,Kankan,116.88455843266894,612.0,423.0,890.0,40,2219.85,1895.0,2570.0,188.7330853348188,40,23.798448085784912,22.52254295349121,24.641206741333008,0.5514114396672901,8066.284273954159,0,0,1,8.44799886840457,-9.337519027792496,2760.3787828671034,0.0,0,,7.5714287757873535,0,0,69.66559383170487,0.0012611285108134,0,0,1,2,0,0.0
7,guinea,324085,Nzerekore,1975,0.23664954071306243,0.12891172349369454,0.044371788883699206,6423,277.0531402495441,Kankan,86.74643632378239,522.3181818181819,432.0,706.0,22,1926.5454545454545,1671.0,2175.0,123.3515770886126,22,24.077305013483222,23.17591857910156,24.47660255432129,0.3683333950827386,4029.6324789022246,0,0,1,7.95523662565615,-8.792082857573947,2687.9758837890627,0.0,0,6.125,8.84375,0,0,97.4465919321942,0.0,0,0,0,1,0,0.0
7,guinea,324085,Nzerekore,1965,0.24829983376152334,0.13661780262959045,0.043222003929273084,6617,277.0531402495441,Kankan,86.74643632378239,522.3181818181819,432.0,706.0,22,1926.5454545454545,1671.0,2175.0,123.3515770886126,22,24.077305013483222,23.17591857910156,24.47660255432129,0.3683333950827386,4029.6324789022246,0,0,1,7.95523662565615,-8.792082857573947,2687.9758837890627,0.0,0,6.125,8.84375,0,0,97.4465919321942,0.0,0,0,0,1,0,0.0
7,guinea,324085,Nzerekore,1955,0.23622614332012964,0.16276557436082104,0.08336334173568599,5554,277.0531402495441,Kankan,86.74643632378239,522.3181818181819,432.0,706.0,22,1926.5454545454545,1671.0,2175.0,123.3515770886126,22,24.077305013483222,23.17591857910156,24.47660255432129,0.3683333950827386,4029.6324789022246,0,0,1,7.95523662565615,-8.792082857573947,2687.9758837890627,0.0,0,6.125,8.84375,0,0,97.4465919321942,0.0,0,0,0,1,0,0.0
7,guinea,324085,Nzerekore,1945,0.09217960154623847,0.05352363960749331,0.025869759143621766,3363,277.0531402495441,Kankan,86.74643632378239,522.3181818181819,432.0,706.0,22,1926.5454545454545,1671.0,2175.0,123.3515770886126,22,24.077305013483222,23.17591857910156,24.47660255432129,0.3683333950827386,4029.6324789022246,0,0,1,7.95523662565615,-8.792082857573947,2687.9758837890627,0.0,0,6.125,8.84375,0,0,97.4465919321942,0.0,0,0,0,1,0,0.0
7,guinea,324085,Nzerekore,1935,0.02660841938046068,0.009928514694201748,0.003574265289912629,2518,277.0531402495441,Kankan,86.74643632378239,522.3181818181819,432.0,706.0,22,1926.5454545454545,1671.0,2175.0,123.3515770886126,22,24.077305013483222,23.17591857910156,24.47660255432129,0.3683333950827386,4029.6324789022246,0,0,1,7.95523662565615,-8.792082857573947,2687.9758837890627,0.0,0,6.125,8.84375,0,0,97.4465919321942,0.0,0,0,0,1,0,0.0
7,guinea,324085,Nzerekore,1925,0.01660649819494585,0.006498194945848376,0.0007220216606498195,1385,277.0531402495441,Kankan,86.74643632378239,522.3181818181819,432.0,706.0,22,1926.5454545454545,1671.0,2175.0,123.3515770886126,22,24.077305013483222,23.17591857910156,24.47660255432129,0.3683333950827386,4029.6324789022246,0,0,1,7.95523662565615,-8.792082857573947,2687.9758837890627,0.0,0,6.125,8.84375,0,0,97.4465919321942,0.0,0,0,0,1,0,0.0
7,guinea,324085,Nzerekore,1915,0.02304147465437788,0.004608294930875576,0.0015360983102918587,651,277.0531402495441,Kankan,86.74643632378239,522.3181818181819,432.0,706.0,22,1926.5454545454545,1671.0,2175.0,123.3515770886126,22,24.077305013483222,23.17591857910156,24.47660255432129,0.3683333950827386,4029.6324789022246,0,0,1,7.95523662565615,-8.792082857573947,2687.9758837890627,0.0,0,6.125,8.84375,0,0,97.4465919321942,0.0,0,0,0,1,0,0.0
7,guinea,324086,Yomou,1975,0.18999028182701652,0.09329446064139942,0.029154518950437316,2058,224.58065192053596,Monrovia,55.8053602008518,400.8421052631579,289.0,480.0,19,2065.0526315789475,1962.0,2175.0,47.78953164846938,19,24.71700507716129,24.230270385742188,25.26181030273437,0.3221867412808972,3244.0092040502063,0,0,1,7.540515833794631,-9.112308231492795,2577.412970648872,0.0,0,4.772727489471436,5.69444465637207,0,0,94.05698210709518,0.0,0,0,0,1,0,0.0
7,guinea,324086,Yomou,1965,0.16301075268817206,0.08473118279569893,0.0189247311827957,2325,224.58065192053596,Monrovia,55.8053602008518,400.8421052631579,289.0,480.0,19,2065.0526315789475,1962.0,2175.0,47.78953164846938,19,24.71700507716129,24.230270385742188,25.26181030273437,0.3221867412808972,3244.0092040502063,0,0,1,7.540515833794631,-9.112308231492795,2577.412970648872,0.0,0,4.772727489471436,5.69444465637207,0,0,94.05698210709518,0.0,0,0,0,1,0,0.0
7,guinea,324086,Yomou,1955,0.16398546964193045,0.10897768552153607,0.04929942916450441,1927,224.58065192053596,Monrovia,55.8053602008518,400.8421052631579,289.0,480.0,19,2065.0526315789475,1962.0,2175.0,47.78953164846938,19,24.71700507716129,24.230270385742188,25.26181030273437,0.3221867412808972,3244.0092040502063,0,0,1,7.540515833794631,-9.112308231492795,2577.412970648872,0.0,0,4.772727489471436,5.69444465637207,0,0,94.05698210709518,0.0,0,0,0,1,0,0.0
7,guinea,324086,Yomou,1945,0.04639175257731959,0.024054982817869417,0.01288659793814433,1164,224.58065192053596,Monrovia,55.8053602008518,400.8421052631579,289.0,480.0,19,2065.0526315789475,1962.0,2175.0,47.78953164846938,19,24.71700507716129,24.230270385742188,25.26181030273437,0.3221867412808972,3244.0092040502063,0,0,1,7.540515833794631,-9.112308231492795,2577.412970648872,0.0,0,4.772727489471436,5.69444465637207,0,0,94.05698210709518,0.0,0,0,0,1,0,0.0
7,guinea,324086,Yomou,1935,0.015435501653803748,0.006615214994487321,0.0011025358324145535,907,224.58065192053596,Monrovia,55.8053602008518,400.8421052631579,289.0,480.0,19,2065.0526315789475,1962.0,2175.0,47.78953164846938,19,24.71700507716129,24.230270385742188,25.26181030273437,0.3221867412808972,3244.0092040502063,0,0,1,7.540515833794631,-9.112308231492795,2577.412970648872,0.0,0,4.772727489471436,5.69444465637207,0,0,94.05698210709518,0.0,0,0,0,1,0,0.0
7,guinea,324086,Yomou,1925,0.011472275334608031,0.0076481835564053535,0.0019120458891013384,523,224.58065192053596,Monrovia,55.8053602008518,400.8421052631579,289.0,480.0,19,2065.0526315789475,1962.0,2175.0,47.78953164846938,19,24.71700507716129,24.230270385742188,25.26181030273437,0.3221867412808972,3244.0092040502063,0,0,1,7.540515833794631,-9.112308231492795,2577.412970648872,0.0,0,4.772727489471436,5.69444465637207,0,0,94.05698210709518,0.0,0,0,0,1,0,0.0
7,guinea,324086,Yomou,1915,0.021929824561403508,0.0,0.0,228,224.58065192053596,Monrovia,55.8053602008518,400.8421052631579,289.0,480.0,19,2065.0526315789475,1962.0,2175.0,47.78953164846938,19,24.71700507716129,24.230270385742188,25.26181030273437,0.3221867412808972,3244.0092040502063,0,0,1,7.540515833794631,-9.112308231492795,2577.412970648872,0.0,0,4.772727489471436,5.69444465637207,0,0,94.05698210709518,0.0,0,0,0,1,0,0.0
7,guinea,324072,Mamou,1975,0.12030450517908399,0.07263197304380382,0.024460252090353175,8013,206.9040109895764,Conakry,183.65063931956567,618.5192307692307,178.0,1087.0,52,1754.8653846153843,1387.0,2183.0,213.92944818742265,52,24.59903049468994,22.03249931335449,26.92083549499512,0.9850483462953508,10191.580203769478,1,0,1,10.494288234589932,-11.80638857465587,3805.3671794292354,0.0,0,8.47826099395752,8.882352828979492,1,1,39.20899076755066,0.1867005050318074,0,1,1,3,1,9.812021099830406e-05
7,guinea,324072,Mamou,1965,0.11357018054746651,0.07815958066394875,0.031683168316831684,8585,206.9040109895764,Conakry,183.65063931956567,618.5192307692307,178.0,1087.0,52,1754.8653846153843,1387.0,2183.0,213.92944818742265,52,24.59903049468994,22.03249931335449,26.92083549499512,0.9850483462953508,10191.580203769478,1,0,1,10.494288234589932,-11.80638857465587,3805.3671794292354,0.0,0,8.47826099395752,8.882352828979492,1,1,39.20899076755066,0.1867005050318074,0,1,1,3,1,9.812021099830406e-05
7,guinea,324072,Mamou,1955,0.1302244822026541,0.10616395882425896,0.06796477737814709,8063,206.9040109895764,Conakry,183.65063931956567,618.5192307692307,178.0,1087.0,52,1754.8653846153843,1387.0,2183.0,213.92944818742265,52,24.59903049468994,22.03249931335449,26.92083549499512,0.9850483462953508,10191.580203769478,1,0,1,10.494288234589932,-11.80638857465587,3805.3671794292354,0.0,0,8.47826099395752,8.882352828979492,1,1,39.20899076755066,0.1867005050318074,0,1,1,3,1,9.812021099830406e-05
7,guinea,324072,Mamou,1945,0.047914009837857534,0.036800874476225175,0.018218254691200583,5489,206.9040109895764,Conakry,183.65063931956567,618.5192307692307,178.0,1087.0,52,1754.8653846153843,1387.0,2183.0,213.92944818742265,52,24.59903049468994,22.03249931335449,26.92083549499512,0.9850483462953508,10191.580203769478,1,0,1,10.494288234589932,-11.80638857465587,3805.3671794292354,0.0,0,8.47826099395752,8.882352828979492,1,1,39.20899076755066,0.1867005050318074,0,1,1,3,1,9.812021099830406e-05
7,guinea,324072,Mamou,1935,0.023163990523822058,0.013424585417215057,0.005527770465912082,3799,206.9040109895764,Conakry,183.65063931956567,618.5192307692307,178.0,1087.0,52,1754.8653846153843,1387.0,2183.0,213.92944818742265,52,24.59903049468994,22.03249931335449,26.92083549499512,0.9850483462953508,10191.580203769478,1,0,1,10.494288234589932,-11.80638857465587,3805.3671794292354,0.0,0,8.47826099395752,8.882352828979492,1,1,39.20899076755066,0.1867005050318074,0,1,1,3,1,9.812021099830406e-05
7,guinea,324072,Mamou,1925,0.012663952962460425,0.005427408412483039,0.0009045680687471732,2211,206.9040109895764,Conakry,183.65063931956567,618.5192307692307,178.0,1087.0,52,1754.8653846153843,1387.0,2183.0,213.92944818742265,52,24.59903049468994,22.03249931335449,26.92083549499512,0.9850483462953508,10191.580203769478,1,0,1,10.494288234589932,-11.80638857465587,3805.3671794292354,0.0,0,8.47826099395752,8.882352828979492,1,1,39.20899076755066,0.1867005050318074,0,1,1,3,1,9.812021099830406e-05
7,guinea,324072,Mamou,1915,0.007698887938408896,0.0025662959794696323,0.0,1169,206.9040109895764,Conakry,183.65063931956567,618.5192307692307,178.0,1087.0,52,1754.8653846153843,1387.0,2183.0,213.92944818742265,52,24.59903049468994,22.03249931335449,26.92083549499512,0.9850483462953508,10191.580203769478,1,0,1,10.494288234589932,-11.80638857465587,3805.3671794292354,0.0,0,8.47826099395752,8.882352828979492,1,1,39.20899076755066,0.1867005050318074,0,1,1,3,1,9.812021099830406e-05
8,kenya,404001,Nairobi,1915,0.1077633169992404,0.050663485657965426,0.0030885515714388443,1271,14.181399866930851,Nairobi,131.68089981086854,1689.875,1482.0,1887.0,8,836.375,649.0,1011.0,124.62738212367296,8,19.503510236740112,18.5505428314209,20.24739646911621,0.6211177235134003,736.8095209033003,0,0,0,-1.298890018760207,36.86167521371996,3687.32021484375,0.0,1,28.690954208374023,34.20507049560547,1,1,4.334389352598684,1.0,8,10,19,26,3,0.0040716086246037
8,kenya,404002,Central,1915,0.06237986695518819,0.013913835014434604,0.000654998726036066,16707,65.96067001061232,Nairobi,516.4518678515667,2002.051724137931,1117.0,3244.0,58,1098.9137931034484,685.0,1720.0,300.9152867664757,58,16.445571652774152,9.466583251953123,21.728271484375,3.1392037769662267,13223.95583185922,0,0,0,-0.5903165232576247,36.86705600169284,3947.354335239955,0.0,0,7.314102649688721,8.594444274902344,1,1,15.8126486605853,0.6787402813659732,3,11,20,25,18,0.0013611660707936
8,kenya,404003,Coast,1915,0.037775473351052725,0.012049740661198464,0.0008019465533152024,6304,173.87762829352553,Mombasa,260.2907868181508,283.2362459546925,3.0,1315.0,309,711.8025889967638,309.0,1317.0,201.15918890600796,309,25.663405359755828,20.4667911529541,28.433082580566406,1.5971738813619445,83729.70114265845,0,1,1,-2.481439126212434,39.33360726942026,3281.5190900618654,0.0,0,9.561899185180664,9.841712951660156,1,1,89.80065262306935,0.1720723384410572,0,0,0,3,15,0.0001791478984792
8,kenya,404004,Eastern,1915,0.02742301760628079,0.004460285629062158,8.440228862389704e-05,15243,280.5926648028419,Nairobi,423.97468202172325,717.5386064030132,199.0,3419.0,531,501.7476459510358,166.0,1998.0,277.12183028794766,531,24.623303646870703,8.96049976348877,29.382665634155277,2.809159573894769,152833.11827139018,0,0,1,1.0661345892355576,37.95874193157142,3055.2575046526463,0.0,0,7.50795841217041,7.81796407699585,1,1,106.8722424688936,0.1112282124287899,0,0,0,0,16,0.0001046893512411
8,kenya,404005,Northeastern,1915,0.00994187493911481,0.005680452877569355,0.0014432044912523767,1529,472.4247268136119,Nairobi,220.0348482457164,315.36805555555554,26.0,1098.0,432,367.212962962963,246.0,824.0,95.87299188354524,432,27.1842971112993,22.67531394958496,29.49137687683105,1.2040790137327142,127137.08065353948,0,1,1,1.3426919249948115,40.23061426611978,1553.8582006557947,0.0,0,6.313636302947998,7.474137783050537,0,0,255.78718356889087,0.0126348793737045,0,0,0,0,0,0.0
8,kenya,404006,Nyanza,1915,0.04492681460586289,0.008259461862652152,0.0005965114801753507,14400,240.03114577778763,Kampala,246.54289172664764,1399.09375,1134.0,2047.0,64,1352.53125,930.0,1877.0,250.26904078099133,64,21.173761546611782,17.387042999267578,22.89933204650879,1.4812756915568392,12582.912217124222,0,0,1,-0.5003574847510506,34.55440080497525,4282.291259765625,0.0,1,7.682487487792969,7.760280609130859,1,1,14.757240328406354,0.6848400459806737,3,5,17,24,13,0.0010331471582793
8,kenya,404007,Rift Valley,1915,0.021478450311002168,0.005479568540841687,0.0005992641294238687,9886,267.6237338019627,Nairobi,604.2200868976138,1281.6288,341.0,3545.0,625,700.9168,166.0,1927.0,340.12686497505604,625,21.95344385070801,9.416937828063965,29.55462646484375,4.22856228063679,176206.05625185222,0,0,1,1.0579265166497829,35.932307483139404,3702.100953628437,0.0,1,7.770110607147217,8.33987045288086,1,1,73.69535379586237,0.0874212662471276,0,0,1,2,12,6.810208601938384e-05
8,kenya,404008,Western,1915,0.04395628738295914,0.008864139253981645,0.0008912829457353715,9587,229.85551044119003,Kampala,466.1252161385194,1596.7380952380952,1134.0,3545.0,42,1540.404761904762,930.0,1927.0,257.0975412010196,42,20.000790187290736,9.416937828063965,22.54393577575684,2.6337310307718957,8223.496371301966,0,0,1,0.5144594058577543,34.601080053423,4272.560192736951,0.0,0,6.907563209533691,7.118773937225342,1,1,17.787055283532368,0.5518753698642417,1,5,13,19,6,0.0007296166653564
8,kenya,404001,Nairobi,1925,0.23783084738400803,0.1285960833185099,0.020817347719596285,2565,14.181399866930851,Nairobi,131.68089981086854,1689.875,1482.0,1887.0,8,836.375,649.0,1011.0,124.62738212367296,8,19.503510236740112,18.5505428314209,20.24739646911621,0.6211177235134003,736.8095209033003,0,0,0,-1.298890018760207,36.86167521371996,3687.32021484375,0.0,1,28.690954208374023,34.20507049560547,1,1,4.334389352598684,1.0,8,10,19,26,3,0.0040716086246037
8,kenya,404002,Central,1925,0.11324632911993891,0.030367155347723024,0.0023194268106576676,31707,65.96067001061232,Nairobi,516.4518678515667,2002.051724137931,1117.0,3244.0,58,1098.9137931034484,685.0,1720.0,300.9152867664757,58,16.445571652774152,9.466583251953123,21.728271484375,3.1392037769662267,13223.95583185922,0,0,0,-0.5903165232576247,36.86705600169284,3947.354335239955,0.0,0,7.314102649688721,8.594444274902344,1,1,15.8126486605853,0.6787402813659732,3,11,20,25,18,0.0013611660707936
8,kenya,404003,Coast,1925,0.07111997075459903,0.024903622474766192,0.0019311026909069346,13578,173.87762829352553,Mombasa,260.2907868181508,283.2362459546925,3.0,1315.0,309,711.8025889967638,309.0,1317.0,201.15918890600796,309,25.663405359755828,20.4667911529541,28.433082580566406,1.5971738813619445,83729.70114265845,0,1,1,-2.481439126212434,39.33360726942026,3281.5190900618654,0.0,0,9.561899185180664,9.841712951660156,1,1,89.80065262306935,0.1720723384410572,0,0,0,3,15,0.0001791478984792
8,kenya,404004,Eastern,1925,0.05754879750986794,0.013374874513601786,0.0012297224079639436,35660,280.5926648028419,Nairobi,423.97468202172325,717.5386064030132,199.0,3419.0,531,501.7476459510358,166.0,1998.0,277.12183028794766,531,24.623303646870703,8.96049976348877,29.382665634155277,2.809159573894769,152833.11827139018,0,0,1,1.0661345892355576,37.95874193157142,3055.2575046526463,0.0,0,7.50795841217041,7.81796407699585,1,1,106.8722424688936,0.1112282124287899,0,0,0,0,16,0.0001046893512411
8,kenya,404005,Northeastern,1925,0.012772876200244861,0.00599162099049912,0.0028529267259808145,3614,472.4247268136119,Nairobi,220.0348482457164,315.36805555555554,26.0,1098.0,432,367.212962962963,246.0,824.0,95.87299188354524,432,27.1842971112993,22.67531394958496,29.49137687683105,1.2040790137327142,127137.08065353948,0,1,1,1.3426919249948115,40.23061426611978,1553.8582006557947,0.0,0,6.313636302947998,7.474137783050537,0,0,255.78718356889087,0.0126348793737045,0,0,0,0,0,0.0
8,kenya,404006,Nyanza,1925,0.08691838888668026,0.02150201387683134,0.0025463211993512615,29686,240.03114577778763,Kampala,246.54289172664764,1399.09375,1134.0,2047.0,64,1352.53125,930.0,1877.0,250.26904078099133,64,21.173761546611782,17.387042999267578,22.89933204650879,1.4812756915568392,12582.912217124222,0,0,1,-0.5003574847510506,34.55440080497525,4282.291259765625,0.0,1,7.682487487792969,7.760280609130859,1,1,14.757240328406354,0.6848400459806737,3,5,17,24,13,0.0010331471582793
8,kenya,404007,Rift Valley,1925,0.046969360515318005,0.01252983218821374,0.0014297517870427504,23435,267.6237338019627,Nairobi,604.2200868976138,1281.6288,341.0,3545.0,625,700.9168,166.0,1927.0,340.12686497505604,625,21.95344385070801,9.416937828063965,29.55462646484375,4.22856228063679,176206.05625185222,0,0,1,1.0579265166497829,35.932307483139404,3702.100953628437,0.0,1,7.770110607147217,8.33987045288086,1,1,73.69535379586237,0.0874212662471276,0,0,1,2,12,6.810208601938384e-05
8,kenya,404008,Western,1925,0.10652665007667037,0.028929242416802364,0.002362625777670622,20525,229.85551044119003,Kampala,466.1252161385194,1596.7380952380952,1134.0,3545.0,42,1540.404761904762,930.0,1927.0,257.0975412010196,42,20.000790187290736,9.416937828063965,22.54393577575684,2.6337310307718957,8223.496371301966,0,0,1,0.5144594058577543,34.601080053423,4272.560192736951,0.0,0,6.907563209533691,7.118773937225342,1,1,17.787055283532368,0.5518753698642417,1,5,13,19,6,0.0007296166653564
8,kenya,404001,Nairobi,1935,0.3509532636380163,0.2030139032273308,0.030832367444529576,4653,14.181399866930851,Nairobi,131.68089981086854,1689.875,1482.0,1887.0,8,836.375,649.0,1011.0,124.62738212367296,8,19.503510236740112,18.5505428314209,20.24739646911621,0.6211177235134003,736.8095209033003,0,0,0,-1.298890018760207,36.86167521371996,3687.32021484375,0.0,1,28.690954208374023,34.20507049560547,1,1,4.334389352598684,1.0,8,10,19,26,3,0.0040716086246037
8,kenya,404002,Central,1935,0.23988902146349825,0.07156504587673802,0.008783085291639752,56748,65.96067001061232,Nairobi,516.4518678515667,2002.051724137931,1117.0,3244.0,58,1098.9137931034484,685.0,1720.0,300.9152867664757,58,16.445571652774152,9.466583251953123,21.728271484375,3.1392037769662267,13223.95583185922,0,0,0,-0.5903165232576247,36.86705600169284,3947.354335239955,0.0,0,7.314102649688721,8.594444274902344,1,1,15.8126486605853,0.6787402813659732,3,11,20,25,18,0.0013611660707936
8,kenya,404003,Coast,1935,0.10273881038743468,0.041070832248034664,0.005080921572820975,26842,173.87762829352553,Mombasa,260.2907868181508,283.2362459546925,3.0,1315.0,309,711.8025889967638,309.0,1317.0,201.15918890600796,309,25.663405359755828,20.4667911529541,28.433082580566406,1.5971738813619445,83729.70114265845,0,1,1,-2.481439126212434,39.33360726942026,3281.5190900618654,0.0,0,9.561899185180664,9.841712951660156,1,1,89.80065262306935,0.1720723384410572,0,0,0,3,15,0.0001791478984792
8,kenya,404004,Eastern,1935,0.1195664654092837,0.03234413315998523,0.003960623262094213,59599,280.5926648028419,Nairobi,423.97468202172325,717.5386064030132,199.0,3419.0,531,501.7476459510358,166.0,1998.0,277.12183028794766,531,24.623303646870703,8.96049976348877,29.382665634155277,2.809159573894769,152833.11827139018,0,0,1,1.0661345892355576,37.95874193157142,3055.2575046526463,0.0,0,7.50795841217041,7.81796407699585,1,1,106.8722424688936,0.1112282124287899,0,0,0,0,16,0.0001046893512411
8,kenya,404005,Northeastern,1935,0.012209849027324348,0.005378097779091479,0.001826818153411748,7593,472.4247268136119,Nairobi,220.0348482457164,315.36805555555554,26.0,1098.0,432,367.212962962963,246.0,824.0,95.87299188354524,432,27.1842971112993,22.67531394958496,29.49137687683105,1.2040790137327142,127137.08065353948,0,1,1,1.3426919249948115,40.23061426611978,1553.8582006557947,0.0,0,6.313636302947998,7.474137783050537,0,0,255.78718356889087,0.0126348793737045,0,0,0,0,0,0.0
8,kenya,404006,Nyanza,1935,0.15312885346861474,0.043073975749274275,0.005879886333805083,57334,240.03114577778763,Kampala,246.54289172664764,1399.09375,1134.0,2047.0,64,1352.53125,930.0,1877.0,250.26904078099133,64,21.173761546611782,17.387042999267578,22.89933204650879,1.4812756915568392,12582.912217124222,0,0,1,-0.5003574847510506,34.55440080497525,4282.291259765625,0.0,1,7.682487487792969,7.760280609130859,1,1,14.757240328406354,0.6848400459806737,3,5,17,24,13,0.0010331471582793
8,kenya,404007,Rift Valley,1935,0.09215766770867131,0.02772394624022751,0.004363914846768938,45024,267.6237338019627,Nairobi,604.2200868976138,1281.6288,341.0,3545.0,625,700.9168,166.0,1927.0,340.12686497505604,625,21.95344385070801,9.416937828063965,29.55462646484375,4.22856228063679,176206.05625185222,0,0,1,1.0579265166497829,35.932307483139404,3702.100953628437,0.0,1,7.770110607147217,8.33987045288086,1,1,73.69535379586237,0.0874212662471276,0,0,1,2,12,6.810208601938384e-05
8,kenya,404008,Western,1935,0.1840440467777189,0.06128346304575382,0.006714958466493778,42805,229.85551044119003,Kampala,466.1252161385194,1596.7380952380952,1134.0,3545.0,42,1540.404761904762,930.0,1927.0,257.0975412010196,42,20.000790187290736,9.416937828063965,22.54393577575684,2.6337310307718957,8223.496371301966,0,0,1,0.5144594058577543,34.601080053423,4272.560192736951,0.0,0,6.907563209533691,7.118773937225342,1,1,17.787055283532368,0.5518753698642417,1,5,13,19,6,0.0007296166653564
8,kenya,404001,Nairobi,1945,0.5419660213194011,0.34129593107400424,0.0673537347659558,8446,14.181399866930851,Nairobi,131.68089981086854,1689.875,1482.0,1887.0,8,836.375,649.0,1011.0,124.62738212367296,8,19.503510236740112,18.5505428314209,20.24739646911621,0.6211177235134003,736.8095209033003,0,0,0,-1.298890018760207,36.86167521371996,3687.32021484375,0.0,1,28.690954208374023,34.20507049560547,1,1,4.334389352598684,1.0,8,10,19,26,3,0.0040716086246037
8,kenya,404002,Central,1945,0.4807681473569748,0.17651991101486583,0.02237725085239002,104628,65.96067001061232,Nairobi,516.4518678515667,2002.051724137931,1117.0,3244.0,58,1098.9137931034484,685.0,1720.0,300.9152867664757,58,16.445571652774152,9.466583251953123,21.728271484375,3.1392037769662267,13223.95583185922,0,0,0,-0.5903165232576247,36.86705600169284,3947.354335239955,0.0,0,7.314102649688721,8.594444274902344,1,1,15.8126486605853,0.6787402813659732,3,11,20,25,18,0.0013611660707936
8,kenya,404003,Coast,1945,0.18664511523077107,0.07963624234485539,0.010336145774745403,44356,173.87762829352553,Mombasa,260.2907868181508,283.2362459546925,3.0,1315.0,309,711.8025889967638,309.0,1317.0,201.15918890600796,309,25.663405359755828,20.4667911529541,28.433082580566406,1.5971738813619445,83729.70114265845,0,1,1,-2.481439126212434,39.33360726942026,3281.5190900618654,0.0,0,9.561899185180664,9.841712951660156,1,1,89.80065262306935,0.1720723384410572,0,0,0,3,15,0.0001791478984792
8,kenya,404004,Eastern,1945,0.28094286343709257,0.09034686261727046,0.012159616061565397,99278,280.5926648028419,Nairobi,423.97468202172325,717.5386064030132,199.0,3419.0,531,501.7476459510358,166.0,1998.0,277.12183028794766,531,24.623303646870703,8.96049976348877,29.382665634155277,2.809159573894769,152833.11827139018,0,0,1,1.0661345892355576,37.95874193157142,3055.2575046526463,0.0,0,7.50795841217041,7.81796407699585,1,1,106.8722424688936,0.1112282124287899,0,0,0,0,16,0.0001046893512411
8,kenya,404005,Northeastern,1945,0.023976394581516222,0.01312425049812454,0.0037927431498551026,12983,472.4247268136119,Nairobi,220.0348482457164,315.36805555555554,26.0,1098.0,432,367.212962962963,246.0,824.0,95.87299188354524,432,27.1842971112993,22.67531394958496,29.49137687683105,1.2040790137327142,127137.08065353948,0,1,1,1.3426919249948115,40.23061426611978,1553.8582006557947,0.0,0,6.313636302947998,7.474137783050537,0,0,255.78718356889087,0.0126348793737045,0,0,0,0,0,0.0
8,kenya,404006,Nyanza,1945,0.32822209892879767,0.11821575185092968,0.014114438376755833,89432,240.03114577778763,Kampala,246.54289172664764,1399.09375,1134.0,2047.0,64,1352.53125,930.0,1877.0,250.26904078099133,64,21.173761546611782,17.387042999267578,22.89933204650879,1.4812756915568392,12582.912217124222,0,0,1,-0.5003574847510506,34.55440080497525,4282.291259765625,0.0,1,7.682487487792969,7.760280609130859,1,1,14.757240328406354,0.6848400459806737,3,5,17,24,13,0.0010331471582793
8,kenya,404007,Rift Valley,1945,0.22222438848349177,0.07039734169265172,0.009753906967982553,81204,267.6237338019627,Nairobi,604.2200868976138,1281.6288,341.0,3545.0,625,700.9168,166.0,1927.0,340.12686497505604,625,21.95344385070801,9.416937828063965,29.55462646484375,4.22856228063679,176206.05625185222,0,0,1,1.0579265166497829,35.932307483139404,3702.100953628437,0.0,1,7.770110607147217,8.33987045288086,1,1,73.69535379586237,0.0874212662471276,0,0,1,2,12,6.810208601938384e-05
8,kenya,404008,Western,1945,0.37009634440003036,0.13625699838553534,0.014898047650140902,69642,229.85551044119003,Kampala,466.1252161385194,1596.7380952380952,1134.0,3545.0,42,1540.404761904762,930.0,1927.0,257.0975412010196,42,20.000790187290736,9.416937828063965,22.54393577575684,2.6337310307718957,8223.496371301966,0,0,1,0.5144594058577543,34.601080053423,4272.560192736951,0.0,0,6.907563209533691,7.118773937225342,1,1,17.787055283532368,0.5518753698642417,1,5,13,19,6,0.0007296166653564
8,kenya,404001,Nairobi,1955,0.8383772124929489,0.6163027524602405,0.13193174815298556,6079,14.181399866930851,Nairobi,131.68089981086854,1689.875,1482.0,1887.0,8,836.375,649.0,1011.0,124.62738212367296,8,19.503510236740112,18.5505428314209,20.24739646911621,0.6211177235134003,736.8095209033003,0,0,0,-1.298890018760207,36.86167521371996,3687.32021484375,0.0,1,28.690954208374023,34.20507049560547,1,1,4.334389352598684,1.0,8,10,19,26,3,0.0040716086246037
8,kenya,404002,Central,1955,0.7081732000051995,0.3645515277676681,0.04559904220793994,114375,65.96067001061232,Nairobi,516.4518678515667,2002.051724137931,1117.0,3244.0,58,1098.9137931034484,685.0,1720.0,300.9152867664757,58,16.445571652774152,9.466583251953123,21.728271484375,3.1392037769662267,13223.95583185922,0,0,0,-0.5903165232576247,36.86705600169284,3947.354335239955,0.0,0,7.314102649688721,8.594444274902344,1,1,15.8126486605853,0.6787402813659732,3,11,20,25,18,0.0013611660707936
8,kenya,404003,Coast,1955,0.32181322462755907,0.16328198381792675,0.022135293588230708,53853,173.87762829352553,Mombasa,260.2907868181508,283.2362459546925,3.0,1315.0,309,711.8025889967638,309.0,1317.0,201.15918890600796,309,25.663405359755828,20.4667911529541,28.433082580566406,1.5971738813619445,83729.70114265845,0,1,1,-2.481439126212434,39.33360726942026,3281.5190900618654,0.0,0,9.561899185180664,9.841712951660156,1,1,89.80065262306935,0.1720723384410572,0,0,0,3,15,0.0001791478984792
8,kenya,404004,Eastern,1955,0.4893236570917993,0.22920270077611,0.026279568413594957,132081,280.5926648028419,Nairobi,423.97468202172325,717.5386064030132,199.0,3419.0,531,501.7476459510358,166.0,1998.0,277.12183028794766,531,24.623303646870703,8.96049976348877,29.382665634155277,2.809159573894769,152833.11827139018,0,0,1,1.0661345892355576,37.95874193157142,3055.2575046526463,0.0,0,7.50795841217041,7.81796407699585,1,1,106.8722424688936,0.1112282124287899,0,0,0,0,16,0.0001046893512411
8,kenya,404005,Northeastern,1955,0.04697310567281502,0.026521853747164415,0.005556508343300159,19882,472.4247268136119,Nairobi,220.0348482457164,315.36805555555554,26.0,1098.0,432,367.212962962963,246.0,824.0,95.87299188354524,432,27.1842971112993,22.67531394958496,29.49137687683105,1.2040790137327142,127137.08065353948,0,1,1,1.3426919249948115,40.23061426611978,1553.8582006557947,0.0,0,6.313636302947998,7.474137783050537,0,0,255.78718356889087,0.0126348793737045,0,0,0,0,0,0.0
8,kenya,404006,Nyanza,1955,0.5036577731070635,0.24483558640162753,0.02865450792553842,120156,240.03114577778763,Kampala,246.54289172664764,1399.09375,1134.0,2047.0,64,1352.53125,930.0,1877.0,250.26904078099133,64,21.173761546611782,17.387042999267578,22.89933204650879,1.4812756915568392,12582.912217124222,0,0,1,-0.5003574847510506,34.55440080497525,4282.291259765625,0.0,1,7.682487487792969,7.760280609130859,1,1,14.757240328406354,0.6848400459806737,3,5,17,24,13,0.0010331471582793
8,kenya,404007,Rift Valley,1955,0.3518206901768593,0.15606141164105694,0.022712796619805773,120063,267.6237338019627,Nairobi,604.2200868976138,1281.6288,341.0,3545.0,625,700.9168,166.0,1927.0,340.12686497505604,625,21.95344385070801,9.416937828063965,29.55462646484375,4.22856228063679,176206.05625185222,0,0,1,1.0579265166497829,35.932307483139404,3702.100953628437,0.0,1,7.770110607147217,8.33987045288086,1,1,73.69535379586237,0.0874212662471276,0,0,1,2,12,6.810208601938384e-05
8,kenya,404008,Western,1955,0.5195577694197144,0.28064205727178293,0.028366384177416666,99862,229.85551044119003,Kampala,466.1252161385194,1596.7380952380952,1134.0,3545.0,42,1540.404761904762,930.0,1927.0,257.0975412010196,42,20.000790187290736,9.416937828063965,22.54393577575684,2.6337310307718957,8223.496371301966,0,0,1,0.5144594058577543,34.601080053423,4272.560192736951,0.0,0,6.907563209533691,7.118773937225342,1,1,17.787055283532368,0.5518753698642417,1,5,13,19,6,0.0007296166653564
8,kenya,404001,Nairobi,1965,0.9141368008167213,0.725108806619741,0.1702219117726076,13019,14.181399866930851,Nairobi,131.68089981086854,1689.875,1482.0,1887.0,8,836.375,649.0,1011.0,124.62738212367296,8,19.503510236740112,18.5505428314209,20.24739646911621,0.6211177235134003,736.8095209033003,0,0,0,-1.298890018760207,36.86167521371996,3687.32021484375,0.0,1,28.690954208374023,34.20507049560547,1,1,4.334389352598684,1.0,8,10,19,26,3,0.0040716086246037
8,kenya,404002,Central,1965,0.8632388167790095,0.5006777709691197,0.06982897888697008,155795,65.96067001061232,Nairobi,516.4518678515667,2002.051724137931,1117.0,3244.0,58,1098.9137931034484,685.0,1720.0,300.9152867664757,58,16.445571652774152,9.466583251953123,21.728271484375,3.1392037769662267,13223.95583185922,0,0,0,-0.5903165232576247,36.86705600169284,3947.354335239955,0.0,0,7.314102649688721,8.594444274902344,1,1,15.8126486605853,0.6787402813659732,3,11,20,25,18,0.0013611660707936
8,kenya,404003,Coast,1965,0.5225294232078591,0.2567357260966832,0.04052378173329443,58721,173.87762829352553,Mombasa,260.2907868181508,283.2362459546925,3.0,1315.0,309,711.8025889967638,309.0,1317.0,201.15918890600796,309,25.663405359755828,20.4667911529541,28.433082580566406,1.5971738813619445,83729.70114265845,0,1,1,-2.481439126212434,39.33360726942026,3281.5190900618654,0.0,0,9.561899185180664,9.841712951660156,1,1,89.80065262306935,0.1720723384410572,0,0,0,3,15,0.0001791478984792
8,kenya,404004,Eastern,1965,0.6853722530460012,0.34409054941393685,0.04728763598839442,155004,280.5926648028419,Nairobi,423.97468202172325,717.5386064030132,199.0,3419.0,531,501.7476459510358,166.0,1998.0,277.12183028794766,531,24.623303646870703,8.96049976348877,29.382665634155277,2.809159573894769,152833.11827139018,0,0,1,1.0661345892355576,37.95874193157142,3055.2575046526463,0.0,0,7.50795841217041,7.81796407699585,1,1,106.8722424688936,0.1112282124287899,0,0,0,0,16,0.0001046893512411
8,kenya,404005,Northeastern,1965,0.07916334207226719,0.046363843611079446,0.009831300581329078,27501,472.4247268136119,Nairobi,220.0348482457164,315.36805555555554,26.0,1098.0,432,367.212962962963,246.0,824.0,95.87299188354524,432,27.1842971112993,22.67531394958496,29.49137687683105,1.2040790137327142,127137.08065353948,0,1,1,1.3426919249948115,40.23061426611978,1553.8582006557947,0.0,0,6.313636302947998,7.474137783050537,0,0,255.78718356889087,0.0126348793737045,0,0,0,0,0,0.0
8,kenya,404006,Nyanza,1965,0.708247304427621,0.37215583223841997,0.04978727397860226,133000,240.03114577778763,Kampala,246.54289172664764,1399.09375,1134.0,2047.0,64,1352.53125,930.0,1877.0,250.26904078099133,64,21.173761546611782,17.387042999267578,22.89933204650879,1.4812756915568392,12582.912217124222,0,0,1,-0.5003574847510506,34.55440080497525,4282.291259765625,0.0,1,7.682487487792969,7.760280609130859,1,1,14.757240328406354,0.6848400459806737,3,5,17,24,13,0.0010331471582793
8,kenya,404007,Rift Valley,1965,0.566283018437906,0.28195181986006335,0.044538140711534516,159617,267.6237338019627,Nairobi,604.2200868976138,1281.6288,341.0,3545.0,625,700.9168,166.0,1927.0,340.12686497505604,625,21.95344385070801,9.416937828063965,29.55462646484375,4.22856228063679,176206.05625185222,0,0,1,1.0579265166497829,35.932307483139404,3702.100953628437,0.0,1,7.770110607147217,8.33987045288086,1,1,73.69535379586237,0.0874212662471276,0,0,1,2,12,6.810208601938384e-05
8,kenya,404008,Western,1965,0.7015399731914868,0.37646552194719574,0.04559873357068774,117592,229.85551044119003,Kampala,466.1252161385194,1596.7380952380952,1134.0,3545.0,42,1540.404761904762,930.0,1927.0,257.0975412010196,42,20.000790187290736,9.416937828063965,22.54393577575684,2.6337310307718957,8223.496371301966,0,0,1,0.5144594058577543,34.601080053423,4272.560192736951,0.0,0,6.907563209533691,7.118773937225342,1,1,17.787055283532368,0.5518753698642417,1,5,13,19,6,0.0007296166653564
8,kenya,404001,Nairobi,1975,0.9358522402000663,0.753171231432101,0.27554310163005813,26050,14.181399866930851,Nairobi,131.68089981086854,1689.875,1482.0,1887.0,8,836.375,649.0,1011.0,124.62738212367296,8,19.503510236740112,18.5505428314209,20.24739646911621,0.6211177235134003,736.8095209033003,0,0,0,-1.298890018760207,36.86167521371996,3687.32021484375,0.0,1,28.690954208374023,34.20507049560547,1,1,4.334389352598684,1.0,8,10,19,26,3,0.0040716086246037
8,kenya,404002,Central,1975,0.89739326324823,0.4709289851963098,0.09565633268969463,183287,65.96067001061232,Nairobi,516.4518678515667,2002.051724137931,1117.0,3244.0,58,1098.9137931034484,685.0,1720.0,300.9152867664757,58,16.445571652774152,9.466583251953123,21.728271484375,3.1392037769662267,13223.95583185922,0,0,0,-0.5903165232576247,36.86705600169284,3947.354335239955,0.0,0,7.314102649688721,8.594444274902344,1,1,15.8126486605853,0.6787402813659732,3,11,20,25,18,0.0013611660707936
8,kenya,404003,Coast,1975,0.6215095163435013,0.272262686804136,0.053892869192450434,81447,173.87762829352553,Mombasa,260.2907868181508,283.2362459546925,3.0,1315.0,309,711.8025889967638,309.0,1317.0,201.15918890600796,309,25.663405359755828,20.4667911529541,28.433082580566406,1.5971738813619445,83729.70114265845,0,1,1,-2.481439126212434,39.33360726942026,3281.5190900618654,0.0,0,9.561899185180664,9.841712951660156,1,1,89.80065262306935,0.1720723384410572,0,0,0,3,15,0.0001791478984792
8,kenya,404004,Eastern,1975,0.7693030223765248,0.35047440135067653,0.0689130383088008,205555,280.5926648028419,Nairobi,423.97468202172325,717.5386064030132,199.0,3419.0,531,501.7476459510358,166.0,1998.0,277.12183028794766,531,24.623303646870703,8.96049976348877,29.382665634155277,2.809159573894769,152833.11827139018,0,0,1,1.0661345892355576,37.95874193157142,3055.2575046526463,0.0,0,7.50795841217041,7.81796407699585,1,1,106.8722424688936,0.1112282124287899,0,0,0,0,16,0.0001046893512411
8,kenya,404005,Northeastern,1975,0.11481720430107527,0.07129032258064516,0.01496774193548387,39736,472.4247268136119,Nairobi,220.0348482457164,315.36805555555554,26.0,1098.0,432,367.212962962963,246.0,824.0,95.87299188354524,432,27.1842971112993,22.67531394958496,29.49137687683105,1.2040790137327142,127137.08065353948,0,1,1,1.3426919249948115,40.23061426611978,1553.8582006557947,0.0,0,6.313636302947998,7.474137783050537,0,0,255.78718356889087,0.0126348793737045,0,0,0,0,0,0.0
8,kenya,404006,Nyanza,1975,0.8278595588129763,0.40799035531295,0.07360771574964,165804,240.03114577778763,Kampala,246.54289172664764,1399.09375,1134.0,2047.0,64,1352.53125,930.0,1877.0,250.26904078099133,64,21.173761546611782,17.387042999267578,22.89933204650879,1.4812756915568392,12582.912217124222,0,0,1,-0.5003574847510506,34.55440080497525,4282.291259765625,0.0,1,7.682487487792969,7.760280609130859,1,1,14.757240328406354,0.6848400459806737,3,5,17,24,13,0.0010331471582793
8,kenya,404007,Rift Valley,1975,0.6839384770549672,0.31974561550960945,0.06733274499915952,232938,267.6237338019627,Nairobi,604.2200868976138,1281.6288,341.0,3545.0,625,700.9168,166.0,1927.0,340.12686497505604,625,21.95344385070801,9.416937828063965,29.55462646484375,4.22856228063679,176206.05625185222,0,0,1,1.0579265166497829,35.932307483139404,3702.100953628437,0.0,1,7.770110607147217,8.33987045288086,1,1,73.69535379586237,0.0874212662471276,0,0,1,2,12,6.810208601938384e-05
8,kenya,404008,Western,1975,0.7902424773590417,0.37371626328681545,0.06564754264140767,143467,229.85551044119003,Kampala,466.1252161385194,1596.7380952380952,1134.0,3545.0,42,1540.404761904762,930.0,1927.0,257.0975412010196,42,20.000790187290736,9.416937828063965,22.54393577575684,2.6337310307718957,8223.496371301966,0,0,1,0.5144594058577543,34.601080053423,4272.560192736951,0.0,0,6.907563209533691,7.118773937225342,1,1,17.787055283532368,0.5518753698642417,1,5,13,19,6,0.0007296166653564
9,malawi,454101,Chitipa,1975,0.5647724798606575,0.32984977139124755,0.042020465926409754,4593,79.62137076353254,Bagamoyo (Rungwe),340.5720871035204,1423.483870967742,590.0,2175.0,31,1293.0,1085.0,2313.0,249.85234349188545,31,19.41207839596656,14.6300630569458,24.229957580566406,2.039944135602267,4139.360345306159,0,0,1,-9.956562807016176,33.50150443160351,3865.63146193484,0.0,0,5.692307472229004,7.724137783050537,0,0,46.0679224795466,0.1200247742541569,0,1,12,21,0,0.0
9,malawi,454101,Chitipa,1965,0.48520853540252185,0.2199321047526673,0.02982541222114452,4124,79.62137076353254,Bagamoyo (Rungwe),340.5720871035204,1423.483870967742,590.0,2175.0,31,1293.0,1085.0,2313.0,249.85234349188545,31,19.41207839596656,14.6300630569458,24.229957580566406,2.039944135602267,4139.360345306159,0,0,1,-9.956562807016176,33.50150443160351,3865.63146193484,0.0,0,5.692307472229004,7.724137783050537,0,0,46.0679224795466,0.1200247742541569,0,1,12,21,0,0.0
9,malawi,454101,Chitipa,1955,0.4320091673032849,0.20397249809014514,0.025210084033613446,2618,79.62137076353254,Bagamoyo (Rungwe),340.5720871035204,1423.483870967742,590.0,2175.0,31,1293.0,1085.0,2313.0,249.85234349188545,31,19.41207839596656,14.6300630569458,24.229957580566406,2.039944135602267,4139.360345306159,0,0,1,-9.956562807016176,33.50150443160351,3865.63146193484,0.0,0,5.692307472229004,7.724137783050537,0,0,46.0679224795466,0.1200247742541569,0,1,12,21,0,0.0
9,malawi,454101,Chitipa,1945,0.2746947835738069,0.1220865704772475,0.019422863485016647,1802,79.62137076353254,Bagamoyo (Rungwe),340.5720871035204,1423.483870967742,590.0,2175.0,31,1293.0,1085.0,2313.0,249.85234349188545,31,19.41207839596656,14.6300630569458,24.229957580566406,2.039944135602267,4139.360345306159,0,0,1,-9.956562807016176,33.50150443160351,3865.63146193484,0.0,0,5.692307472229004,7.724137783050537,0,0,46.0679224795466,0.1200247742541569,0,1,12,21,0,0.0
9,malawi,454101,Chitipa,1935,0.15813117699910154,0.0646900269541779,0.011680143755615454,1113,79.62137076353254,Bagamoyo (Rungwe),340.5720871035204,1423.483870967742,590.0,2175.0,31,1293.0,1085.0,2313.0,249.85234349188545,31,19.41207839596656,14.6300630569458,24.229957580566406,2.039944135602267,4139.360345306159,0,0,1,-9.956562807016176,33.50150443160351,3865.63146193484,0.0,0,5.692307472229004,7.724137783050537,0,0,46.0679224795466,0.1200247742541569,0,1,12,21,0,0.0
9,malawi,454101,Chitipa,1925,0.0853932584269663,0.03146067415730337,0.006741573033707865,445,79.62137076353254,Bagamoyo (Rungwe),340.5720871035204,1423.483870967742,590.0,2175.0,31,1293.0,1085.0,2313.0,249.85234349188545,31,19.41207839596656,14.6300630569458,24.229957580566406,2.039944135602267,4139.360345306159,0,0,1,-9.956562807016176,33.50150443160351,3865.63146193484,0.0,0,5.692307472229004,7.724137783050537,0,0,46.0679224795466,0.1200247742541569,0,1,12,21,0,0.0
9,malawi,454101,Chitipa,1915,0.023923444976076555,0.0,0.0,209,79.62137076353254,Bagamoyo (Rungwe),340.5720871035204,1423.483870967742,590.0,2175.0,31,1293.0,1085.0,2313.0,249.85234349188545,31,19.41207839596656,14.6300630569458,24.229957580566406,2.039944135602267,4139.360345306159,0,0,1,-9.956562807016176,33.50150443160351,3865.63146193484,0.0,0,5.692307472229004,7.724137783050537,0,0,46.0679224795466,0.1200247742541569,0,1,12,21,0,0.0
9,malawi,454102,Karonga,1975,0.57124773960217,0.33164556962025316,0.05027124773960217,5530,96.13235332880036,Bagamoyo (Rungwe),402.9463181984871,895.7826086956521,477.0,1883.0,23,1372.7826086956522,1067.0,2313.0,316.8064772781148,23,22.166004180908203,16.37181282043457,24.688188552856445,2.3134466216981124,3397.1420266184045,0,0,1,-10.085335982798917,33.88277522887484,4012.2011301924554,0.0,0,6.320512771606445,10.296551704406738,0,1,16.365481609838614,0.5315041352455826,1,3,7,21,1,0.0002943650845812
9,malawi,454102,Karonga,1965,0.5037529487454429,0.2187432983058117,0.03281149474587176,4663,96.13235332880036,Bagamoyo (Rungwe),402.9463181984871,895.7826086956521,477.0,1883.0,23,1372.7826086956522,1067.0,2313.0,316.8064772781148,23,22.166004180908203,16.37181282043457,24.688188552856445,2.3134466216981124,3397.1420266184045,0,0,1,-10.085335982798917,33.88277522887484,4012.2011301924554,0.0,0,6.320512771606445,10.296551704406738,0,1,16.365481609838614,0.5315041352455826,1,3,7,21,1,0.0002943650845812
9,malawi,454102,Karonga,1955,0.42147180630774134,0.18349792927683975,0.023255813953488372,3139,96.13235332880036,Bagamoyo (Rungwe),402.9463181984871,895.7826086956521,477.0,1883.0,23,1372.7826086956522,1067.0,2313.0,316.8064772781148,23,22.166004180908203,16.37181282043457,24.688188552856445,2.3134466216981124,3397.1420266184045,0,0,1,-10.085335982798917,33.88277522887484,4012.2011301924554,0.0,0,6.320512771606445,10.296551704406738,0,1,16.365481609838614,0.5315041352455826,1,3,7,21,1,0.0002943650845812
9,malawi,454102,Karonga,1945,0.3330049261083744,0.14532019704433496,0.02019704433497537,2030,96.13235332880036,Bagamoyo (Rungwe),402.9463181984871,895.7826086956521,477.0,1883.0,23,1372.7826086956522,1067.0,2313.0,316.8064772781148,23,22.166004180908203,16.37181282043457,24.688188552856445,2.3134466216981124,3397.1420266184045,0,0,1,-10.085335982798917,33.88277522887484,4012.2011301924554,0.0,0,6.320512771606445,10.296551704406738,0,1,16.365481609838614,0.5315041352455826,1,3,7,21,1,0.0002943650845812
9,malawi,454102,Karonga,1935,0.16937553464499572,0.06672369546621043,0.007698887938408896,1169,96.13235332880036,Bagamoyo (Rungwe),402.9463181984871,895.7826086956521,477.0,1883.0,23,1372.7826086956522,1067.0,2313.0,316.8064772781148,23,22.166004180908203,16.37181282043457,24.688188552856445,2.3134466216981124,3397.1420266184045,0,0,1,-10.085335982798917,33.88277522887484,4012.2011301924554,0.0,0,6.320512771606445,10.296551704406738,0,1,16.365481609838614,0.5315041352455826,1,3,7,21,1,0.0002943650845812
9,malawi,454102,Karonga,1925,0.1111111111111111,0.032679738562091505,0.004357298474945534,459,96.13235332880036,Bagamoyo (Rungwe),402.9463181984871,895.7826086956521,477.0,1883.0,23,1372.7826086956522,1067.0,2313.0,316.8064772781148,23,22.166004180908203,16.37181282043457,24.688188552856445,2.3134466216981124,3397.1420266184045,0,0,1,-10.085335982798917,33.88277522887484,4012.2011301924554,0.0,0,6.320512771606445,10.296551704406738,0,1,16.365481609838614,0.5315041352455826,1,3,7,21,1,0.0002943650845812
9,malawi,454102,Karonga,1915,0.06074766355140187,0.014018691588785047,0.0,214,96.13235332880036,Bagamoyo (Rungwe),402.9463181984871,895.7826086956521,477.0,1883.0,23,1372.7826086956522,1067.0,2313.0,316.8064772781148,23,22.166004180908203,16.37181282043457,24.688188552856445,2.3134466216981124,3397.1420266184045,0,0,1,-10.085335982798917,33.88277522887484,4012.2011301924554,0.0,0,6.320512771606445,10.296551704406738,0,1,16.365481609838614,0.5315041352455826,1,3,7,21,1,0.0002943650845812
9,malawi,454103,"Nkhata Bay, Likoma",1975,0.5363457760314342,0.30918467583497056,0.05353634577603143,4072,274.81410236624,Bagamoyo (Rungwe),419.6382317610677,951.4333333333332,476.0,1613.0,30,1288.3,976.0,1704.0,213.51817252871007,30,21.04775848388672,17.49370765686035,25.157289505004883,2.6599352777732856,4382.469631083372,0,0,0,-11.689034833548073,34.07210239916746,3815.173496462264,0.0,0,5.301886558532715,7.4347825050354,0,1,24.94173419973891,0.382178677651529,1,2,4,7,2,0.0004563636872266
9,malawi,454103,"Nkhata Bay, Likoma",1965,0.421518054532056,0.18251043969540653,0.032424465733235076,4071,274.81410236624,Bagamoyo (Rungwe),419.6382317610677,951.4333333333332,476.0,1613.0,30,1288.3,976.0,1704.0,213.51817252871007,30,21.04775848388672,17.49370765686035,25.157289505004883,2.6599352777732856,4382.469631083372,0,0,0,-11.689034833548073,34.07210239916746,3815.173496462264,0.0,0,5.301886558532715,7.4347825050354,0,1,24.94173419973891,0.382178677651529,1,2,4,7,2,0.0004563636872266
9,malawi,454103,"Nkhata Bay, Likoma",1955,0.3739810890120639,0.15748288229540267,0.022823606129768505,3067,274.81410236624,Bagamoyo (Rungwe),419.6382317610677,951.4333333333332,476.0,1613.0,30,1288.3,976.0,1704.0,213.51817252871007,30,21.04775848388672,17.49370765686035,25.157289505004883,2.6599352777732856,4382.469631083372,0,0,0,-11.689034833548073,34.07210239916746,3815.173496462264,0.0,0,5.301886558532715,7.4347825050354,0,1,24.94173419973891,0.382178677651529,1,2,4,7,2,0.0004563636872266
9,malawi,454103,"Nkhata Bay, Likoma",1945,0.28375634517766496,0.12081218274111676,0.026395939086294416,1970,274.81410236624,Bagamoyo (Rungwe),419.6382317610677,951.4333333333332,476.0,1613.0,30,1288.3,976.0,1704.0,213.51817252871007,30,21.04775848388672,17.49370765686035,25.157289505004883,2.6599352777732856,4382.469631083372,0,0,0,-11.689034833548073,34.07210239916746,3815.173496462264,0.0,0,5.301886558532715,7.4347825050354,0,1,24.94173419973891,0.382178677651529,1,2,4,7,2,0.0004563636872266
9,malawi,454103,"Nkhata Bay, Likoma",1935,0.14474650991917706,0.05290227773695812,0.011756061719324026,1361,274.81410236624,Bagamoyo (Rungwe),419.6382317610677,951.4333333333332,476.0,1613.0,30,1288.3,976.0,1704.0,213.51817252871007,30,21.04775848388672,17.49370765686035,25.157289505004883,2.6599352777732856,4382.469631083372,0,0,0,-11.689034833548073,34.07210239916746,3815.173496462264,0.0,0,5.301886558532715,7.4347825050354,0,1,24.94173419973891,0.382178677651529,1,2,4,7,2,0.0004563636872266
9,malawi,454103,"Nkhata Bay, Likoma",1925,0.08085106382978724,0.02127659574468085,0.0014184397163120568,705,274.81410236624,Bagamoyo (Rungwe),419.6382317610677,951.4333333333332,476.0,1613.0,30,1288.3,976.0,1704.0,213.51817252871007,30,21.04775848388672,17.49370765686035,25.157289505004883,2.6599352777732856,4382.469631083372,0,0,0,-11.689034833548073,34.07210239916746,3815.173496462264,0.0,0,5.301886558532715,7.4347825050354,0,1,24.94173419973891,0.382178677651529,1,2,4,7,2,0.0004563636872266
9,malawi,454103,"Nkhata Bay, Likoma",1915,0.04678362573099415,0.008771929824561403,0.0,342,274.81410236624,Bagamoyo (Rungwe),419.6382317610677,951.4333333333332,476.0,1613.0,30,1288.3,976.0,1704.0,213.51817252871007,30,21.04775848388672,17.49370765686035,25.157289505004883,2.6599352777732856,4382.469631083372,0,0,0,-11.689034833548073,34.07210239916746,3815.173496462264,0.0,0,5.301886558532715,7.4347825050354,0,1,24.94173419973891,0.382178677651529,1,2,4,7,2,0.0004563636872266
9,malawi,454104,Rumphi,1975,0.6653266331658292,0.4105527638190955,0.058040201005025126,3980,174.892386175778,Bagamoyo (Rungwe),448.3995120971695,1301.857142857143,504.0,2175.0,28,1056.107142857143,832.0,1321.0,156.1190798455997,28,19.61399984359741,14.6300630569458,24.133956909179688,2.499505849005448,4686.908849367262,0,0,1,-10.818016158995954,33.811153962753714,4087.711297052557,0.0,0,6.418604850769043,8.877551078796387,0,1,37.22266984340743,0.2513398791159053,0,1,2,4,1,0.0002133602406488
9,malawi,454104,Rumphi,1965,0.6101992966002344,0.28106682297772567,0.050996483001172335,3412,174.892386175778,Bagamoyo (Rungwe),448.3995120971695,1301.857142857143,504.0,2175.0,28,1056.107142857143,832.0,1321.0,156.1190798455997,28,19.61399984359741,14.6300630569458,24.133956909179688,2.499505849005448,4686.908849367262,0,0,1,-10.818016158995954,33.811153962753714,4087.711297052557,0.0,0,6.418604850769043,8.877551078796387,0,1,37.22266984340743,0.2513398791159053,0,1,2,4,1,0.0002133602406488
9,malawi,454104,Rumphi,1955,0.537052456286428,0.2531223980016653,0.04204829308909242,2402,174.892386175778,Bagamoyo (Rungwe),448.3995120971695,1301.857142857143,504.0,2175.0,28,1056.107142857143,832.0,1321.0,156.1190798455997,28,19.61399984359741,14.6300630569458,24.133956909179688,2.499505849005448,4686.908849367262,0,0,1,-10.818016158995954,33.811153962753714,4087.711297052557,0.0,0,6.418604850769043,8.877551078796387,0,1,37.22266984340743,0.2513398791159053,0,1,2,4,1,0.0002133602406488
9,malawi,454104,Rumphi,1945,0.4302554027504912,0.19187950229207595,0.024885396201702686,1527,174.892386175778,Bagamoyo (Rungwe),448.3995120971695,1301.857142857143,504.0,2175.0,28,1056.107142857143,832.0,1321.0,156.1190798455997,28,19.61399984359741,14.6300630569458,24.133956909179688,2.499505849005448,4686.908849367262,0,0,1,-10.818016158995954,33.811153962753714,4087.711297052557,0.0,0,6.418604850769043,8.877551078796387,0,1,37.22266984340743,0.2513398791159053,0,1,2,4,1,0.0002133602406488
9,malawi,454104,Rumphi,1935,0.19823788546255505,0.06828193832599119,0.00881057268722467,908,174.892386175778,Bagamoyo (Rungwe),448.3995120971695,1301.857142857143,504.0,2175.0,28,1056.107142857143,832.0,1321.0,156.1190798455997,28,19.61399984359741,14.6300630569458,24.133956909179688,2.499505849005448,4686.908849367262,0,0,1,-10.818016158995954,33.811153962753714,4087.711297052557,0.0,0,6.418604850769043,8.877551078796387,0,1,37.22266984340743,0.2513398791159053,0,1,2,4,1,0.0002133602406488
9,malawi,454104,Rumphi,1925,0.10845986984815618,0.03470715835140998,0.004338394793926247,461,174.892386175778,Bagamoyo (Rungwe),448.3995120971695,1301.857142857143,504.0,2175.0,28,1056.107142857143,832.0,1321.0,156.1190798455997,28,19.61399984359741,14.6300630569458,24.133956909179688,2.499505849005448,4686.908849367262,0,0,1,-10.818016158995954,33.811153962753714,4087.711297052557,0.0,0,6.418604850769043,8.877551078796387,0,1,37.22266984340743,0.2513398791159053,0,1,2,4,1,0.0002133602406488
9,malawi,454104,Rumphi,1915,0.10606060606060606,0.010101010101010102,0.0,198,174.892386175778,Bagamoyo (Rungwe),448.3995120971695,1301.857142857143,504.0,2175.0,28,1056.107142857143,832.0,1321.0,156.1190798455997,28,19.61399984359741,14.6300630569458,24.133956909179688,2.499505849005448,4686.908849367262,0,0,1,-10.818016158995954,33.811153962753714,4087.711297052557,0.0,0,6.418604850769043,8.877551078796387,0,1,37.22266984340743,0.2513398791159053,0,1,2,4,1,0.0002133602406488
9,malawi,454105,"Mzimba, Mzuzu City",1975,0.5543134217792444,0.30150178463196176,0.05380833726176847,14849,279.5897814889305,Bagamoyo (Rungwe),201.51346282948592,1220.446428571429,519.0,1613.0,56,983.5357142857144,832.0,1357.0,145.87004542763816,56,19.81143266814096,17.49370765686035,23.86012458801269,1.2493002733335508,10519.284256608847,0,0,1,-11.768466891053842,33.64141162725852,3878.187915231299,0.0,0,10.30081272125244,13.26234531402588,0,1,56.586639285037776,0.2655702519430414,0,0,4,4,1,9.50635020031652e-05
9,malawi,454105,"Mzimba, Mzuzu City",1965,0.45376845376845376,0.17637917637917638,0.03211603211603212,15444,279.5897814889305,Bagamoyo (Rungwe),201.51346282948592,1220.446428571429,519.0,1613.0,56,983.5357142857144,832.0,1357.0,145.87004542763816,56,19.81143266814096,17.49370765686035,23.86012458801269,1.2493002733335508,10519.284256608847,0,0,1,-11.768466891053842,33.64141162725852,3878.187915231299,0.0,0,10.30081272125244,13.26234531402588,0,1,56.586639285037776,0.2655702519430414,0,0,4,4,1,9.50635020031652e-05
9,malawi,454105,"Mzimba, Mzuzu City",1955,0.3855802285608102,0.1525596952522531,0.027687447737619622,10763,279.5897814889305,Bagamoyo (Rungwe),201.51346282948592,1220.446428571429,519.0,1613.0,56,983.5357142857144,832.0,1357.0,145.87004542763816,56,19.81143266814096,17.49370765686035,23.86012458801269,1.2493002733335508,10519.284256608847,0,0,1,-11.768466891053842,33.64141162725852,3878.187915231299,0.0,0,10.30081272125244,13.26234531402588,0,1,56.586639285037776,0.2655702519430414,0,0,4,4,1,9.50635020031652e-05
9,malawi,454105,"Mzimba, Mzuzu City",1945,0.2793201133144476,0.10779036827195468,0.020538243626062325,7060,279.5897814889305,Bagamoyo (Rungwe),201.51346282948592,1220.446428571429,519.0,1613.0,56,983.5357142857144,832.0,1357.0,145.87004542763816,56,19.81143266814096,17.49370765686035,23.86012458801269,1.2493002733335508,10519.284256608847,0,0,1,-11.768466891053842,33.64141162725852,3878.187915231299,0.0,0,10.30081272125244,13.26234531402588,0,1,56.586639285037776,0.2655702519430414,0,0,4,4,1,9.50635020031652e-05
9,malawi,454105,"Mzimba, Mzuzu City",1935,0.12912025460331894,0.05637644919299841,0.010456922027733576,4399,279.5897814889305,Bagamoyo (Rungwe),201.51346282948592,1220.446428571429,519.0,1613.0,56,983.5357142857144,832.0,1357.0,145.87004542763816,56,19.81143266814096,17.49370765686035,23.86012458801269,1.2493002733335508,10519.284256608847,0,0,1,-11.768466891053842,33.64141162725852,3878.187915231299,0.0,0,10.30081272125244,13.26234531402588,0,1,56.586639285037776,0.2655702519430414,0,0,4,4,1,9.50635020031652e-05
9,malawi,454105,"Mzimba, Mzuzu City",1925,0.07908282639213851,0.02339728591483388,0.003743565746373421,2137,279.5897814889305,Bagamoyo (Rungwe),201.51346282948592,1220.446428571429,519.0,1613.0,56,983.5357142857144,832.0,1357.0,145.87004542763816,56,19.81143266814096,17.49370765686035,23.86012458801269,1.2493002733335508,10519.284256608847,0,0,1,-11.768466891053842,33.64141162725852,3878.187915231299,0.0,0,10.30081272125244,13.26234531402588,0,1,56.586639285037776,0.2655702519430414,0,0,4,4,1,9.50635020031652e-05
9,malawi,454105,"Mzimba, Mzuzu City",1915,0.03518029903254178,0.005277044854881266,0.001759014951627089,1137,279.5897814889305,Bagamoyo (Rungwe),201.51346282948592,1220.446428571429,519.0,1613.0,56,983.5357142857144,832.0,1357.0,145.87004542763816,56,19.81143266814096,17.49370765686035,23.86012458801269,1.2493002733335508,10519.284256608847,0,0,1,-11.768466891053842,33.64141162725852,3878.187915231299,0.0,0,10.30081272125244,13.26234531402588,0,1,56.586639285037776,0.2655702519430414,0,0,4,4,1,9.50635020031652e-05
9,malawi,454201,Kasungu,1975,0.43868778280542986,0.24581447963800904,0.027036199095022626,8840,355.20750309422897,Blantyre,94.73071512378849,1093.5121951219512,718.0,1395.0,41,889.9756097560976,791.0,1310.0,87.73115468678718,41,20.665838939387623,19.08908462524414,22.155771255493164,0.4497730183931341,8075.596017509357,0,0,1,-12.980340834249048,33.386310355982495,4205.1920649210615,0.0,0,7.830508708953857,10.549019813537598,0,0,58.73546756669664,0.0955355902763287,0,0,3,9,0,0.0
9,malawi,454201,Kasungu,1965,0.34459459459459457,0.1329288472145615,0.020546056260341974,7252,355.20750309422897,Blantyre,94.73071512378849,1093.5121951219512,718.0,1395.0,41,889.9756097560976,791.0,1310.0,87.73115468678718,41,20.665838939387623,19.08908462524414,22.155771255493164,0.4497730183931341,8075.596017509357,0,0,1,-12.980340834249048,33.386310355982495,4205.1920649210615,0.0,0,7.830508708953857,10.549019813537598,0,0,58.73546756669664,0.0955355902763287,0,0,3,9,0,0.0
9,malawi,454201,Kasungu,1955,0.3052064631956912,0.11714542190305206,0.01570915619389587,4456,355.20750309422897,Blantyre,94.73071512378849,1093.5121951219512,718.0,1395.0,41,889.9756097560976,791.0,1310.0,87.73115468678718,41,20.665838939387623,19.08908462524414,22.155771255493164,0.4497730183931341,8075.596017509357,0,0,1,-12.980340834249048,33.386310355982495,4205.1920649210615,0.0,0,7.830508708953857,10.549019813537598,0,0,58.73546756669664,0.0955355902763287,0,0,3,9,0,0.0
9,malawi,454201,Kasungu,1945,0.2137291280148423,0.08014842300556586,0.0074211502782931356,2695,355.20750309422897,Blantyre,94.73071512378849,1093.5121951219512,718.0,1395.0,41,889.9756097560976,791.0,1310.0,87.73115468678718,41,20.665838939387623,19.08908462524414,22.155771255493164,0.4497730183931341,8075.596017509357,0,0,1,-12.980340834249048,33.386310355982495,4205.1920649210615,0.0,0,7.830508708953857,10.549019813537598,0,0,58.73546756669664,0.0955355902763287,0,0,3,9,0,0.0
9,malawi,454201,Kasungu,1935,0.09457364341085271,0.03798449612403101,0.0031007751937984496,1290,355.20750309422897,Blantyre,94.73071512378849,1093.5121951219512,718.0,1395.0,41,889.9756097560976,791.0,1310.0,87.73115468678718,41,20.665838939387623,19.08908462524414,22.155771255493164,0.4497730183931341,8075.596017509357,0,0,1,-12.980340834249048,33.386310355982495,4205.1920649210615,0.0,0,7.830508708953857,10.549019813537598,0,0,58.73546756669664,0.0955355902763287,0,0,3,9,0,0.0
9,malawi,454201,Kasungu,1925,0.054635761589403975,0.009933774834437087,0.0016556291390728477,604,355.20750309422897,Blantyre,94.73071512378849,1093.5121951219512,718.0,1395.0,41,889.9756097560976,791.0,1310.0,87.73115468678718,41,20.665838939387623,19.08908462524414,22.155771255493164,0.4497730183931341,8075.596017509357,0,0,1,-12.980340834249048,33.386310355982495,4205.1920649210615,0.0,0,7.830508708953857,10.549019813537598,0,0,58.73546756669664,0.0955355902763287,0,0,3,9,0,0.0
9,malawi,454201,Kasungu,1915,0.01568627450980392,0.00392156862745098,0.0,255,355.20750309422897,Blantyre,94.73071512378849,1093.5121951219512,718.0,1395.0,41,889.9756097560976,791.0,1310.0,87.73115468678718,41,20.665838939387623,19.08908462524414,22.155771255493164,0.4497730183931341,8075.596017509357,0,0,1,-12.980340834249048,33.386310355982495,4205.1920649210615,0.0,0,7.830508708953857,10.549019813537598,0,0,58.73546756669664,0.0955355902763287,0,0,3,9,0,0.0
9,malawi,454202,Nkhotakota,1975,0.4212086659064994,0.25838084378563286,0.025997719498289624,4385,339.27053365578007,Blantyre,307.76255189221075,806.0689655172414,476.0,1567.0,29,1209.2413793103449,927.0,1491.0,162.5468961874279,29,21.908049550549737,17.691791534423828,24.133102416992188,1.7663112344564915,4324.758358612963,0,0,0,-12.84432143170377,34.088304360192325,4137.1655038686895,0.0,0,6.390625,9.840707778930664,0,1,19.52094157322064,0.7755297971466995,1,5,8,10,3,0.000693680375003
9,malawi,454202,Nkhotakota,1965,0.29932923420905533,0.13387367244270543,0.019843487982112912,3578,339.27053365578007,Blantyre,307.76255189221075,806.0689655172414,476.0,1567.0,29,1209.2413793103449,927.0,1491.0,162.5468961874279,29,21.908049550549737,17.691791534423828,24.133102416992188,1.7663112344564915,4324.758358612963,0,0,0,-12.84432143170377,34.088304360192325,4137.1655038686895,0.0,0,6.390625,9.840707778930664,0,1,19.52094157322064,0.7755297971466995,1,5,8,10,3,0.000693680375003
9,malawi,454202,Nkhotakota,1955,0.24244771494965142,0.10263361735089079,0.015491866769945779,2582,339.27053365578007,Blantyre,307.76255189221075,806.0689655172414,476.0,1567.0,29,1209.2413793103449,927.0,1491.0,162.5468961874279,29,21.908049550549737,17.691791534423828,24.133102416992188,1.7663112344564915,4324.758358612963,0,0,0,-12.84432143170377,34.088304360192325,4137.1655038686895,0.0,0,6.390625,9.840707778930664,0,1,19.52094157322064,0.7755297971466995,1,5,8,10,3,0.000693680375003
9,malawi,454202,Nkhotakota,1945,0.16359163591635917,0.06703567035670356,0.012300123001230012,1626,339.27053365578007,Blantyre,307.76255189221075,806.0689655172414,476.0,1567.0,29,1209.2413793103449,927.0,1491.0,162.5468961874279,29,21.908049550549737,17.691791534423828,24.133102416992188,1.7663112344564915,4324.758358612963,0,0,0,-12.84432143170377,34.088304360192325,4137.1655038686895,0.0,0,6.390625,9.840707778930664,0,1,19.52094157322064,0.7755297971466995,1,5,8,10,3,0.000693680375003
9,malawi,454202,Nkhotakota,1935,0.09695603156708005,0.03720405862457723,0.004509582863585118,887,339.27053365578007,Blantyre,307.76255189221075,806.0689655172414,476.0,1567.0,29,1209.2413793103449,927.0,1491.0,162.5468961874279,29,21.908049550549737,17.691791534423828,24.133102416992188,1.7663112344564915,4324.758358612963,0,0,0,-12.84432143170377,34.088304360192325,4137.1655038686895,0.0,0,6.390625,9.840707778930664,0,1,19.52094157322064,0.7755297971466995,1,5,8,10,3,0.000693680375003
9,malawi,454202,Nkhotakota,1925,0.03898635477582846,0.009746588693957114,0.001949317738791423,513,339.27053365578007,Blantyre,307.76255189221075,806.0689655172414,476.0,1567.0,29,1209.2413793103449,927.0,1491.0,162.5468961874279,29,21.908049550549737,17.691791534423828,24.133102416992188,1.7663112344564915,4324.758358612963,0,0,0,-12.84432143170377,34.088304360192325,4137.1655038686895,0.0,0,6.390625,9.840707778930664,0,1,19.52094157322064,0.7755297971466995,1,5,8,10,3,0.000693680375003
9,malawi,454202,Nkhotakota,1915,0.024844720496894408,0.0,0.0,161,339.27053365578007,Blantyre,307.76255189221075,806.0689655172414,476.0,1567.0,29,1209.2413793103449,927.0,1491.0,162.5468961874279,29,21.908049550549737,17.691791534423828,24.133102416992188,1.7663112344564915,4324.758358612963,0,0,0,-12.84432143170377,34.088304360192325,4137.1655038686895,0.0,0,6.390625,9.840707778930664,0,1,19.52094157322064,0.7755297971466995,1,5,8,10,3,0.000693680375003
9,malawi,454203,Ntchisi,1975,0.3569327731092437,0.20567226890756302,0.020588235294117647,4760,298.0829234360376,Blantyre,208.4713542805235,1085.1666666666667,734.0,1373.0,12,960.25,855.0,1218.0,105.01438393540826,12,20.34737873077393,18.72731208801269,22.096040725708008,1.0863973542402563,1721.3653899953997,0,0,0,-13.297212238659696,33.919421544286365,3985.745971679688,0.0,0,5.400000095367432,8.11111068725586,0,1,11.076380910630297,1.0,3,6,8,13,3,0.0017428025551321
9,malawi,454203,Ntchisi,1965,0.2608488316642823,0.08488316642823081,0.01430615164520744,4194,298.0829234360376,Blantyre,208.4713542805235,1085.1666666666667,734.0,1373.0,12,960.25,855.0,1218.0,105.01438393540826,12,20.34737873077393,18.72731208801269,22.096040725708008,1.0863973542402563,1721.3653899953997,0,0,0,-13.297212238659696,33.919421544286365,3985.745971679688,0.0,0,5.400000095367432,8.11111068725586,0,1,11.076380910630297,1.0,3,6,8,13,3,0.0017428025551321
9,malawi,454203,Ntchisi,1955,0.2323037323037323,0.08236808236808237,0.008365508365508366,3108,298.0829234360376,Blantyre,208.4713542805235,1085.1666666666667,734.0,1373.0,12,960.25,855.0,1218.0,105.01438393540826,12,20.34737873077393,18.72731208801269,22.096040725708008,1.0863973542402563,1721.3653899953997,0,0,0,-13.297212238659696,33.919421544286365,3985.745971679688,0.0,0,5.400000095367432,8.11111068725586,0,1,11.076380910630297,1.0,3,6,8,13,3,0.0017428025551321
9,malawi,454203,Ntchisi,1945,0.18313253012048192,0.05879518072289157,0.006265060240963855,2075,298.0829234360376,Blantyre,208.4713542805235,1085.1666666666667,734.0,1373.0,12,960.25,855.0,1218.0,105.01438393540826,12,20.34737873077393,18.72731208801269,22.096040725708008,1.0863973542402563,1721.3653899953997,0,0,0,-13.297212238659696,33.919421544286365,3985.745971679688,0.0,0,5.400000095367432,8.11111068725586,0,1,11.076380910630297,1.0,3,6,8,13,3,0.0017428025551321
9,malawi,454203,Ntchisi,1935,0.08135860979462875,0.023696682464454975,0.004739336492890996,1266,298.0829234360376,Blantyre,208.4713542805235,1085.1666666666667,734.0,1373.0,12,960.25,855.0,1218.0,105.01438393540826,12,20.34737873077393,18.72731208801269,22.096040725708008,1.0863973542402563,1721.3653899953997,0,0,0,-13.297212238659696,33.919421544286365,3985.745971679688,0.0,0,5.400000095367432,8.11111068725586,0,1,11.076380910630297,1.0,3,6,8,13,3,0.0017428025551321
9,malawi,454203,Ntchisi,1925,0.04400606980273141,0.018209408194233688,0.0,659,298.0829234360376,Blantyre,208.4713542805235,1085.1666666666667,734.0,1373.0,12,960.25,855.0,1218.0,105.01438393540826,12,20.34737873077393,18.72731208801269,22.096040725708008,1.0863973542402563,1721.3653899953997,0,0,0,-13.297212238659696,33.919421544286365,3985.745971679688,0.0,0,5.400000095367432,8.11111068725586,0,1,11.076380910630297,1.0,3,6,8,13,3,0.0017428025551321
9,malawi,454203,Ntchisi,1915,0.003846153846153846,0.0,0.0,260,298.0829234360376,Blantyre,208.4713542805235,1085.1666666666667,734.0,1373.0,12,960.25,855.0,1218.0,105.01438393540826,12,20.34737873077393,18.72731208801269,22.096040725708008,1.0863973542402563,1721.3653899953997,0,0,0,-13.297212238659696,33.919421544286365,3985.745971679688,0.0,0,5.400000095367432,8.11111068725586,0,1,11.076380910630297,1.0,3,6,8,13,3,0.0017428025551321
9,malawi,454204,Dowa,1975,0.3185559449107652,0.17765463287425637,0.01833591394344389,12271,276.9270187087539,Blantyre,160.29522762702575,1120.2,678.0,1373.0,20,887.1,791.0,1020.0,51.92773825230597,20,20.265182495117188,18.72731208801269,22.70514678955078,0.8991555932183304,3065.254771718269,0,0,0,-13.568821882689956,33.78812475045424,3983.268458316201,0.0,0,6.340425491333008,9.37600040435791,0,1,7.739783281519927,0.6886192241926352,2,6,11,16,2,0.0006524743125606
9,malawi,454204,Dowa,1965,0.23282991729593672,0.08117583603020496,0.011326860841423949,11124,276.9270187087539,Blantyre,160.29522762702575,1120.2,678.0,1373.0,20,887.1,791.0,1020.0,51.92773825230597,20,20.265182495117188,18.72731208801269,22.70514678955078,0.8991555932183304,3065.254771718269,0,0,0,-13.568821882689956,33.78812475045424,3983.268458316201,0.0,0,6.340425491333008,9.37600040435791,0,1,7.739783281519927,0.6886192241926352,2,6,11,16,2,0.0006524743125606
9,malawi,454204,Dowa,1955,0.19517884914463451,0.06894764126490409,0.007905650596163815,7716,276.9270187087539,Blantyre,160.29522762702575,1120.2,678.0,1373.0,20,887.1,791.0,1020.0,51.92773825230597,20,20.265182495117188,18.72731208801269,22.70514678955078,0.8991555932183304,3065.254771718269,0,0,0,-13.568821882689956,33.78812475045424,3983.268458316201,0.0,0,6.340425491333008,9.37600040435791,0,1,7.739783281519927,0.6886192241926352,2,6,11,16,2,0.0006524743125606
9,malawi,454204,Dowa,1945,0.15278598149241976,0.05296318172868675,0.004134672179562906,5079,276.9270187087539,Blantyre,160.29522762702575,1120.2,678.0,1373.0,20,887.1,791.0,1020.0,51.92773825230597,20,20.265182495117188,18.72731208801269,22.70514678955078,0.8991555932183304,3065.254771718269,0,0,0,-13.568821882689956,33.78812475045424,3983.268458316201,0.0,0,6.340425491333008,9.37600040435791,0,1,7.739783281519927,0.6886192241926352,2,6,11,16,2,0.0006524743125606
9,malawi,454204,Dowa,1935,0.061995479496286726,0.017759121730707136,0.0012915724895059735,3097,276.9270187087539,Blantyre,160.29522762702575,1120.2,678.0,1373.0,20,887.1,791.0,1020.0,51.92773825230597,20,20.265182495117188,18.72731208801269,22.70514678955078,0.8991555932183304,3065.254771718269,0,0,0,-13.568821882689956,33.78812475045424,3983.268458316201,0.0,0,6.340425491333008,9.37600040435791,0,1,7.739783281519927,0.6886192241926352,2,6,11,16,2,0.0006524743125606
9,malawi,454204,Dowa,1925,0.025325119780971937,0.007529089664613279,0.0006844626967830253,1461,276.9270187087539,Blantyre,160.29522762702575,1120.2,678.0,1373.0,20,887.1,791.0,1020.0,51.92773825230597,20,20.265182495117188,18.72731208801269,22.70514678955078,0.8991555932183304,3065.254771718269,0,0,0,-13.568821882689956,33.78812475045424,3983.268458316201,0.0,0,6.340425491333008,9.37600040435791,0,1,7.739783281519927,0.6886192241926352,2,6,11,16,2,0.0006524743125606
9,malawi,454204,Dowa,1915,0.011095700416088766,0.0027739251040221915,0.0,721,276.9270187087539,Blantyre,160.29522762702575,1120.2,678.0,1373.0,20,887.1,791.0,1020.0,51.92773825230597,20,20.265182495117188,18.72731208801269,22.70514678955078,0.8991555932183304,3065.254771718269,0,0,0,-13.568821882689956,33.78812475045424,3983.268458316201,0.0,0,6.340425491333008,9.37600040435791,0,1,7.739783281519927,0.6886192241926352,2,6,11,16,2,0.0006524743125606
9,malawi,454205,Salima,1975,0.3185512367491166,0.18674911660777385,0.021378091872791518,5660,235.1611752309995,Blantyre,200.484481553436,656.1875,476.0,1033.0,16,1034.8125,922.0,1169.0,82.11898284653799,16,22.7998024225235,20.528833389282227,24.00658416748047,1.2020532535610562,2145.5362725824752,0,0,0,-13.735661517050676,34.38339188931347,4393.397388599537,0.0,0,6.639999866485596,9.647058486938477,1,0,29.173710914334,0.5596378350232776,0,4,11,17,0,0.0
9,malawi,454205,Salima,1965,0.22752420470262794,0.08713692946058091,0.012448132780082987,4338,235.1611752309995,Blantyre,200.484481553436,656.1875,476.0,1033.0,16,1034.8125,922.0,1169.0,82.11898284653799,16,22.7998024225235,20.528833389282227,24.00658416748047,1.2020532535610562,2145.5362725824752,0,0,0,-13.735661517050676,34.38339188931347,4393.397388599537,0.0,0,6.639999866485596,9.647058486938477,1,0,29.173710914334,0.5596378350232776,0,4,11,17,0,0.0
9,malawi,454205,Salima,1955,0.1683076923076923,0.06461538461538462,0.008307692307692308,3250,235.1611752309995,Blantyre,200.484481553436,656.1875,476.0,1033.0,16,1034.8125,922.0,1169.0,82.11898284653799,16,22.7998024225235,20.528833389282227,24.00658416748047,1.2020532535610562,2145.5362725824752,0,0,0,-13.735661517050676,34.38339188931347,4393.397388599537,0.0,0,6.639999866485596,9.647058486938477,1,0,29.173710914334,0.5596378350232776,0,4,11,17,0,0.0
9,malawi,454205,Salima,1945,0.11712511091393078,0.04791481810115351,0.00354924578527063,2254,235.1611752309995,Blantyre,200.484481553436,656.1875,476.0,1033.0,16,1034.8125,922.0,1169.0,82.11898284653799,16,22.7998024225235,20.528833389282227,24.00658416748047,1.2020532535610562,2145.5362725824752,0,0,0,-13.735661517050676,34.38339188931347,4393.397388599537,0.0,0,6.639999866485596,9.647058486938477,1,0,29.173710914334,0.5596378350232776,0,4,11,17,0,0.0
9,malawi,454205,Salima,1935,0.06690647482014389,0.025179856115107913,0.0028776978417266188,1390,235.1611752309995,Blantyre,200.484481553436,656.1875,476.0,1033.0,16,1034.8125,922.0,1169.0,82.11898284653799,16,22.7998024225235,20.528833389282227,24.00658416748047,1.2020532535610562,2145.5362725824752,0,0,0,-13.735661517050676,34.38339188931347,4393.397388599537,0.0,0,6.639999866485596,9.647058486938477,1,0,29.173710914334,0.5596378350232776,0,4,11,17,0,0.0
9,malawi,454205,Salima,1925,0.041254125412541254,0.0049504950495049506,0.0,606,235.1611752309995,Blantyre,200.484481553436,656.1875,476.0,1033.0,16,1034.8125,922.0,1169.0,82.11898284653799,16,22.7998024225235,20.528833389282227,24.00658416748047,1.2020532535610562,2145.5362725824752,0,0,0,-13.735661517050676,34.38339188931347,4393.397388599537,0.0,0,6.639999866485596,9.647058486938477,1,0,29.173710914334,0.5596378350232776,0,4,11,17,0,0.0
9,malawi,454205,Salima,1915,0.0,0.0,0.0,339,235.1611752309995,Blantyre,200.484481553436,656.1875,476.0,1033.0,16,1034.8125,922.0,1169.0,82.11898284653799,16,22.7998024225235,20.528833389282227,24.00658416748047,1.2020532535610562,2145.5362725824752,0,0,0,-13.735661517050676,34.38339188931347,4393.397388599537,0.0,0,6.639999866485596,9.647058486938477,1,0,29.173710914334,0.5596378350232776,0,4,11,17,0,0.0
9,malawi,454206,"Lilongwe, Lilongwe City",1975,0.3513027569238534,0.22692574600971546,0.034288057535802156,31702,240.6593483001264,Blantyre,122.94703053892395,1148.2941176470588,678.0,1344.0,34,933.0,817.0,1021.0,45.35870109147618,34,20.1027691785027,18.99837303161621,22.70514678955078,0.7169032417396528,6236.785516524456,0,0,1,-14.015740794055992,33.68437653582081,4163.776186590326,0.0,0,14.74937343597412,22.512157440185547,0,1,16.19020976789251,0.6557742059582656,1,5,11,16,4,0.000641356030186
9,malawi,454206,"Lilongwe, Lilongwe City",1965,0.23378333882120514,0.08915962389785241,0.01532945523725899,27333,240.6593483001264,Blantyre,122.94703053892395,1148.2941176470588,678.0,1344.0,34,933.0,817.0,1021.0,45.35870109147618,34,20.1027691785027,18.99837303161621,22.70514678955078,0.7169032417396528,6236.785516524456,0,0,1,-14.015740794055992,33.68437653582081,4163.776186590326,0.0,0,14.74937343597412,22.512157440185547,0,1,16.19020976789251,0.6557742059582656,1,5,11,16,4,0.000641356030186
9,malawi,454206,"Lilongwe, Lilongwe City",1955,0.18175498636436555,0.0667343992299877,0.00989251911662478,18701,240.6593483001264,Blantyre,122.94703053892395,1148.2941176470588,678.0,1344.0,34,933.0,817.0,1021.0,45.35870109147618,34,20.1027691785027,18.99837303161621,22.70514678955078,0.7169032417396528,6236.785516524456,0,0,1,-14.015740794055992,33.68437653582081,4163.776186590326,0.0,0,14.74937343597412,22.512157440185547,0,1,16.19020976789251,0.6557742059582656,1,5,11,16,4,0.000641356030186
9,malawi,454206,"Lilongwe, Lilongwe City",1945,0.12519747235387046,0.04091627172195893,0.004344391785150079,12660,240.6593483001264,Blantyre,122.94703053892395,1148.2941176470588,678.0,1344.0,34,933.0,817.0,1021.0,45.35870109147618,34,20.1027691785027,18.99837303161621,22.70514678955078,0.7169032417396528,6236.785516524456,0,0,1,-14.015740794055992,33.68437653582081,4163.776186590326,0.0,0,14.74937343597412,22.512157440185547,0,1,16.19020976789251,0.6557742059582656,1,5,11,16,4,0.000641356030186
9,malawi,454206,"Lilongwe, Lilongwe City",1935,0.06230529595015576,0.01973001038421599,0.0017801513128615932,6741,240.6593483001264,Blantyre,122.94703053892395,1148.2941176470588,678.0,1344.0,34,933.0,817.0,1021.0,45.35870109147618,34,20.1027691785027,18.99837303161621,22.70514678955078,0.7169032417396528,6236.785516524456,0,0,1,-14.015740794055992,33.68437653582081,4163.776186590326,0.0,0,14.74937343597412,22.512157440185547,0,1,16.19020976789251,0.6557742059582656,1,5,11,16,4,0.000641356030186
9,malawi,454206,"Lilongwe, Lilongwe City",1925,0.027018728891618052,0.00552655818237642,0.00092109303039607,3257,240.6593483001264,Blantyre,122.94703053892395,1148.2941176470588,678.0,1344.0,34,933.0,817.0,1021.0,45.35870109147618,34,20.1027691785027,18.99837303161621,22.70514678955078,0.7169032417396528,6236.785516524456,0,0,1,-14.015740794055992,33.68437653582081,4163.776186590326,0.0,0,14.74937343597412,22.512157440185547,0,1,16.19020976789251,0.6557742059582656,1,5,11,16,4,0.000641356030186
9,malawi,454206,"Lilongwe, Lilongwe City",1915,0.0073964497041420114,0.0029585798816568047,0.0,1352,240.6593483001264,Blantyre,122.94703053892395,1148.2941176470588,678.0,1344.0,34,933.0,817.0,1021.0,45.35870109147618,34,20.1027691785027,18.99837303161621,22.70514678955078,0.7169032417396528,6236.785516524456,0,0,1,-14.015740794055992,33.68437653582081,4163.776186590326,0.0,0,14.74937343597412,22.512157440185547,0,1,16.19020976789251,0.6557742059582656,1,5,11,16,4,0.000641356030186
9,malawi,454207,Mchinji,1975,0.32491629464285715,0.193359375,0.020647321428571428,7168,311.6689232642405,Blantyre,88.3973199129954,1125.904761904762,922.0,1344.0,21,956.095238095238,849.0,1023.0,50.009432216908806,21,20.68856439136324,19.10997772216797,22.11785316467285,0.5703371723083381,3165.310984468694,0,0,1,-13.690426252381789,33.05479903682955,4209.84039463141,0.0,0,6.04807710647583,9.2660551071167,0,1,25.35309701964916,0.4173752908792684,0,3,4,9,1,0.0003159247242709
9,malawi,454207,Mchinji,1965,0.23150233928261998,0.09201178305319702,0.014555536302200658,5771,311.6689232642405,Blantyre,88.3973199129954,1125.904761904762,922.0,1344.0,21,956.095238095238,849.0,1023.0,50.009432216908806,21,20.68856439136324,19.10997772216797,22.11785316467285,0.5703371723083381,3165.310984468694,0,0,1,-13.690426252381789,33.05479903682955,4209.84039463141,0.0,0,6.04807710647583,9.2660551071167,0,1,25.35309701964916,0.4173752908792684,0,3,4,9,1,0.0003159247242709
9,malawi,454207,Mchinji,1955,0.1944372907545712,0.07700231779551893,0.010301313417460727,3883,311.6689232642405,Blantyre,88.3973199129954,1125.904761904762,922.0,1344.0,21,956.095238095238,849.0,1023.0,50.009432216908806,21,20.68856439136324,19.10997772216797,22.11785316467285,0.5703371723083381,3165.310984468694,0,0,1,-13.690426252381789,33.05479903682955,4209.84039463141,0.0,0,6.04807710647583,9.2660551071167,0,1,25.35309701964916,0.4173752908792684,0,3,4,9,1,0.0003159247242709
9,malawi,454207,Mchinji,1945,0.15544472152950956,0.060681629260182876,0.007481296758104738,2406,311.6689232642405,Blantyre,88.3973199129954,1125.904761904762,922.0,1344.0,21,956.095238095238,849.0,1023.0,50.009432216908806,21,20.68856439136324,19.10997772216797,22.11785316467285,0.5703371723083381,3165.310984468694,0,0,1,-13.690426252381789,33.05479903682955,4209.84039463141,0.0,0,6.04807710647583,9.2660551071167,0,1,25.35309701964916,0.4173752908792684,0,3,4,9,1,0.0003159247242709
9,malawi,454207,Mchinji,1935,0.07814992025518341,0.029505582137161084,0.003987240829346092,1254,311.6689232642405,Blantyre,88.3973199129954,1125.904761904762,922.0,1344.0,21,956.095238095238,849.0,1023.0,50.009432216908806,21,20.68856439136324,19.10997772216797,22.11785316467285,0.5703371723083381,3165.310984468694,0,0,1,-13.690426252381789,33.05479903682955,4209.84039463141,0.0,0,6.04807710647583,9.2660551071167,0,1,25.35309701964916,0.4173752908792684,0,3,4,9,1,0.0003159247242709
9,malawi,454207,Mchinji,1925,0.05156537753222836,0.01841620626151013,0.001841620626151013,543,311.6689232642405,Blantyre,88.3973199129954,1125.904761904762,922.0,1344.0,21,956.095238095238,849.0,1023.0,50.009432216908806,21,20.68856439136324,19.10997772216797,22.11785316467285,0.5703371723083381,3165.310984468694,0,0,1,-13.690426252381789,33.05479903682955,4209.84039463141,0.0,0,6.04807710647583,9.2660551071167,0,1,25.35309701964916,0.4173752908792684,0,3,4,9,1,0.0003159247242709
9,malawi,454207,Mchinji,1915,0.04,0.005,0.0,200,311.6689232642405,Blantyre,88.3973199129954,1125.904761904762,922.0,1344.0,21,956.095238095238,849.0,1023.0,50.009432216908806,21,20.68856439136324,19.10997772216797,22.11785316467285,0.5703371723083381,3165.310984468694,0,0,1,-13.690426252381789,33.05479903682955,4209.84039463141,0.0,0,6.04807710647583,9.2660551071167,0,1,25.35309701964916,0.4173752908792684,0,3,4,9,1,0.0003159247242709
9,malawi,454208,Dedza,1975,0.2851418002466091,0.17686498150431565,0.03845561035758323,12976,186.2805367971307,Blantyre,335.535640955781,1062.0869565217392,480.0,1490.0,23,964.0869565217392,918.0,1021.0,30.238059869149733,23,20.51706977512525,18.12041664123535,23.716459274291992,1.8782097097506016,3736.393078076943,0,0,1,-14.263432134888706,34.232767167029515,3764.826769240359,0.0,0,7.733333110809326,11.30555534362793,1,1,10.865229394813817,0.998470910166791,3,6,16,21,5,0.0013381889687509
9,malawi,454208,Dedza,1965,0.19128250830430205,0.08790407518431499,0.024710362148586244,12343,186.2805367971307,Blantyre,335.535640955781,1062.0869565217392,480.0,1490.0,23,964.0869565217392,918.0,1021.0,30.238059869149733,23,20.51706977512525,18.12041664123535,23.716459274291992,1.8782097097506016,3736.393078076943,0,0,1,-14.263432134888706,34.232767167029515,3764.826769240359,0.0,0,7.733333110809326,11.30555534362793,1,1,10.865229394813817,0.998470910166791,3,6,16,21,5,0.0013381889687509
9,malawi,454208,Dedza,1955,0.15398416886543537,0.06564643799472296,0.017941952506596307,9475,186.2805367971307,Blantyre,335.535640955781,1062.0869565217392,480.0,1490.0,23,964.0869565217392,918.0,1021.0,30.238059869149733,23,20.51706977512525,18.12041664123535,23.716459274291992,1.8782097097506016,3736.393078076943,0,0,1,-14.263432134888706,34.232767167029515,3764.826769240359,0.0,0,7.733333110809326,11.30555534362793,1,1,10.865229394813817,0.998470910166791,3,6,16,21,5,0.0013381889687509
9,malawi,454208,Dedza,1945,0.1335090711738254,0.055047294154132426,0.014730966041246706,6449,186.2805367971307,Blantyre,335.535640955781,1062.0869565217392,480.0,1490.0,23,964.0869565217392,918.0,1021.0,30.238059869149733,23,20.51706977512525,18.12041664123535,23.716459274291992,1.8782097097506016,3736.393078076943,0,0,1,-14.263432134888706,34.232767167029515,3764.826769240359,0.0,0,7.733333110809326,11.30555534362793,1,1,10.865229394813817,0.998470910166791,3,6,16,21,5,0.0013381889687509
9,malawi,454208,Dedza,1935,0.06948304613674264,0.028071150639244025,0.009449694274596998,3598,186.2805367971307,Blantyre,335.535640955781,1062.0869565217392,480.0,1490.0,23,964.0869565217392,918.0,1021.0,30.238059869149733,23,20.51706977512525,18.12041664123535,23.716459274291992,1.8782097097506016,3736.393078076943,0,0,1,-14.263432134888706,34.232767167029515,3764.826769240359,0.0,0,7.733333110809326,11.30555534362793,1,1,10.865229394813817,0.998470910166791,3,6,16,21,5,0.0013381889687509
9,malawi,454208,Dedza,1925,0.03393939393939394,0.010303030303030303,0.0012121212121212121,1650,186.2805367971307,Blantyre,335.535640955781,1062.0869565217392,480.0,1490.0,23,964.0869565217392,918.0,1021.0,30.238059869149733,23,20.51706977512525,18.12041664123535,23.716459274291992,1.8782097097506016,3736.393078076943,0,0,1,-14.263432134888706,34.232767167029515,3764.826769240359,0.0,0,7.733333110809326,11.30555534362793,1,1,10.865229394813817,0.998470910166791,3,6,16,21,5,0.0013381889687509
9,malawi,454208,Dedza,1915,0.011292346298619825,0.0037641154328732747,0.0,797,186.2805367971307,Blantyre,335.535640955781,1062.0869565217392,480.0,1490.0,23,964.0869565217392,918.0,1021.0,30.238059869149733,23,20.51706977512525,18.12041664123535,23.716459274291992,1.8782097097506016,3736.393078076943,0,0,1,-14.263432134888706,34.232767167029515,3764.826769240359,0.0,0,7.733333110809326,11.30555534362793,1,1,10.865229394813817,0.998470910166791,3,6,16,21,5,0.0013381889687509
9,malawi,454209,Ntcheu,1975,0.38149365899483323,0.23682480037576326,0.025364020666979802,10645,110.61221131939357,Blantyre,332.0969888451264,929.3,480.0,1486.0,20,1004.1,908.0,1138.0,60.06238423506013,20,21.47742290496826,18.41179084777832,23.702606201171875,1.737227370557718,3317.1962896751675,0,0,1,-14.809638733210845,34.71164746589521,3965.647204589844,0.0,0,7.902439117431641,11.622641563415527,1,1,10.312979737891798,0.9632764032457511,5,7,10,20,6,0.0018087563942703
9,malawi,454209,Ntcheu,1965,0.276365032146627,0.11870261971020056,0.01756069475098359,10421,110.61221131939357,Blantyre,332.0969888451264,929.3,480.0,1486.0,20,1004.1,908.0,1138.0,60.06238423506013,20,21.47742290496826,18.41179084777832,23.702606201171875,1.737227370557718,3317.1962896751675,0,0,1,-14.809638733210845,34.71164746589521,3965.647204589844,0.0,0,7.902439117431641,11.622641563415527,1,1,10.312979737891798,0.9632764032457511,5,7,10,20,6,0.0018087563942703
9,malawi,454209,Ntcheu,1955,0.24223440354998696,0.09684155572957452,0.012137823022709476,7662,110.61221131939357,Blantyre,332.0969888451264,929.3,480.0,1486.0,20,1004.1,908.0,1138.0,60.06238423506013,20,21.47742290496826,18.41179084777832,23.702606201171875,1.737227370557718,3317.1962896751675,0,0,1,-14.809638733210845,34.71164746589521,3965.647204589844,0.0,0,7.902439117431641,11.622641563415527,1,1,10.312979737891798,0.9632764032457511,5,7,10,20,6,0.0018087563942703
9,malawi,454209,Ntcheu,1945,0.17805922890668655,0.07263922518159806,0.010430247718383311,5369,110.61221131939357,Blantyre,332.0969888451264,929.3,480.0,1486.0,20,1004.1,908.0,1138.0,60.06238423506013,20,21.47742290496826,18.41179084777832,23.702606201171875,1.737227370557718,3317.1962896751675,0,0,1,-14.809638733210845,34.71164746589521,3965.647204589844,0.0,0,7.902439117431641,11.622641563415527,1,1,10.312979737891798,0.9632764032457511,5,7,10,20,6,0.0018087563942703
9,malawi,454209,Ntcheu,1935,0.07746243739565943,0.027378964941569283,0.002337228714524207,2995,110.61221131939357,Blantyre,332.0969888451264,929.3,480.0,1486.0,20,1004.1,908.0,1138.0,60.06238423506013,20,21.47742290496826,18.41179084777832,23.702606201171875,1.737227370557718,3317.1962896751675,0,0,1,-14.809638733210845,34.71164746589521,3965.647204589844,0.0,0,7.902439117431641,11.622641563415527,1,1,10.312979737891798,0.9632764032457511,5,7,10,20,6,0.0018087563942703
9,malawi,454209,Ntcheu,1925,0.0553306342780027,0.014844804318488529,0.001349527665317139,1482,110.61221131939357,Blantyre,332.0969888451264,929.3,480.0,1486.0,20,1004.1,908.0,1138.0,60.06238423506013,20,21.47742290496826,18.41179084777832,23.702606201171875,1.737227370557718,3317.1962896751675,0,0,1,-14.809638733210845,34.71164746589521,3965.647204589844,0.0,0,7.902439117431641,11.622641563415527,1,1,10.312979737891798,0.9632764032457511,5,7,10,20,6,0.0018087563942703
9,malawi,454209,Ntcheu,1915,0.02594033722438392,0.0038910505836575876,0.0,771,110.61221131939357,Blantyre,332.0969888451264,929.3,480.0,1486.0,20,1004.1,908.0,1138.0,60.06238423506013,20,21.47742290496826,18.41179084777832,23.702606201171875,1.737227370557718,3317.1962896751675,0,0,1,-14.809638733210845,34.71164746589521,3965.647204589844,0.0,0,7.902439117431641,11.622641563415527,1,1,10.312979737891798,0.9632764032457511,5,7,10,20,6,0.0018087563942703
9,malawi,454301,Mangochi,1975,0.2870027960674664,0.15865427978713809,0.018399927843420223,11087,158.24307819418735,Blantyre,197.27202031712451,690.0,476.0,1134.0,40,998.775,853.0,1176.0,77.29860525908602,40,22.63323106765747,20.39895820617676,23.782960891723636,0.9798945330128616,6839.24345967771,1,0,1,-14.351484007571855,35.19350279047692,4154.07340204148,0.0,0,8.237624168395996,10.605713844299316,0,1,3.945355333558791,0.4168770036078413,2,2,6,9,1,0.000146215002565
9,malawi,454301,Mangochi,1965,0.16171312534613255,0.06636514676019938,0.008307181096547905,10834,158.24307819418735,Blantyre,197.27202031712451,690.0,476.0,1134.0,40,998.775,853.0,1176.0,77.29860525908602,40,22.63323106765747,20.39895820617676,23.782960891723636,0.9798945330128616,6839.24345967771,1,0,1,-14.351484007571855,35.19350279047692,4154.07340204148,0.0,0,8.237624168395996,10.605713844299316,0,1,3.945355333558791,0.4168770036078413,2,2,6,9,1,0.000146215002565
9,malawi,454301,Mangochi,1955,0.11103335665966876,0.042453930487520414,0.005481688826685328,8574,158.24307819418735,Blantyre,197.27202031712451,690.0,476.0,1134.0,40,998.775,853.0,1176.0,77.29860525908602,40,22.63323106765747,20.39895820617676,23.782960891723636,0.9798945330128616,6839.24345967771,1,0,1,-14.351484007571855,35.19350279047692,4154.07340204148,0.0,0,8.237624168395996,10.605713844299316,0,1,3.945355333558791,0.4168770036078413,2,2,6,9,1,0.000146215002565
9,malawi,454301,Mangochi,1945,0.0691919191919192,0.02962962962962963,0.004208754208754209,5940,158.24307819418735,Blantyre,197.27202031712451,690.0,476.0,1134.0,40,998.775,853.0,1176.0,77.29860525908602,40,22.63323106765747,20.39895820617676,23.782960891723636,0.9798945330128616,6839.24345967771,1,0,1,-14.351484007571855,35.19350279047692,4154.07340204148,0.0,0,8.237624168395996,10.605713844299316,0,1,3.945355333558791,0.4168770036078413,2,2,6,9,1,0.000146215002565
9,malawi,454301,Mangochi,1935,0.042478354978354976,0.017586580086580088,0.0010822510822510823,3696,158.24307819418735,Blantyre,197.27202031712451,690.0,476.0,1134.0,40,998.775,853.0,1176.0,77.29860525908602,40,22.63323106765747,20.39895820617676,23.782960891723636,0.9798945330128616,6839.24345967771,1,0,1,-14.351484007571855,35.19350279047692,4154.07340204148,0.0,0,8.237624168395996,10.605713844299316,0,1,3.945355333558791,0.4168770036078413,2,2,6,9,1,0.000146215002565
9,malawi,454301,Mangochi,1925,0.021029330381848368,0.008301051466519093,0.0011068068622025456,1807,158.24307819418735,Blantyre,197.27202031712451,690.0,476.0,1134.0,40,998.775,853.0,1176.0,77.29860525908602,40,22.63323106765747,20.39895820617676,23.782960891723636,0.9798945330128616,6839.24345967771,1,0,1,-14.351484007571855,35.19350279047692,4154.07340204148,0.0,0,8.237624168395996,10.605713844299316,0,1,3.945355333558791,0.4168770036078413,2,2,6,9,1,0.000146215002565
9,malawi,454301,Mangochi,1915,0.011210762331838564,0.0011210762331838565,0.0,892,158.24307819418735,Blantyre,197.27202031712451,690.0,476.0,1134.0,40,998.775,853.0,1176.0,77.29860525908602,40,22.63323106765747,20.39895820617676,23.782960891723636,0.9798945330128616,6839.24345967771,1,0,1,-14.351484007571855,35.19350279047692,4154.07340204148,0.0,0,8.237624168395996,10.605713844299316,0,1,3.945355333558791,0.4168770036078413,2,2,6,9,1,0.000146215002565
9,malawi,454302,Machinga,1975,0.2794539405758862,0.14821612940231732,0.013766203969255477,8717,109.86133386740342,Blantyre,109.60559987349863,660.2173913043479,484.0,912.0,23,1018.5652173913044,911.0,1099.0,43.99291058198445,23,22.788362751836363,21.404748916625977,23.69683265686035,0.5705418503066454,3993.8635955984737,1,0,1,-14.938715880485294,35.57085427190213,4015.451955159506,0.0,0,8.198019981384277,9.872340202331545,0,0,52.97419200060765,0.0889742212783745,0,0,8,16,0,0.0
9,malawi,454302,Machinga,1965,0.15825874694873882,0.05912666124220233,0.007187415242744779,7374,109.86133386740342,Blantyre,109.60559987349863,660.2173913043479,484.0,912.0,23,1018.5652173913044,911.0,1099.0,43.99291058198445,23,22.788362751836363,21.404748916625977,23.69683265686035,0.5705418503066454,3993.8635955984737,1,0,1,-14.938715880485294,35.57085427190213,4015.451955159506,0.0,0,8.198019981384277,9.872340202331545,0,0,52.97419200060765,0.0889742212783745,0,0,8,16,0,0.0
9,malawi,454302,Machinga,1955,0.1131606952820149,0.03511883646683221,0.0026605179141539555,5638,109.86133386740342,Blantyre,109.60559987349863,660.2173913043479,484.0,912.0,23,1018.5652173913044,911.0,1099.0,43.99291058198445,23,22.788362751836363,21.404748916625977,23.69683265686035,0.5705418503066454,3993.8635955984737,1,0,1,-14.938715880485294,35.57085427190213,4015.451955159506,0.0,0,8.198019981384277,9.872340202331545,0,0,52.97419200060765,0.0889742212783745,0,0,8,16,0,0.0
9,malawi,454302,Machinga,1945,0.07984496124031008,0.026614987080103358,0.004134366925064599,3870,109.86133386740342,Blantyre,109.60559987349863,660.2173913043479,484.0,912.0,23,1018.5652173913044,911.0,1099.0,43.99291058198445,23,22.788362751836363,21.404748916625977,23.69683265686035,0.5705418503066454,3993.8635955984737,1,0,1,-14.938715880485294,35.57085427190213,4015.451955159506,0.0,0,8.198019981384277,9.872340202331545,0,0,52.97419200060765,0.0889742212783745,0,0,8,16,0,0.0
9,malawi,454302,Machinga,1935,0.05028735632183908,0.01532567049808429,0.0038314176245210726,2088,109.86133386740342,Blantyre,109.60559987349863,660.2173913043479,484.0,912.0,23,1018.5652173913044,911.0,1099.0,43.99291058198445,23,22.788362751836363,21.404748916625977,23.69683265686035,0.5705418503066454,3993.8635955984737,1,0,1,-14.938715880485294,35.57085427190213,4015.451955159506,0.0,0,8.198019981384277,9.872340202331545,0,0,52.97419200060765,0.0889742212783745,0,0,8,16,0,0.0
9,malawi,454302,Machinga,1925,0.023928215353938187,0.004985044865403789,0.0,1003,109.86133386740342,Blantyre,109.60559987349863,660.2173913043479,484.0,912.0,23,1018.5652173913044,911.0,1099.0,43.99291058198445,23,22.788362751836363,21.404748916625977,23.69683265686035,0.5705418503066454,3993.8635955984737,1,0,1,-14.938715880485294,35.57085427190213,4015.451955159506,0.0,0,8.198019981384277,9.872340202331545,0,0,52.97419200060765,0.0889742212783745,0,0,8,16,0,0.0
9,malawi,454302,Machinga,1915,0.012658227848101266,0.004219409282700422,0.0,474,109.86133386740342,Blantyre,109.60559987349863,660.2173913043479,484.0,912.0,23,1018.5652173913044,911.0,1099.0,43.99291058198445,23,22.788362751836363,21.404748916625977,23.69683265686035,0.5705418503066454,3993.8635955984737,1,0,1,-14.938715880485294,35.57085427190213,4015.451955159506,0.0,0,8.198019981384277,9.872340202331545,0,0,52.97419200060765,0.0889742212783745,0,0,8,16,0,0.0
9,malawi,454303,"Zomba, Zomba City",1975,0.4472599917593737,0.29213020189534405,0.03914297486608982,14562,61.33333760972069,Blantyre,138.4416634645275,715.1052631578947,487.0,1015.0,19,1066.3157894736842,918.0,1219.0,70.09621405166425,19,22.255989777414424,20.735334396362305,23.919187545776367,0.8383998575776976,3141.8023662294536,1,0,1,-15.3971295614005,35.43451268032808,4027.748773036859,0.0,1,10.661870956420898,12.932735443115234,1,1,11.22406221219895,0.7155569562369135,5,11,17,22,6,0.0019097318356153
9,malawi,454303,"Zomba, Zomba City",1965,0.3137313210913687,0.1408073749163631,0.02297226971972344,13451,61.33333760972069,Blantyre,138.4416634645275,715.1052631578947,487.0,1015.0,19,1066.3157894736842,918.0,1219.0,70.09621405166425,19,22.255989777414424,20.735334396362305,23.919187545776367,0.8383998575776976,3141.8023662294536,1,0,1,-15.3971295614005,35.43451268032808,4027.748773036859,0.0,1,10.661870956420898,12.932735443115234,1,1,11.22406221219895,0.7155569562369135,5,11,17,22,6,0.0019097318356153
9,malawi,454303,"Zomba, Zomba City",1955,0.2498087222647284,0.10357689364957919,0.014537107880642693,10456,61.33333760972069,Blantyre,138.4416634645275,715.1052631578947,487.0,1015.0,19,1066.3157894736842,918.0,1219.0,70.09621405166425,19,22.255989777414424,20.735334396362305,23.919187545776367,0.8383998575776976,3141.8023662294536,1,0,1,-15.3971295614005,35.43451268032808,4027.748773036859,0.0,1,10.661870956420898,12.932735443115234,1,1,11.22406221219895,0.7155569562369135,5,11,17,22,6,0.0019097318356153
9,malawi,454303,"Zomba, Zomba City",1945,0.17980331718772935,0.07236166152942904,0.009393805959195655,6813,61.33333760972069,Blantyre,138.4416634645275,715.1052631578947,487.0,1015.0,19,1066.3157894736842,918.0,1219.0,70.09621405166425,19,22.255989777414424,20.735334396362305,23.919187545776367,0.8383998575776976,3141.8023662294536,1,0,1,-15.3971295614005,35.43451268032808,4027.748773036859,0.0,1,10.661870956420898,12.932735443115234,1,1,11.22406221219895,0.7155569562369135,5,11,17,22,6,0.0019097318356153
9,malawi,454303,"Zomba, Zomba City",1935,0.07616066770996348,0.03051643192488263,0.003912363067292645,3834,61.33333760972069,Blantyre,138.4416634645275,715.1052631578947,487.0,1015.0,19,1066.3157894736842,918.0,1219.0,70.09621405166425,19,22.255989777414424,20.735334396362305,23.919187545776367,0.8383998575776976,3141.8023662294536,1,0,1,-15.3971295614005,35.43451268032808,4027.748773036859,0.0,1,10.661870956420898,12.932735443115234,1,1,11.22406221219895,0.7155569562369135,5,11,17,22,6,0.0019097318356153
9,malawi,454303,"Zomba, Zomba City",1925,0.04318936877076412,0.013763644992880873,0.0018984337921214998,2107,61.33333760972069,Blantyre,138.4416634645275,715.1052631578947,487.0,1015.0,19,1066.3157894736842,918.0,1219.0,70.09621405166425,19,22.255989777414424,20.735334396362305,23.919187545776367,0.8383998575776976,3141.8023662294536,1,0,1,-15.3971295614005,35.43451268032808,4027.748773036859,0.0,1,10.661870956420898,12.932735443115234,1,1,11.22406221219895,0.7155569562369135,5,11,17,22,6,0.0019097318356153
9,malawi,454303,"Zomba, Zomba City",1915,0.02634245187436677,0.00303951367781155,0.0,987,61.33333760972069,Blantyre,138.4416634645275,715.1052631578947,487.0,1015.0,19,1066.3157894736842,918.0,1219.0,70.09621405166425,19,22.255989777414424,20.735334396362305,23.919187545776367,0.8383998575776976,3141.8023662294536,1,0,1,-15.3971295614005,35.43451268032808,4027.748773036859,0.0,1,10.661870956420898,12.932735443115234,1,1,11.22406221219895,0.7155569562369135,5,11,17,22,6,0.0019097318356153
9,malawi,454304,Chiradzulu,1975,0.46888233029641985,0.2934684973694341,0.03349159502117285,7793,22.350153785400327,Blantyre,123.65356477527308,886.7142857142857,703.0,1062.0,7,1098.142857142857,985.0,1173.0,59.77679571641867,7,20.852844783238,19.76283264160156,21.984331130981445,0.6360922989327016,760.3574899657065,0,0,0,-15.744959189424828,35.21399973836056,4189.017964680989,0.0,0,6.030303001403809,8.456521987915039,1,1,6.376169440127604,0.9999999999999992,6,18,20,22,4,0.0052606833664259
9,malawi,454304,Chiradzulu,1965,0.3314874436574372,0.1399871216999356,0.019961365099806824,7765,22.350153785400327,Blantyre,123.65356477527308,886.7142857142857,703.0,1062.0,7,1098.142857142857,985.0,1173.0,59.77679571641867,7,20.852844783238,19.76283264160156,21.984331130981445,0.6360922989327016,760.3574899657065,0,0,0,-15.744959189424828,35.21399973836056,4189.017964680989,0.0,0,6.030303001403809,8.456521987915039,1,1,6.376169440127604,0.9999999999999992,6,18,20,22,4,0.0052606833664259
9,malawi,454304,Chiradzulu,1955,0.2608344113842173,0.10656532988357051,0.010996119016817595,6184,22.350153785400327,Blantyre,123.65356477527308,886.7142857142857,703.0,1062.0,7,1098.142857142857,985.0,1173.0,59.77679571641867,7,20.852844783238,19.76283264160156,21.984331130981445,0.6360922989327016,760.3574899657065,0,0,0,-15.744959189424828,35.21399973836056,4189.017964680989,0.0,0,6.030303001403809,8.456521987915039,1,1,6.376169440127604,0.9999999999999992,6,18,20,22,4,0.0052606833664259
9,malawi,454304,Chiradzulu,1945,0.17770345596432552,0.07268673355629877,0.008249721293199555,4485,22.350153785400327,Blantyre,123.65356477527308,886.7142857142857,703.0,1062.0,7,1098.142857142857,985.0,1173.0,59.77679571641867,7,20.852844783238,19.76283264160156,21.984331130981445,0.6360922989327016,760.3574899657065,0,0,0,-15.744959189424828,35.21399973836056,4189.017964680989,0.0,0,6.030303001403809,8.456521987915039,1,1,6.376169440127604,0.9999999999999992,6,18,20,22,4,0.0052606833664259
9,malawi,454304,Chiradzulu,1935,0.08053435114503817,0.027099236641221373,0.0030534351145038168,2620,22.350153785400327,Blantyre,123.65356477527308,886.7142857142857,703.0,1062.0,7,1098.142857142857,985.0,1173.0,59.77679571641867,7,20.852844783238,19.76283264160156,21.984331130981445,0.6360922989327016,760.3574899657065,0,0,0,-15.744959189424828,35.21399973836056,4189.017964680989,0.0,0,6.030303001403809,8.456521987915039,1,1,6.376169440127604,0.9999999999999992,6,18,20,22,4,0.0052606833664259
9,malawi,454304,Chiradzulu,1925,0.04542418169672679,0.012024048096192385,0.000668002672010688,1497,22.350153785400327,Blantyre,123.65356477527308,886.7142857142857,703.0,1062.0,7,1098.142857142857,985.0,1173.0,59.77679571641867,7,20.852844783238,19.76283264160156,21.984331130981445,0.6360922989327016,760.3574899657065,0,0,0,-15.744959189424828,35.21399973836056,4189.017964680989,0.0,0,6.030303001403809,8.456521987915039,1,1,6.376169440127604,0.9999999999999992,6,18,20,22,4,0.0052606833664259
9,malawi,454304,Chiradzulu,1915,0.030112923462986198,0.005018820577164366,0.0,797,22.350153785400327,Blantyre,123.65356477527308,886.7142857142857,703.0,1062.0,7,1098.142857142857,985.0,1173.0,59.77679571641867,7,20.852844783238,19.76283264160156,21.984331130981445,0.6360922989327016,760.3574899657065,0,0,0,-15.744959189424828,35.21399973836056,4189.017964680989,0.0,0,6.030303001403809,8.456521987915039,1,1,6.376169440127604,0.9999999999999992,6,18,20,22,4,0.0052606833664259
9,malawi,454305,"Blantyre, Blantyre City",1975,0.6280731659345703,0.47361174850849014,0.10122598833016455,15253,12.267812611584343,Blantyre,253.31289246227345,629.1818181818181,265.0,1062.0,11,947.6363636363636,826.0,1172.0,103.22462067767354,11,22.817000995982777,19.76283264160156,24.59245491027832,1.5644701447461502,2025.9446515146185,1,0,0,-15.669070061818118,34.94589256729018,4064.462615966797,0.0,0,20.099348068237305,23.91111183166504,1,1,15.748956861908914,0.8588852803813473,5,14,22,23,4,0.0019743876008703
9,malawi,454305,"Blantyre, Blantyre City",1965,0.45246881040238973,0.23563521349499209,0.04638903531892462,11382,12.267812611584343,Blantyre,253.31289246227345,629.1818181818181,265.0,1062.0,11,947.6363636363636,826.0,1172.0,103.22462067767354,11,22.817000995982777,19.76283264160156,24.59245491027832,1.5644701447461502,2025.9446515146185,1,0,0,-15.669070061818118,34.94589256729018,4064.462615966797,0.0,0,20.099348068237305,23.91111183166504,1,1,15.748956861908914,0.8588852803813473,5,14,22,23,4,0.0019743876008703
9,malawi,454305,"Blantyre, Blantyre City",1955,0.35343091177655434,0.17456693970726467,0.02846783939841547,7447,12.267812611584343,Blantyre,253.31289246227345,629.1818181818181,265.0,1062.0,11,947.6363636363636,826.0,1172.0,103.22462067767354,11,22.817000995982777,19.76283264160156,24.59245491027832,1.5644701447461502,2025.9446515146185,1,0,0,-15.669070061818118,34.94589256729018,4064.462615966797,0.0,0,20.099348068237305,23.91111183166504,1,1,15.748956861908914,0.8588852803813473,5,14,22,23,4,0.0019743876008703
9,malawi,454305,"Blantyre, Blantyre City",1945,0.23387978142076501,0.10513661202185792,0.016830601092896174,4575,12.267812611584343,Blantyre,253.31289246227345,629.1818181818181,265.0,1062.0,11,947.6363636363636,826.0,1172.0,103.22462067767354,11,22.817000995982777,19.76283264160156,24.59245491027832,1.5644701447461502,2025.9446515146185,1,0,0,-15.669070061818118,34.94589256729018,4064.462615966797,0.0,0,20.099348068237305,23.91111183166504,1,1,15.748956861908914,0.8588852803813473,5,14,22,23,4,0.0019743876008703
9,malawi,454305,"Blantyre, Blantyre City",1935,0.10347490347490347,0.04247104247104247,0.007722007722007722,2590,12.267812611584343,Blantyre,253.31289246227345,629.1818181818181,265.0,1062.0,11,947.6363636363636,826.0,1172.0,103.22462067767354,11,22.817000995982777,19.76283264160156,24.59245491027832,1.5644701447461502,2025.9446515146185,1,0,0,-15.669070061818118,34.94589256729018,4064.462615966797,0.0,0,20.099348068237305,23.91111183166504,1,1,15.748956861908914,0.8588852803813473,5,14,22,23,4,0.0019743876008703
9,malawi,454305,"Blantyre, Blantyre City",1925,0.07477341389728097,0.022658610271903322,0.0030211480362537764,1324,12.267812611584343,Blantyre,253.31289246227345,629.1818181818181,265.0,1062.0,11,947.6363636363636,826.0,1172.0,103.22462067767354,11,22.817000995982777,19.76283264160156,24.59245491027832,1.5644701447461502,2025.9446515146185,1,0,0,-15.669070061818118,34.94589256729018,4064.462615966797,0.0,0,20.099348068237305,23.91111183166504,1,1,15.748956861908914,0.8588852803813473,5,14,22,23,4,0.0019743876008703
9,malawi,454305,"Blantyre, Blantyre City",1915,0.029173419773095625,0.008103727714748784,0.0,617,12.267812611584343,Blantyre,253.31289246227345,629.1818181818181,265.0,1062.0,11,947.6363636363636,826.0,1172.0,103.22462067767354,11,22.817000995982777,19.76283264160156,24.59245491027832,1.5644701447461502,2025.9446515146185,1,0,0,-15.669070061818118,34.94589256729018,4064.462615966797,0.0,0,20.099348068237305,23.91111183166504,1,1,15.748956861908914,0.8588852803813473,5,14,22,23,4,0.0019743876008703
9,malawi,454307,Thyolo,1975,0.3746609564596717,0.23033547466095647,0.024054246966452534,14010,40.23516322668976,Blantyre,298.16035953828606,563.0,85.0,1062.0,10,1019.4,778.0,1173.0,142.39255598520592,10,22.27858543395996,19.76283264160156,25.063146591186523,1.7674864005504776,1645.1843416944462,0,0,1,-16.100012502222643,35.14300591847,4120.786458333333,0.0,0,5.860557556152344,8.982856750488281,1,1,11.27176500295663,0.9208328803369348,3,12,14,21,2,0.0012156692410165
9,malawi,454307,Thyolo,1965,0.25228171585031944,0.10016732582902342,0.013233951931852754,13148,40.23516322668976,Blantyre,298.16035953828606,563.0,85.0,1062.0,10,1019.4,778.0,1173.0,142.39255598520592,10,22.27858543395996,19.76283264160156,25.063146591186523,1.7674864005504776,1645.1843416944462,0,0,1,-16.100012502222643,35.14300591847,4120.786458333333,0.0,0,5.860557556152344,8.982856750488281,1,1,11.27176500295663,0.9208328803369348,3,12,14,21,2,0.0012156692410165
9,malawi,454307,Thyolo,1955,0.21655387818844352,0.08807912545549193,0.01103591879229568,9605,40.23516322668976,Blantyre,298.16035953828606,563.0,85.0,1062.0,10,1019.4,778.0,1173.0,142.39255598520592,10,22.27858543395996,19.76283264160156,25.063146591186523,1.7674864005504776,1645.1843416944462,0,0,1,-16.100012502222643,35.14300591847,4120.786458333333,0.0,0,5.860557556152344,8.982856750488281,1,1,11.27176500295663,0.9208328803369348,3,12,14,21,2,0.0012156692410165
9,malawi,454307,Thyolo,1945,0.16120390797352663,0.06460762685156003,0.006618342262842736,6346,40.23516322668976,Blantyre,298.16035953828606,563.0,85.0,1062.0,10,1019.4,778.0,1173.0,142.39255598520592,10,22.27858543395996,19.76283264160156,25.063146591186523,1.7674864005504776,1645.1843416944462,0,0,1,-16.100012502222643,35.14300591847,4120.786458333333,0.0,0,5.860557556152344,8.982856750488281,1,1,11.27176500295663,0.9208328803369348,3,12,14,21,2,0.0012156692410165
9,malawi,454307,Thyolo,1935,0.08132260947274352,0.02919273160560024,0.0035746201966041107,3357,40.23516322668976,Blantyre,298.16035953828606,563.0,85.0,1062.0,10,1019.4,778.0,1173.0,142.39255598520592,10,22.27858543395996,19.76283264160156,25.063146591186523,1.7674864005504776,1645.1843416944462,0,0,1,-16.100012502222643,35.14300591847,4120.786458333333,0.0,0,5.860557556152344,8.982856750488281,1,1,11.27176500295663,0.9208328803369348,3,12,14,21,2,0.0012156692410165
9,malawi,454307,Thyolo,1925,0.046441495778045835,0.010856453558504222,0.0018094089264173703,1658,40.23516322668976,Blantyre,298.16035953828606,563.0,85.0,1062.0,10,1019.4,778.0,1173.0,142.39255598520592,10,22.27858543395996,19.76283264160156,25.063146591186523,1.7674864005504776,1645.1843416944462,0,0,1,-16.100012502222643,35.14300591847,4120.786458333333,0.0,0,5.860557556152344,8.982856750488281,1,1,11.27176500295663,0.9208328803369348,3,12,14,21,2,0.0012156692410165
9,malawi,454307,Thyolo,1915,0.02342606149341142,0.005856515373352855,0.0,683,40.23516322668976,Blantyre,298.16035953828606,563.0,85.0,1062.0,10,1019.4,778.0,1173.0,142.39255598520592,10,22.27858543395996,19.76283264160156,25.063146591186523,1.7674864005504776,1645.1843416944462,0,0,1,-16.100012502222643,35.14300591847,4120.786458333333,0.0,0,5.860557556152344,8.982856750488281,1,1,11.27176500295663,0.9208328803369348,3,12,14,21,2,0.0012156692410165
9,malawi,454308,Mulanje,1975,0.37393404271375746,0.22586974567957135,0.021658742736397254,13251,57.73792174409365,Blantyre,242.25430602762736,780.2941176470588,530.0,1568.0,17,1339.9411764705883,1064.0,1776.0,237.6258726724045,17,21.121352700626147,16.96177101135254,22.383956909179688,1.2630445786524622,2056.115632097556,0,0,1,-15.940461995111276,35.51327449490376,3908.8082478841143,0.0,0,5.904761791229248,8.966386795043945,0,1,8.712365182654066,0.8778973005710583,2,10,16,19,2,0.0009727079395625
9,malawi,454308,Mulanje,1965,0.24800637958532695,0.09585326953748007,0.013476874003189792,12540,57.73792174409365,Blantyre,242.25430602762736,780.2941176470588,530.0,1568.0,17,1339.9411764705883,1064.0,1776.0,237.6258726724045,17,21.121352700626147,16.96177101135254,22.383956909179688,1.2630445786524622,2056.115632097556,0,0,1,-15.940461995111276,35.51327449490376,3908.8082478841143,0.0,0,5.904761791229248,8.966386795043945,0,1,8.712365182654066,0.8778973005710583,2,10,16,19,2,0.0009727079395625
9,malawi,454308,Mulanje,1955,0.1992704533611256,0.07462219906201147,0.008337675872850442,9595,57.73792174409365,Blantyre,242.25430602762736,780.2941176470588,530.0,1568.0,17,1339.9411764705883,1064.0,1776.0,237.6258726724045,17,21.121352700626147,16.96177101135254,22.383956909179688,1.2630445786524622,2056.115632097556,0,0,1,-15.940461995111276,35.51327449490376,3908.8082478841143,0.0,0,5.904761791229248,8.966386795043945,0,1,8.712365182654066,0.8778973005710583,2,10,16,19,2,0.0009727079395625
9,malawi,454308,Mulanje,1945,0.15367416902668057,0.054404531226710386,0.005664033387986287,6709,57.73792174409365,Blantyre,242.25430602762736,780.2941176470588,530.0,1568.0,17,1339.9411764705883,1064.0,1776.0,237.6258726724045,17,21.121352700626147,16.96177101135254,22.383956909179688,1.2630445786524622,2056.115632097556,0,0,1,-15.940461995111276,35.51327449490376,3908.8082478841143,0.0,0,5.904761791229248,8.966386795043945,0,1,8.712365182654066,0.8778973005710583,2,10,16,19,2,0.0009727079395625
9,malawi,454308,Mulanje,1935,0.06301215032495056,0.020909861542808703,0.0022605255721955355,3539,57.73792174409365,Blantyre,242.25430602762736,780.2941176470588,530.0,1568.0,17,1339.9411764705883,1064.0,1776.0,237.6258726724045,17,21.121352700626147,16.96177101135254,22.383956909179688,1.2630445786524622,2056.115632097556,0,0,1,-15.940461995111276,35.51327449490376,3908.8082478841143,0.0,0,5.904761791229248,8.966386795043945,0,1,8.712365182654066,0.8778973005710583,2,10,16,19,2,0.0009727079395625
9,malawi,454308,Mulanje,1925,0.040268456375838924,0.013422818791946308,0.0,1788,57.73792174409365,Blantyre,242.25430602762736,780.2941176470588,530.0,1568.0,17,1339.9411764705883,1064.0,1776.0,237.6258726724045,17,21.121352700626147,16.96177101135254,22.383956909179688,1.2630445786524622,2056.115632097556,0,0,1,-15.940461995111276,35.51327449490376,3908.8082478841143,0.0,0,5.904761791229248,8.966386795043945,0,1,8.712365182654066,0.8778973005710583,2,10,16,19,2,0.0009727079395625
9,malawi,454308,Mulanje,1915,0.017632241813602016,0.005037783375314861,0.0012594458438287153,794,57.73792174409365,Blantyre,242.25430602762736,780.2941176470588,530.0,1568.0,17,1339.9411764705883,1064.0,1776.0,237.6258726724045,17,21.121352700626147,16.96177101135254,22.383956909179688,1.2630445786524622,2056.115632097556,0,0,1,-15.940461995111276,35.51327449490376,3908.8082478841143,0.0,0,5.904761791229248,8.966386795043945,0,1,8.712365182654066,0.8778973005710583,2,10,16,19,2,0.0009727079395625
9,malawi,454309,Phalombe,1975,0.3102920935922924,0.18106744150481724,0.016057501146964366,6539,74.86140019359898,Blantyre,266.0556510722064,785.0769230769231,623.0,1568.0,13,1315.8461538461538,1071.0,1644.0,202.49058711412363,13,21.575337483332707,16.96177101135254,22.63674736022949,1.613769785936995,1499.4727253148328,0,0,1,-15.670196303717033,35.698715299802195,3867.5531969572367,0.0,0,5.222222328186035,7.529411792755127,0,0,40.76057967951799,0.083685385222329,0,6,16,19,0,0.0
9,malawi,454309,Phalombe,1965,0.2020542449045097,0.07863906275076232,0.011555127587867116,6231,74.86140019359898,Blantyre,266.0556510722064,785.0769230769231,623.0,1568.0,13,1315.8461538461538,1071.0,1644.0,202.49058711412363,13,21.575337483332707,16.96177101135254,22.63674736022949,1.613769785936995,1499.4727253148328,0,0,1,-15.670196303717033,35.698715299802195,3867.5531969572367,0.0,0,5.222222328186035,7.529411792755127,0,0,40.76057967951799,0.083685385222329,0,6,16,19,0,0.0
9,malawi,454309,Phalombe,1955,0.1455310199789695,0.047528916929547846,0.006309148264984227,4755,74.86140019359898,Blantyre,266.0556510722064,785.0769230769231,623.0,1568.0,13,1315.8461538461538,1071.0,1644.0,202.49058711412363,13,21.575337483332707,16.96177101135254,22.63674736022949,1.613769785936995,1499.4727253148328,0,0,1,-15.670196303717033,35.698715299802195,3867.5531969572367,0.0,0,5.222222328186035,7.529411792755127,0,0,40.76057967951799,0.083685385222329,0,6,16,19,0,0.0
9,malawi,454309,Phalombe,1945,0.11650485436893204,0.038834951456310676,0.00353045013239188,3399,74.86140019359898,Blantyre,266.0556510722064,785.0769230769231,623.0,1568.0,13,1315.8461538461538,1071.0,1644.0,202.49058711412363,13,21.575337483332707,16.96177101135254,22.63674736022949,1.613769785936995,1499.4727253148328,0,0,1,-15.670196303717033,35.698715299802195,3867.5531969572367,0.0,0,5.222222328186035,7.529411792755127,0,0,40.76057967951799,0.083685385222329,0,6,16,19,0,0.0
9,malawi,454309,Phalombe,1935,0.051807228915662654,0.016265060240963854,0.0018072289156626507,1660,74.86140019359898,Blantyre,266.0556510722064,785.0769230769231,623.0,1568.0,13,1315.8461538461538,1071.0,1644.0,202.49058711412363,13,21.575337483332707,16.96177101135254,22.63674736022949,1.613769785936995,1499.4727253148328,0,0,1,-15.670196303717033,35.698715299802195,3867.5531969572367,0.0,0,5.222222328186035,7.529411792755127,0,0,40.76057967951799,0.083685385222329,0,6,16,19,0,0.0
9,malawi,454309,Phalombe,1925,0.02830188679245283,0.009433962264150943,0.0,848,74.86140019359898,Blantyre,266.0556510722064,785.0769230769231,623.0,1568.0,13,1315.8461538461538,1071.0,1644.0,202.49058711412363,13,21.575337483332707,16.96177101135254,22.63674736022949,1.613769785936995,1499.4727253148328,0,0,1,-15.670196303717033,35.698715299802195,3867.5531969572367,0.0,0,5.222222328186035,7.529411792755127,0,0,40.76057967951799,0.083685385222329,0,6,16,19,0,0.0
9,malawi,454309,Phalombe,1915,0.022167487684729065,0.0024630541871921183,0.0024630541871921183,406,74.86140019359898,Blantyre,266.0556510722064,785.0769230769231,623.0,1568.0,13,1315.8461538461538,1071.0,1644.0,202.49058711412363,13,21.575337483332707,16.96177101135254,22.63674736022949,1.613769785936995,1499.4727253148328,0,0,1,-15.670196303717033,35.698715299802195,3867.5531969572367,0.0,0,5.222222328186035,7.529411792755127,0,0,40.76057967951799,0.083685385222329,0,6,16,19,0,0.0
9,malawi,454310,Chikwawa,1975,0.3431346810186401,0.2139669204515621,0.02284064058808086,7618,54.82907406696699,Blantyre,204.58276355269317,322.5,69.0,886.0,28,837.8214285714286,756.0,1168.0,86.88788078052434,28,24.528228282928467,20.22820854187012,25.690393447875977,1.2282012758410683,4930.817034076206,1,0,1,-16.164673998954708,34.70848867761609,4294.753826272899,0.0,0,6.801526546478272,9.21327018737793,0,1,25.10895242467068,0.453325198708625,0,3,11,17,2,0.000405612292279
9,malawi,454310,Chikwawa,1965,0.2064131245339299,0.07755406413124534,0.009694258016405667,6705,54.82907406696699,Blantyre,204.58276355269317,322.5,69.0,886.0,28,837.8214285714286,756.0,1168.0,86.88788078052434,28,24.528228282928467,20.22820854187012,25.690393447875977,1.2282012758410683,4930.817034076206,1,0,1,-16.164673998954708,34.70848867761609,4294.753826272899,0.0,0,6.801526546478272,9.21327018737793,0,1,25.10895242467068,0.453325198708625,0,3,11,17,2,0.000405612292279
9,malawi,454310,Chikwawa,1955,0.16673251679178192,0.06479652311339391,0.004741209008297116,5062,54.82907406696699,Blantyre,204.58276355269317,322.5,69.0,886.0,28,837.8214285714286,756.0,1168.0,86.88788078052434,28,24.528228282928467,20.22820854187012,25.690393447875977,1.2282012758410683,4930.817034076206,1,0,1,-16.164673998954708,34.70848867761609,4294.753826272899,0.0,0,6.801526546478272,9.21327018737793,0,1,25.10895242467068,0.453325198708625,0,3,11,17,2,0.000405612292279
9,malawi,454310,Chikwawa,1945,0.12802321831667204,0.05127378265075782,0.003869719445340213,3101,54.82907406696699,Blantyre,204.58276355269317,322.5,69.0,886.0,28,837.8214285714286,756.0,1168.0,86.88788078052434,28,24.528228282928467,20.22820854187012,25.690393447875977,1.2282012758410683,4930.817034076206,1,0,1,-16.164673998954708,34.70848867761609,4294.753826272899,0.0,0,6.801526546478272,9.21327018737793,0,1,25.10895242467068,0.453325198708625,0,3,11,17,2,0.000405612292279
9,malawi,454310,Chikwawa,1935,0.06803519061583578,0.02932551319648094,0.002932551319648094,1705,54.82907406696699,Blantyre,204.58276355269317,322.5,69.0,886.0,28,837.8214285714286,756.0,1168.0,86.88788078052434,28,24.528228282928467,20.22820854187012,25.690393447875977,1.2282012758410683,4930.817034076206,1,0,1,-16.164673998954708,34.70848867761609,4294.753826272899,0.0,0,6.801526546478272,9.21327018737793,0,1,25.10895242467068,0.453325198708625,0,3,11,17,2,0.000405612292279
9,malawi,454310,Chikwawa,1925,0.03759398496240601,0.013784461152882205,0.0,798,54.82907406696699,Blantyre,204.58276355269317,322.5,69.0,886.0,28,837.8214285714286,756.0,1168.0,86.88788078052434,28,24.528228282928467,20.22820854187012,25.690393447875977,1.2282012758410683,4930.817034076206,1,0,1,-16.164673998954708,34.70848867761609,4294.753826272899,0.0,0,6.801526546478272,9.21327018737793,0,1,25.10895242467068,0.453325198708625,0,3,11,17,2,0.000405612292279
9,malawi,454310,Chikwawa,1915,0.028169014084507043,0.01056338028169014,0.0,284,54.82907406696699,Blantyre,204.58276355269317,322.5,69.0,886.0,28,837.8214285714286,756.0,1168.0,86.88788078052434,28,24.528228282928467,20.22820854187012,25.690393447875977,1.2282012758410683,4930.817034076206,1,0,1,-16.164673998954708,34.70848867761609,4294.753826272899,0.0,0,6.801526546478272,9.21327018737793,0,1,25.10895242467068,0.453325198708625,0,3,11,17,2,0.000405612292279
9,malawi,454311,Nsanje,1975,0.35946898983613357,0.23148724331051648,0.024476249740717694,4821,111.11689591794617,Blantyre,126.9723447501894,202.84615384615384,52.0,481.0,13,866.9230769230769,778.0,998.0,60.44254937664301,13,24.71578964820275,22.593854904174805,25.65754127502441,0.7701772694360772,1953.945263971323,1,0,1,-16.753770357069882,35.14178095900815,4165.422784978693,0.0,0,5.255555629730225,8.309859275817871,1,1,10.26078064069827,0.4796225109313052,1,1,3,7,1,0.0005117850629897
9,malawi,454311,Nsanje,1965,0.2231732776617954,0.09895615866388309,0.013778705636743214,4790,111.11689591794617,Blantyre,126.9723447501894,202.84615384615384,52.0,481.0,13,866.9230769230769,778.0,998.0,60.44254937664301,13,24.71578964820275,22.593854904174805,25.65754127502441,0.7701772694360772,1953.945263971323,1,0,1,-16.753770357069882,35.14178095900815,4165.422784978693,0.0,0,5.255555629730225,8.309859275817871,1,1,10.26078064069827,0.4796225109313052,1,1,3,7,1,0.0005117850629897
9,malawi,454311,Nsanje,1955,0.16210426089026422,0.07260176148536063,0.007379195429659605,4201,111.11689591794617,Blantyre,126.9723447501894,202.84615384615384,52.0,481.0,13,866.9230769230769,778.0,998.0,60.44254937664301,13,24.71578964820275,22.593854904174805,25.65754127502441,0.7701772694360772,1953.945263971323,1,0,1,-16.753770357069882,35.14178095900815,4165.422784978693,0.0,0,5.255555629730225,8.309859275817871,1,1,10.26078064069827,0.4796225109313052,1,1,3,7,1,0.0005117850629897
9,malawi,454311,Nsanje,1945,0.13498992612491606,0.061114842175957015,0.0033579583613163196,2978,111.11689591794617,Blantyre,126.9723447501894,202.84615384615384,52.0,481.0,13,866.9230769230769,778.0,998.0,60.44254937664301,13,24.71578964820275,22.593854904174805,25.65754127502441,0.7701772694360772,1953.945263971323,1,0,1,-16.753770357069882,35.14178095900815,4165.422784978693,0.0,0,5.255555629730225,8.309859275817871,1,1,10.26078064069827,0.4796225109313052,1,1,3,7,1,0.0005117850629897
9,malawi,454311,Nsanje,1935,0.06362672322375397,0.02545068928950159,0.002651113467656416,1886,111.11689591794617,Blantyre,126.9723447501894,202.84615384615384,52.0,481.0,13,866.9230769230769,778.0,998.0,60.44254937664301,13,24.71578964820275,22.593854904174805,25.65754127502441,0.7701772694360772,1953.945263971323,1,0,1,-16.753770357069882,35.14178095900815,4165.422784978693,0.0,0,5.255555629730225,8.309859275817871,1,1,10.26078064069827,0.4796225109313052,1,1,3,7,1,0.0005117850629897
9,malawi,454311,Nsanje,1925,0.02667893284268629,0.00827966881324747,0.0018399264029438822,1087,111.11689591794617,Blantyre,126.9723447501894,202.84615384615384,52.0,481.0,13,866.9230769230769,778.0,998.0,60.44254937664301,13,24.71578964820275,22.593854904174805,25.65754127502441,0.7701772694360772,1953.945263971323,1,0,1,-16.753770357069882,35.14178095900815,4165.422784978693,0.0,0,5.255555629730225,8.309859275817871,1,1,10.26078064069827,0.4796225109313052,1,1,3,7,1,0.0005117850629897
9,malawi,454311,Nsanje,1915,0.015968063872255488,0.013972055888223553,0.0,501,111.11689591794617,Blantyre,126.9723447501894,202.84615384615384,52.0,481.0,13,866.9230769230769,778.0,998.0,60.44254937664301,13,24.71578964820275,22.593854904174805,25.65754127502441,0.7701772694360772,1953.945263971323,1,0,1,-16.753770357069882,35.14178095900815,4165.422784978693,0.0,0,5.255555629730225,8.309859275817871,1,1,10.26078064069827,0.4796225109313052,1,1,3,7,1,0.0005117850629897
9,malawi,454312,Balaka,1975,0.40408085430968727,0.251906941266209,0.02841342486651411,5244,81.12175021597662,Blantyre,124.02567018123838,632.3076923076923,484.0,912.0,13,999.4615384615385,911.0,1099.0,45.54898527049311,13,22.990081346952,21.404748916625977,23.702606201171875,0.6547340452639775,2134.316589086322,1,0,0,-15.035125133891825,35.057047232328486,3956.600902416088,0.0,0,8.806818008422852,10.689655303955078,1,0,31.24505669348675,0.4461517230273038,0,6,20,23,0,0.0
9,malawi,454312,Balaka,1965,0.275049115913556,0.1144400785854617,0.014489194499017682,4072,81.12175021597662,Blantyre,124.02567018123838,632.3076923076923,484.0,912.0,13,999.4615384615385,911.0,1099.0,45.54898527049311,13,22.990081346952,21.404748916625977,23.702606201171875,0.6547340452639775,2134.316589086322,1,0,0,-15.035125133891825,35.057047232328486,3956.600902416088,0.0,0,8.806818008422852,10.689655303955078,1,0,31.24505669348675,0.4461517230273038,0,6,20,23,0,0.0
9,malawi,454312,Balaka,1955,0.21990125332320548,0.09039118875807065,0.012913026965438662,2633,81.12175021597662,Blantyre,124.02567018123838,632.3076923076923,484.0,912.0,13,999.4615384615385,911.0,1099.0,45.54898527049311,13,22.990081346952,21.404748916625977,23.702606201171875,0.6547340452639775,2134.316589086322,1,0,0,-15.035125133891825,35.057047232328486,3956.600902416088,0.0,0,8.806818008422852,10.689655303955078,1,0,31.24505669348675,0.4461517230273038,0,6,20,23,0,0.0
9,malawi,454312,Balaka,1945,0.12722478576137114,0.05075807514831905,0.005273566249176005,1517,81.12175021597662,Blantyre,124.02567018123838,632.3076923076923,484.0,912.0,13,999.4615384615385,911.0,1099.0,45.54898527049311,13,22.990081346952,21.404748916625977,23.702606201171875,0.6547340452639775,2134.316589086322,1,0,0,-15.035125133891825,35.057047232328486,3956.600902416088,0.0,0,8.806818008422852,10.689655303955078,1,0,31.24505669348675,0.4461517230273038,0,6,20,23,0,0.0
9,malawi,454312,Balaka,1935,0.0639386189258312,0.016624040920716114,0.0038363171355498722,782,81.12175021597662,Blantyre,124.02567018123838,632.3076923076923,484.0,912.0,13,999.4615384615385,911.0,1099.0,45.54898527049311,13,22.990081346952,21.404748916625977,23.702606201171875,0.6547340452639775,2134.316589086322,1,0,0,-15.035125133891825,35.057047232328486,3956.600902416088,0.0,0,8.806818008422852,10.689655303955078,1,0,31.24505669348675,0.4461517230273038,0,6,20,23,0,0.0
9,malawi,454312,Balaka,1925,0.04071246819338423,0.010178117048346057,0.0,393,81.12175021597662,Blantyre,124.02567018123838,632.3076923076923,484.0,912.0,13,999.4615384615385,911.0,1099.0,45.54898527049311,13,22.990081346952,21.404748916625977,23.702606201171875,0.6547340452639775,2134.316589086322,1,0,0,-15.035125133891825,35.057047232328486,3956.600902416088,0.0,0,8.806818008422852,10.689655303955078,1,0,31.24505669348675,0.4461517230273038,0,6,20,23,0,0.0
9,malawi,454312,Balaka,1915,0.016216216216216217,0.0,0.0,185,81.12175021597662,Blantyre,124.02567018123838,632.3076923076923,484.0,912.0,13,999.4615384615385,911.0,1099.0,45.54898527049311,13,22.990081346952,21.404748916625977,23.702606201171875,0.6547340452639775,2134.316589086322,1,0,0,-15.035125133891825,35.057047232328486,3956.600902416088,0.0,0,8.806818008422852,10.689655303955078,1,0,31.24505669348675,0.4461517230273038,0,6,20,23,0,0.0
10,mali,466001,Kayes,1975,0.08490820734341252,0.04522138228941685,0.011501079913606911,37040,145.30806612186774,Kayes,106.77472675164468,251.79680365296804,35.0,557.0,438,732.9155251141552,309.0,1220.0,222.14594669072167,438,28.08276850556674,25.625123977661133,29.98677062988281,0.9098100130175164,122011.16021819127,1,0,1,13.871016212640097,-10.231564532229136,3472.459383342577,0.0,1,8.793970108032227,9.578017234802246,1,1,125.151629156224,0.0481942682069479,0,0,0,0,3,2.4587914700877646e-05
10,mali,466001,Kayes,1965,0.11965915711788697,0.0625364148378326,0.016289570790444748,41192,145.30806612186774,Kayes,106.77472675164468,251.79680365296804,35.0,557.0,438,732.9155251141552,309.0,1220.0,222.14594669072167,438,28.08276850556674,25.625123977661133,29.98677062988281,0.9098100130175164,122011.16021819127,1,0,1,13.871016212640097,-10.231564532229136,3472.459383342577,0.0,1,8.793970108032227,9.578017234802246,1,1,125.151629156224,0.0481942682069479,0,0,0,0,3,2.4587914700877646e-05
10,mali,466001,Kayes,1955,0.12248851670155923,0.0676811548917289,0.024247726775614785,32003,145.30806612186774,Kayes,106.77472675164468,251.79680365296804,35.0,557.0,438,732.9155251141552,309.0,1220.0,222.14594669072167,438,28.08276850556674,25.625123977661133,29.98677062988281,0.9098100130175164,122011.16021819127,1,0,1,13.871016212640097,-10.231564532229136,3472.459383342577,0.0,1,8.793970108032227,9.578017234802246,1,1,125.151629156224,0.0481942682069479,0,0,0,0,3,2.4587914700877646e-05
10,mali,466001,Kayes,1945,0.05617047237232003,0.03189820463656964,0.013900993550636221,22948,145.30806612186774,Kayes,106.77472675164468,251.79680365296804,35.0,557.0,438,732.9155251141552,309.0,1220.0,222.14594669072167,438,28.08276850556674,25.625123977661133,29.98677062988281,0.9098100130175164,122011.16021819127,1,0,1,13.871016212640097,-10.231564532229136,3472.459383342577,0.0,1,8.793970108032227,9.578017234802246,1,1,125.151629156224,0.0481942682069479,0,0,0,0,3,2.4587914700877646e-05
10,mali,466001,Kayes,1935,0.03848520062888783,0.01681591359628136,0.007109166723631144,14629,145.30806612186774,Kayes,106.77472675164468,251.79680365296804,35.0,557.0,438,732.9155251141552,309.0,1220.0,222.14594669072167,438,28.08276850556674,25.625123977661133,29.98677062988281,0.9098100130175164,122011.16021819127,1,0,1,13.871016212640097,-10.231564532229136,3472.459383342577,0.0,1,8.793970108032227,9.578017234802246,1,1,125.151629156224,0.0481942682069479,0,0,0,0,3,2.4587914700877646e-05
10,mali,466001,Kayes,1925,0.023140084598158746,0.00783777058969893,0.0032346354814630504,8038,145.30806612186774,Kayes,106.77472675164468,251.79680365296804,35.0,557.0,438,732.9155251141552,309.0,1220.0,222.14594669072167,438,28.08276850556674,25.625123977661133,29.98677062988281,0.9098100130175164,122011.16021819127,1,0,1,13.871016212640097,-10.231564532229136,3472.459383342577,0.0,1,8.793970108032227,9.578017234802246,1,1,125.151629156224,0.0481942682069479,0,0,0,0,3,2.4587914700877646e-05
10,mali,466001,Kayes,1915,0.02481902792140641,0.007928300586004825,0.001723543605653223,2901,145.30806612186774,Kayes,106.77472675164468,251.79680365296804,35.0,557.0,438,732.9155251141552,309.0,1220.0,222.14594669072167,438,28.08276850556674,25.625123977661133,29.98677062988281,0.9098100130175164,122011.16021819127,1,0,1,13.871016212640097,-10.231564532229136,3472.459383342577,0.0,1,8.793970108032227,9.578017234802246,1,1,125.151629156224,0.0481942682069479,0,0,0,0,3,2.4587914700877646e-05
10,mali,466002,Koulikoro,1975,0.10917662434652727,0.05622199402539208,0.014679798356982823,42848,117.8438279262206,Bamako,52.989849820460506,331.90434782608696,217.0,566.0,345,656.6057971014493,281.0,1133.0,241.86821413710376,345,27.634603102310844,26.20249938964844,29.1947078704834,0.6111398251398287,90762.78828066812,1,0,1,13.622032841468352,-7.643458657711949,3183.496714190934,0.0,1,7.943681240081787,12.577676773071287,1,1,108.161349594765,0.0392943152691946,0,0,0,0,3,3.305319345989043e-05
10,mali,466002,Koulikoro,1965,0.12270056208482372,0.06014733435530574,0.015095384091296201,46968,117.8438279262206,Bamako,52.989849820460506,331.90434782608696,217.0,566.0,345,656.6057971014493,281.0,1133.0,241.86821413710376,345,27.634603102310844,26.20249938964844,29.1947078704834,0.6111398251398287,90762.78828066812,1,0,1,13.622032841468352,-7.643458657711949,3183.496714190934,0.0,1,7.943681240081787,12.577676773071287,1,1,108.161349594765,0.0392943152691946,0,0,0,0,3,3.305319345989043e-05
10,mali,466002,Koulikoro,1955,0.10231131558768759,0.055208675649030564,0.021333114251287106,36516,117.8438279262206,Bamako,52.989849820460506,331.90434782608696,217.0,566.0,345,656.6057971014493,281.0,1133.0,241.86821413710376,345,27.634603102310844,26.20249938964844,29.1947078704834,0.6111398251398287,90762.78828066812,1,0,1,13.622032841468352,-7.643458657711949,3183.496714190934,0.0,1,7.943681240081787,12.577676773071287,1,1,108.161349594765,0.0392943152691946,0,0,0,0,3,3.305319345989043e-05
10,mali,466002,Koulikoro,1945,0.04400224215246637,0.023382447149263293,0.010770339525944908,24976,117.8438279262206,Bamako,52.989849820460506,331.90434782608696,217.0,566.0,345,656.6057971014493,281.0,1133.0,241.86821413710376,345,27.634603102310844,26.20249938964844,29.1947078704834,0.6111398251398287,90762.78828066812,1,0,1,13.622032841468352,-7.643458657711949,3183.496714190934,0.0,1,7.943681240081787,12.577676773071287,1,1,108.161349594765,0.0392943152691946,0,0,0,0,3,3.305319345989043e-05
10,mali,466002,Koulikoro,1935,0.026915520628683694,0.009823182711198428,0.0041257367387033395,15270,117.8438279262206,Bamako,52.989849820460506,331.90434782608696,217.0,566.0,345,656.6057971014493,281.0,1133.0,241.86821413710376,345,27.634603102310844,26.20249938964844,29.1947078704834,0.6111398251398287,90762.78828066812,1,0,1,13.622032841468352,-7.643458657711949,3183.496714190934,0.0,1,7.943681240081787,12.577676773071287,1,1,108.161349594765,0.0392943152691946,0,0,0,0,3,3.305319345989043e-05
10,mali,466002,Koulikoro,1925,0.022501730902377105,0.007039003000230787,0.002538656819755366,8666,117.8438279262206,Bamako,52.989849820460506,331.90434782608696,217.0,566.0,345,656.6057971014493,281.0,1133.0,241.86821413710376,345,27.634603102310844,26.20249938964844,29.1947078704834,0.6111398251398287,90762.78828066812,1,0,1,13.622032841468352,-7.643458657711949,3183.496714190934,0.0,1,7.943681240081787,12.577676773071287,1,1,108.161349594765,0.0392943152691946,0,0,0,0,3,3.305319345989043e-05
10,mali,466002,Koulikoro,1915,0.017702070808283232,0.006012024048096192,0.002338009352037408,2994,117.8438279262206,Bamako,52.989849820460506,331.90434782608696,217.0,566.0,345,656.6057971014493,281.0,1133.0,241.86821413710376,345,27.634603102310844,26.20249938964844,29.1947078704834,0.6111398251398287,90762.78828066812,1,0,1,13.622032841468352,-7.643458657711949,3183.496714190934,0.0,1,7.943681240081787,12.577676773071287,1,1,108.161349594765,0.0392943152691946,0,0,0,0,3,3.305319345989043e-05
10,mali,466003,Sikasso,1975,0.09105656799747182,0.051237754134625516,0.015190140103233963,47465,96.03875178180056,Sikasso,38.68950221493258,362.96691176470586,299.0,533.0,272,1035.3933823529412,769.0,1363.0,134.83054326592034,272,27.093871116638184,25.88718605041504,27.586143493652344,0.3266699649928821,71759.07060023848,0,0,1,11.426947468104387,-6.553896139857342,4261.027569594372,0.0,1,8.882844924926758,11.468018531799316,0,1,89.97202022299518,0.0497820850583675,0,0,0,1,2,2.7871041016428065e-05
10,mali,466003,Sikasso,1965,0.11837367054685537,0.06293442760237836,0.019449794824554056,47764,96.03875178180056,Sikasso,38.68950221493258,362.96691176470586,299.0,533.0,272,1035.3933823529412,769.0,1363.0,134.83054326592034,272,27.093871116638184,25.88718605041504,27.586143493652344,0.3266699649928821,71759.07060023848,0,0,1,11.426947468104387,-6.553896139857342,4261.027569594372,0.0,1,8.882844924926758,11.468018531799316,0,1,89.97202022299518,0.0497820850583675,0,0,0,1,2,2.7871041016428065e-05
10,mali,466003,Sikasso,1955,0.09707415990730012,0.054837775202781,0.025086906141367323,34520,96.03875178180056,Sikasso,38.68950221493258,362.96691176470586,299.0,533.0,272,1035.3933823529412,769.0,1363.0,134.83054326592034,272,27.093871116638184,25.88718605041504,27.586143493652344,0.3266699649928821,71759.07060023848,0,0,1,11.426947468104387,-6.553896139857342,4261.027569594372,0.0,1,8.882844924926758,11.468018531799316,0,1,89.97202022299518,0.0497820850583675,0,0,0,1,2,2.7871041016428065e-05
10,mali,466003,Sikasso,1945,0.04432039245538357,0.022498519834221433,0.010403450900786603,23646,96.03875178180056,Sikasso,38.68950221493258,362.96691176470586,299.0,533.0,272,1035.3933823529412,769.0,1363.0,134.83054326592034,272,27.093871116638184,25.88718605041504,27.586143493652344,0.3266699649928821,71759.07060023848,0,0,1,11.426947468104387,-6.553896139857342,4261.027569594372,0.0,1,8.882844924926758,11.468018531799316,0,1,89.97202022299518,0.0497820850583675,0,0,0,1,2,2.7871041016428065e-05
10,mali,466003,Sikasso,1935,0.025176110260336906,0.009862174578866768,0.0038591117917304747,16325,96.03875178180056,Sikasso,38.68950221493258,362.96691176470586,299.0,533.0,272,1035.3933823529412,769.0,1363.0,134.83054326592034,272,27.093871116638184,25.88718605041504,27.586143493652344,0.3266699649928821,71759.07060023848,0,0,1,11.426947468104387,-6.553896139857342,4261.027569594372,0.0,1,8.882844924926758,11.468018531799316,0,1,89.97202022299518,0.0497820850583675,0,0,0,1,2,2.7871041016428065e-05
10,mali,466003,Sikasso,1925,0.015566761675071256,0.005700504275378207,0.0009866257399693049,9122,96.03875178180056,Sikasso,38.68950221493258,362.96691176470586,299.0,533.0,272,1035.3933823529412,769.0,1363.0,134.83054326592034,272,27.093871116638184,25.88718605041504,27.586143493652344,0.3266699649928821,71759.07060023848,0,0,1,11.426947468104387,-6.553896139857342,4261.027569594372,0.0,1,8.882844924926758,11.468018531799316,0,1,89.97202022299518,0.0497820850583675,0,0,0,1,2,2.7871041016428065e-05
10,mali,466003,Sikasso,1915,0.009778357235984355,0.003259452411994785,0.0016297262059973925,3068,96.03875178180056,Sikasso,38.68950221493258,362.96691176470586,299.0,533.0,272,1035.3933823529412,769.0,1363.0,134.83054326592034,272,27.093871116638184,25.88718605041504,27.586143493652344,0.3266699649928821,71759.07060023848,0,0,1,11.426947468104387,-6.553896139857342,4261.027569594372,0.0,1,8.882844924926758,11.468018531799316,0,1,89.97202022299518,0.0497820850583675,0,0,0,1,2,2.7871041016428065e-05
10,mali,466004,Ségou,1975,0.10332064520199365,0.05623435889886648,0.017286702698155663,47551,73.58232491321981,Ségou,26.857277559388734,297.3164556962025,266.0,420.0,237,572.3544303797469,282.0,820.0,156.4767170754194,237,27.847542082710103,26.57260131835937,29.254377365112305,0.6236896533361037,61631.020137599546,1,0,1,13.807536373956705,-5.6956328990392,2759.679034906122,0.0,0,7.352409839630127,9.745928764343262,0,1,39.2028227770664,0.0636154586510001,0,1,1,2,2,3.2451190902482703e-05
10,mali,466004,Ségou,1965,0.11627994789208375,0.05822493250514471,0.015443578076915815,52967,73.58232491321981,Ségou,26.857277559388734,297.3164556962025,266.0,420.0,237,572.3544303797469,282.0,820.0,156.4767170754194,237,27.847542082710103,26.57260131835937,29.254377365112305,0.6236896533361037,61631.020137599546,1,0,1,13.807536373956705,-5.6956328990392,2759.679034906122,0.0,0,7.352409839630127,9.745928764343262,0,1,39.2028227770664,0.0636154586510001,0,1,1,2,2,3.2451190902482703e-05
10,mali,466004,Ségou,1955,0.0993659046184495,0.053448652850999735,0.021452345667014892,41161,73.58232491321981,Ségou,26.857277559388734,297.3164556962025,266.0,420.0,237,572.3544303797469,282.0,820.0,156.4767170754194,237,27.847542082710103,26.57260131835937,29.254377365112305,0.6236896533361037,61631.020137599546,1,0,1,13.807536373956705,-5.6956328990392,2759.679034906122,0.0,0,7.352409839630127,9.745928764343262,0,1,39.2028227770664,0.0636154586510001,0,1,1,2,2,3.2451190902482703e-05
10,mali,466004,Ségou,1945,0.04862094028537546,0.02402356451551203,0.011208446501664053,26141,73.58232491321981,Ségou,26.857277559388734,297.3164556962025,266.0,420.0,237,572.3544303797469,282.0,820.0,156.4767170754194,237,27.847542082710103,26.57260131835937,29.254377365112305,0.6236896533361037,61631.020137599546,1,0,1,13.807536373956705,-5.6956328990392,2759.679034906122,0.0,0,7.352409839630127,9.745928764343262,0,1,39.2028227770664,0.0636154586510001,0,1,1,2,2,3.2451190902482703e-05
10,mali,466004,Ségou,1935,0.02873942521149577,0.01115977680446391,0.004259914801703966,16667,73.58232491321981,Ségou,26.857277559388734,297.3164556962025,266.0,420.0,237,572.3544303797469,282.0,820.0,156.4767170754194,237,27.847542082710103,26.57260131835937,29.254377365112305,0.6236896533361037,61631.020137599546,1,0,1,13.807536373956705,-5.6956328990392,2759.679034906122,0.0,0,7.352409839630127,9.745928764343262,0,1,39.2028227770664,0.0636154586510001,0,1,1,2,2,3.2451190902482703e-05
10,mali,466004,Ségou,1925,0.021042613936766416,0.008142116950407105,0.002749286242994607,9457,73.58232491321981,Ségou,26.857277559388734,297.3164556962025,266.0,420.0,237,572.3544303797469,282.0,820.0,156.4767170754194,237,27.847542082710103,26.57260131835937,29.254377365112305,0.6236896533361037,61631.020137599546,1,0,1,13.807536373956705,-5.6956328990392,2759.679034906122,0.0,0,7.352409839630127,9.745928764343262,0,1,39.2028227770664,0.0636154586510001,0,1,1,2,2,3.2451190902482703e-05
10,mali,466004,Ségou,1915,0.01726121979286536,0.005753739930955121,0.002589182968929804,3476,73.58232491321981,Ségou,26.857277559388734,297.3164556962025,266.0,420.0,237,572.3544303797469,282.0,820.0,156.4767170754194,237,27.847542082710103,26.57260131835937,29.254377365112305,0.6236896533361037,61631.020137599546,1,0,1,13.807536373956705,-5.6956328990392,2759.679034906122,0.0,0,7.352409839630127,9.745928764343262,0,1,39.2028227770664,0.0636154586510001,0,1,1,2,2,3.2451190902482703e-05
10,mali,466005,Mopti,1975,0.06321238486402411,0.03684351228522128,0.013439618927260796,41147,143.76532847718642,Djenne,57.49165245579121,295.8692810457516,257.0,590.0,306,405.4836601307189,256.0,662.0,97.06534451367126,306,28.20069975011489,26.196168899536133,29.953916549682617,0.8235059146584179,81353.36846478531,1,0,1,14.703908019849823,-3.511757645527706,1818.5095428002064,0.0,0,5.912213802337647,8.665870666503906,0,0,209.11549314198703,0.0,0,0,0,0,0,0.0
10,mali,466005,Mopti,1965,0.07122406639004149,0.03520746887966805,0.011493775933609958,48200,143.76532847718642,Djenne,57.49165245579121,295.8692810457516,257.0,590.0,306,405.4836601307189,256.0,662.0,97.06534451367126,306,28.20069975011489,26.196168899536133,29.953916549682617,0.8235059146584179,81353.36846478531,1,0,1,14.703908019849823,-3.511757645527706,1818.5095428002064,0.0,0,5.912213802337647,8.665870666503906,0,0,209.11549314198703,0.0,0,0,0,0,0,0.0
10,mali,466005,Mopti,1955,0.06520605112154408,0.03445487741262389,0.01486697965571205,38340,143.76532847718642,Djenne,57.49165245579121,295.8692810457516,257.0,590.0,306,405.4836601307189,256.0,662.0,97.06534451367126,306,28.20069975011489,26.196168899536133,29.953916549682617,0.8235059146584179,81353.36846478531,1,0,1,14.703908019849823,-3.511757645527706,1818.5095428002064,0.0,0,5.912213802337647,8.665870666503906,0,0,209.11549314198703,0.0,0,0,0,0,0,0.0
10,mali,466005,Mopti,1945,0.032446947376272704,0.01611158766270093,0.008167679856785888,26813,143.76532847718642,Djenne,57.49165245579121,295.8692810457516,257.0,590.0,306,405.4836601307189,256.0,662.0,97.06534451367126,306,28.20069975011489,26.196168899536133,29.953916549682617,0.8235059146584179,81353.36846478531,1,0,1,14.703908019849823,-3.511757645527706,1818.5095428002064,0.0,0,5.912213802337647,8.665870666503906,0,0,209.11549314198703,0.0,0,0,0,0,0,0.0
10,mali,466005,Mopti,1935,0.022386831275720165,0.009382716049382716,0.003731138545953361,18225,143.76532847718642,Djenne,57.49165245579121,295.8692810457516,257.0,590.0,306,405.4836601307189,256.0,662.0,97.06534451367126,306,28.20069975011489,26.196168899536133,29.953916549682617,0.8235059146584179,81353.36846478531,1,0,1,14.703908019849823,-3.511757645527706,1818.5095428002064,0.0,0,5.912213802337647,8.665870666503906,0,0,209.11549314198703,0.0,0,0,0,0,0,0.0
10,mali,466005,Mopti,1925,0.01607326418091767,0.0069152415662087656,0.0030838239416876925,10701,143.76532847718642,Djenne,57.49165245579121,295.8692810457516,257.0,590.0,306,405.4836601307189,256.0,662.0,97.06534451367126,306,28.20069975011489,26.196168899536133,29.953916549682617,0.8235059146584179,81353.36846478531,1,0,1,14.703908019849823,-3.511757645527706,1818.5095428002064,0.0,0,5.912213802337647,8.665870666503906,0,0,209.11549314198703,0.0,0,0,0,0,0,0.0
10,mali,466005,Mopti,1915,0.012966804979253113,0.004149377593360996,0.0018153526970954357,3856,143.76532847718642,Djenne,57.49165245579121,295.8692810457516,257.0,590.0,306,405.4836601307189,256.0,662.0,97.06534451367126,306,28.20069975011489,26.196168899536133,29.953916549682617,0.8235059146584179,81353.36846478531,1,0,1,14.703908019849823,-3.511757645527706,1818.5095428002064,0.0,0,5.912213802337647,8.665870666503906,0,0,209.11549314198703,0.0,0,0,0,0,0,0.0
10,mali,466006,Tombouctou,1975,0.07178201491060236,0.04149897737019199,0.015504387411756944,15157,362.3922966832291,Tombouctou,28.435926907492693,294.1094586555621,159.0,383.0,1681,70.07079119571684,7.0,351.0,76.89664322550247,1681,28.554892006124646,26.386877059936523,29.9129581451416,0.4988636582862512,501740.5639350866,1,0,1,19.981731939148844,-3.571449653735736,45.67666407086473,0.0,0,5.637499809265137,7.289719581604004,0,1,377.693982375501,0.0039070845522564,0,0,0,0,1,1.9930618966844715e-06
10,mali,466006,Tombouctou,1965,0.09240576218440998,0.053305225116699294,0.01927420569191387,19923,362.3922966832291,Tombouctou,28.435926907492693,294.1094586555621,159.0,383.0,1681,70.07079119571684,7.0,351.0,76.89664322550247,1681,28.554892006124646,26.386877059936523,29.9129581451416,0.4988636582862512,501740.5639350866,1,0,1,19.981731939148844,-3.571449653735736,45.67666407086473,0.0,0,5.637499809265137,7.289719581604004,0,1,377.693982375501,0.0039070845522564,0,0,0,0,1,1.9930618966844715e-06
10,mali,466006,Tombouctou,1955,0.08586683417085428,0.05081658291457286,0.022550251256281406,15920,362.3922966832291,Tombouctou,28.435926907492693,294.1094586555621,159.0,383.0,1681,70.07079119571684,7.0,351.0,76.89664322550247,1681,28.554892006124646,26.386877059936523,29.9129581451416,0.4988636582862512,501740.5639350866,1,0,1,19.981731939148844,-3.571449653735736,45.67666407086473,0.0,0,5.637499809265137,7.289719581604004,0,1,377.693982375501,0.0039070845522564,0,0,0,0,1,1.9930618966844715e-06
10,mali,466006,Tombouctou,1945,0.04412414890794942,0.026527544433636925,0.014766999734724555,11309,362.3922966832291,Tombouctou,28.435926907492693,294.1094586555621,159.0,383.0,1681,70.07079119571684,7.0,351.0,76.89664322550247,1681,28.554892006124646,26.386877059936523,29.9129581451416,0.4988636582862512,501740.5639350866,1,0,1,19.981731939148844,-3.571449653735736,45.67666407086473,0.0,0,5.637499809265137,7.289719581604004,0,1,377.693982375501,0.0039070845522564,0,0,0,0,1,1.9930618966844715e-06
10,mali,466006,Tombouctou,1935,0.03135558859305312,0.017434788484930398,0.010677118529531017,7399,362.3922966832291,Tombouctou,28.435926907492693,294.1094586555621,159.0,383.0,1681,70.07079119571684,7.0,351.0,76.89664322550247,1681,28.554892006124646,26.386877059936523,29.9129581451416,0.4988636582862512,501740.5639350866,1,0,1,19.981731939148844,-3.571449653735736,45.67666407086473,0.0,0,5.637499809265137,7.289719581604004,0,1,377.693982375501,0.0039070845522564,0,0,0,0,1,1.9930618966844715e-06
10,mali,466006,Tombouctou,1925,0.021620213597290962,0.011721802552748111,0.0070330815316488665,3839,362.3922966832291,Tombouctou,28.435926907492693,294.1094586555621,159.0,383.0,1681,70.07079119571684,7.0,351.0,76.89664322550247,1681,28.554892006124646,26.386877059936523,29.9129581451416,0.4988636582862512,501740.5639350866,1,0,1,19.981731939148844,-3.571449653735736,45.67666407086473,0.0,0,5.637499809265137,7.289719581604004,0,1,377.693982375501,0.0039070845522564,0,0,0,0,1,1.9930618966844715e-06
10,mali,466006,Tombouctou,1915,0.0223342939481268,0.009365994236311239,0.006484149855907781,1388,362.3922966832291,Tombouctou,28.435926907492693,294.1094586555621,159.0,383.0,1681,70.07079119571684,7.0,351.0,76.89664322550247,1681,28.554892006124646,26.386877059936523,29.9129581451416,0.4988636582862512,501740.5639350866,1,0,1,19.981731939148844,-3.571449653735736,45.67666407086473,0.0,0,5.637499809265137,7.289719581604004,0,1,377.693982375501,0.0039070845522564,0,0,0,0,1,1.9930618966844715e-06
10,mali,466007,"Gao, Kidal",1975,0.09291012042427625,0.056862588723183664,0.021373315256400034,12539,473.4291155839183,Tombouctou,99.3834095834464,382.5073664825046,248.0,805.0,1086,125.40791896869244,30.0,303.0,61.85237795917971,1086,28.91377639770508,26.079191207885746,30.37101936340332,0.8152769568813591,322892.66963998805,1,0,1,17.996926611023678,1.271774076211302,108.49676795657072,0.0,0,7.464788913726807,8.60588264465332,0,0,455.7234911792981,0.0,0,0,0,0,0,0.0
10,mali,466007,"Gao, Kidal",1965,0.12072024709206808,0.06827889860024972,0.02240914766379707,15217,473.4291155839183,Tombouctou,99.3834095834464,382.5073664825046,248.0,805.0,1086,125.40791896869244,30.0,303.0,61.85237795917971,1086,28.91377639770508,26.079191207885746,30.37101936340332,0.8152769568813591,322892.66963998805,1,0,1,17.996926611023678,1.271774076211302,108.49676795657072,0.0,0,7.464788913726807,8.60588264465332,0,0,455.7234911792981,0.0,0,0,0,0,0,0.0
10,mali,466007,"Gao, Kidal",1955,0.10462351387054161,0.06860413914575077,0.030823425803610745,11355,473.4291155839183,Tombouctou,99.3834095834464,382.5073664825046,248.0,805.0,1086,125.40791896869244,30.0,303.0,61.85237795917971,1086,28.91377639770508,26.079191207885746,30.37101936340332,0.8152769568813591,322892.66963998805,1,0,1,17.996926611023678,1.271774076211302,108.49676795657072,0.0,0,7.464788913726807,8.60588264465332,0,0,455.7234911792981,0.0,0,0,0,0,0,0.0
10,mali,466007,"Gao, Kidal",1945,0.03982535062185764,0.02487430537179148,0.01071712093146335,7558,473.4291155839183,Tombouctou,99.3834095834464,382.5073664825046,248.0,805.0,1086,125.40791896869244,30.0,303.0,61.85237795917971,1086,28.91377639770508,26.079191207885746,30.37101936340332,0.8152769568813591,322892.66963998805,1,0,1,17.996926611023678,1.271774076211302,108.49676795657072,0.0,0,7.464788913726807,8.60588264465332,0,0,455.7234911792981,0.0,0,0,0,0,0,0.0
10,mali,466007,"Gao, Kidal",1935,0.023435865243774848,0.00962544465369324,0.00481272232684662,4779,473.4291155839183,Tombouctou,99.3834095834464,382.5073664825046,248.0,805.0,1086,125.40791896869244,30.0,303.0,61.85237795917971,1086,28.91377639770508,26.079191207885746,30.37101936340332,0.8152769568813591,322892.66963998805,1,0,1,17.996926611023678,1.271774076211302,108.49676795657072,0.0,0,7.464788913726807,8.60588264465332,0,0,455.7234911792981,0.0,0,0,0,0,0,0.0
10,mali,466007,"Gao, Kidal",1925,0.012872083668543845,0.007642799678197908,0.004022526146419952,2486,473.4291155839183,Tombouctou,99.3834095834464,382.5073664825046,248.0,805.0,1086,125.40791896869244,30.0,303.0,61.85237795917971,1086,28.91377639770508,26.079191207885746,30.37101936340332,0.8152769568813591,322892.66963998805,1,0,1,17.996926611023678,1.271774076211302,108.49676795657072,0.0,0,7.464788913726807,8.60588264465332,0,0,455.7234911792981,0.0,0,0,0,0,0,0.0
10,mali,466007,"Gao, Kidal",1915,0.012181616832779624,0.006644518272425249,0.0033222591362126247,903,473.4291155839183,Tombouctou,99.3834095834464,382.5073664825046,248.0,805.0,1086,125.40791896869244,30.0,303.0,61.85237795917971,1086,28.91377639770508,26.079191207885746,30.37101936340332,0.8152769568813591,322892.66963998805,1,0,1,17.996926611023678,1.271774076211302,108.49676795657072,0.0,0,7.464788913726807,8.60588264465332,0,0,455.7234911792981,0.0,0,0,0,0,0,0.0
10,mali,466009,Bamako,1975,0.4738647276718343,0.30882151186719714,0.08002926784652672,21867,5.749575732668219,Bamako,33.943887520435844,399.25,351.0,447.0,4,881.0,860.0,898.0,13.874436925511608,4,27.49609375,27.13160514831543,27.88022804260254,0.2654886076239103,244.2033596414009,1,0,0,12.61100566972794,-7.9791339964854275,3853.301920572917,0.0,0,33.98305130004883,51.31525421142578,1,1,4.42600931167595,1.0,4,4,4,4,1,0.0040949477577558
10,mali,466009,Bamako,1965,0.5602832795946568,0.3448295716259788,0.08786273606632888,17368,5.749575732668219,Bamako,33.943887520435844,399.25,351.0,447.0,4,881.0,860.0,898.0,13.874436925511608,4,27.49609375,27.13160514831543,27.88022804260254,0.2654886076239103,244.2033596414009,1,0,0,12.61100566972794,-7.9791339964854275,3853.301920572917,0.0,0,33.98305130004883,51.31525421142578,1,1,4.42600931167595,1.0,4,4,4,4,1,0.0040949477577558
10,mali,466009,Bamako,1955,0.5494863442746178,0.3732147331495866,0.13755950889501378,7982,5.749575732668219,Bamako,33.943887520435844,399.25,351.0,447.0,4,881.0,860.0,898.0,13.874436925511608,4,27.49609375,27.13160514831543,27.88022804260254,0.2654886076239103,244.2033596414009,1,0,0,12.61100566972794,-7.9791339964854275,3853.301920572917,0.0,0,33.98305130004883,51.31525421142578,1,1,4.42600931167595,1.0,4,4,4,4,1,0.0040949477577558
10,mali,466009,Bamako,1945,0.34212673375034,0.23551808539570301,0.1112319825945064,3677,5.749575732668219,Bamako,33.943887520435844,399.25,351.0,447.0,4,881.0,860.0,898.0,13.874436925511608,4,27.49609375,27.13160514831543,27.88022804260254,0.2654886076239103,244.2033596414009,1,0,0,12.61100566972794,-7.9791339964854275,3853.301920572917,0.0,0,33.98305130004883,51.31525421142578,1,1,4.42600931167595,1.0,4,4,4,4,1,0.0040949477577558
10,mali,466009,Bamako,1935,0.1834763948497854,0.09495708154506438,0.03755364806866953,1864,5.749575732668219,Bamako,33.943887520435844,399.25,351.0,447.0,4,881.0,860.0,898.0,13.874436925511608,4,27.49609375,27.13160514831543,27.88022804260254,0.2654886076239103,244.2033596414009,1,0,0,12.61100566972794,-7.9791339964854275,3853.301920572917,0.0,0,33.98305130004883,51.31525421142578,1,1,4.42600931167595,1.0,4,4,4,4,1,0.0040949477577558
10,mali,466009,Bamako,1925,0.1654320987654321,0.08395061728395062,0.03333333333333333,810,5.749575732668219,Bamako,33.943887520435844,399.25,351.0,447.0,4,881.0,860.0,898.0,13.874436925511608,4,27.49609375,27.13160514831543,27.88022804260254,0.2654886076239103,244.2033596414009,1,0,0,12.61100566972794,-7.9791339964854275,3853.301920572917,0.0,0,33.98305130004883,51.31525421142578,1,1,4.42600931167595,1.0,4,4,4,4,1,0.0040949477577558
10,mali,466009,Bamako,1915,0.13382899628252787,0.048327137546468404,0.022304832713754646,269,5.749575732668219,Bamako,33.943887520435844,399.25,351.0,447.0,4,881.0,860.0,898.0,13.874436925511608,4,27.49609375,27.13160514831543,27.88022804260254,0.2654886076239103,244.2033596414009,1,0,0,12.61100566972794,-7.9791339964854275,3853.301920572917,0.0,0,33.98305130004883,51.31525421142578,1,1,4.42600931167595,1.0,4,4,4,4,1,0.0040949477577558
11,mozambique,508001,Niassa,1975,0.13224844839051303,0.06147064256335739,0.008141947639336995,32542,342.04872822456554,Blantyre,224.99162459161127,640.5839243498818,178.0,1372.0,423,1151.3475177304963,964.0,1368.0,110.30246311185816,423,23.574611253490403,18.261587142944336,26.59695625305176,1.5685043922012245,122215.974812491,1,0,1,-13.083863594682311,36.56619392179154,3990.8639670738007,0.0,1,7.504854202270508,12.528239250183104,1,0,197.18825730201405,0.0112196666975857,0,0,0,0,0,0.0
11,mozambique,508001,Niassa,1965,0.12439130443667548,0.057653689229498394,0.007572526793594468,22106,342.04872822456554,Blantyre,224.99162459161127,640.5839243498818,178.0,1372.0,423,1151.3475177304963,964.0,1368.0,110.30246311185816,423,23.574611253490403,18.261587142944336,26.59695625305176,1.5685043922012245,122215.974812491,1,0,1,-13.083863594682311,36.56619392179154,3990.8639670738007,0.0,1,7.504854202270508,12.528239250183104,1,0,197.18825730201405,0.0112196666975857,0,0,0,0,0,0.0
11,mozambique,508001,Niassa,1955,0.07293444566142762,0.03388702961593308,0.003049292142988093,13414,342.04872822456554,Blantyre,224.99162459161127,640.5839243498818,178.0,1372.0,423,1151.3475177304963,964.0,1368.0,110.30246311185816,423,23.574611253490403,18.261587142944336,26.59695625305176,1.5685043922012245,122215.974812491,1,0,1,-13.083863594682311,36.56619392179154,3990.8639670738007,0.0,1,7.504854202270508,12.528239250183104,1,0,197.18825730201405,0.0112196666975857,0,0,0,0,0,0.0
11,mozambique,508001,Niassa,1945,0.03774553441836162,0.014640987556364058,0.0008430418206800456,8251,342.04872822456554,Blantyre,224.99162459161127,640.5839243498818,178.0,1372.0,423,1151.3475177304963,964.0,1368.0,110.30246311185816,423,23.574611253490403,18.261587142944336,26.59695625305176,1.5685043922012245,122215.974812491,1,0,1,-13.083863594682311,36.56619392179154,3990.8639670738007,0.0,1,7.504854202270508,12.528239250183104,1,0,197.18825730201405,0.0112196666975857,0,0,0,0,0,0.0
11,mozambique,508001,Niassa,1935,0.021428629589839213,0.007766103024680153,0.0,4170,342.04872822456554,Blantyre,224.99162459161127,640.5839243498818,178.0,1372.0,423,1151.3475177304963,964.0,1368.0,110.30246311185816,423,23.574611253490403,18.261587142944336,26.59695625305176,1.5685043922012245,122215.974812491,1,0,1,-13.083863594682311,36.56619392179154,3990.8639670738007,0.0,1,7.504854202270508,12.528239250183104,1,0,197.18825730201405,0.0112196666975857,0,0,0,0,0,0.0
11,mozambique,508001,Niassa,1925,0.011708147710295198,0.006086582809792762,0.000667700642348354,1475,342.04872822456554,Blantyre,224.99162459161127,640.5839243498818,178.0,1372.0,423,1151.3475177304963,964.0,1368.0,110.30246311185816,423,23.574611253490403,18.261587142944336,26.59695625305176,1.5685043922012245,122215.974812491,1,0,1,-13.083863594682311,36.56619392179154,3990.8639670738007,0.0,1,7.504854202270508,12.528239250183104,1,0,197.18825730201405,0.0112196666975857,0,0,0,0,0,0.0
11,mozambique,508001,Niassa,1915,0.005494505494505495,0.002747252747252747,0.002747252747252747,364,342.04872822456554,Blantyre,224.99162459161127,640.5839243498818,178.0,1372.0,423,1151.3475177304963,964.0,1368.0,110.30246311185816,423,23.574611253490403,18.261587142944336,26.59695625305176,1.5685043922012245,122215.974812491,1,0,1,-13.083863594682311,36.56619392179154,3990.8639670738007,0.0,1,7.504854202270508,12.528239250183104,1,0,197.18825730201405,0.0112196666975857,0,0,0,0,0,0.0
11,mozambique,508002,Cabo Delgado,1975,0.10803050020178818,0.043742918158362,0.005006754808791393,57018,322.7975616054832,Cidade de Ilha de Moçambique,166.1039387648546,287.4911660777385,4.0,797.0,283,1027.1236749116608,811.0,1203.0,58.40799207675682,283,25.209846981843874,21.783958435058597,26.59695625305176,0.6928795784273643,78086.6478991413,1,1,1,-12.45511996712232,39.36757605427679,4098.945711219502,0.0,0,8.45714282989502,9.936131477355955,0,0,166.91242625170167,0.0024615958310722,0,0,0,0,0,0.0
11,mozambique,508002,Cabo Delgado,1965,0.1100845450614467,0.04991567233957002,0.006184410711607379,40003,322.7975616054832,Cidade de Ilha de Moçambique,166.1039387648546,287.4911660777385,4.0,797.0,283,1027.1236749116608,811.0,1203.0,58.40799207675682,283,25.209846981843874,21.783958435058597,26.59695625305176,0.6928795784273643,78086.6478991413,1,1,1,-12.45511996712232,39.36757605427679,4098.945711219502,0.0,0,8.45714282989502,9.936131477355955,0,0,166.91242625170167,0.0024615958310722,0,0,0,0,0,0.0
11,mozambique,508002,Cabo Delgado,1955,0.06592647049254105,0.02682869565106824,0.0020236295426951014,26804,322.7975616054832,Cidade de Ilha de Moçambique,166.1039387648546,287.4911660777385,4.0,797.0,283,1027.1236749116608,811.0,1203.0,58.40799207675682,283,25.209846981843874,21.783958435058597,26.59695625305176,0.6928795784273643,78086.6478991413,1,1,1,-12.45511996712232,39.36757605427679,4098.945711219502,0.0,0,8.45714282989502,9.936131477355955,0,0,166.91242625170167,0.0024615958310722,0,0,0,0,0,0.0
11,mozambique,508002,Cabo Delgado,1945,0.026743494402176916,0.010102362685443334,0.000636387158294401,17170,322.7975616054832,Cidade de Ilha de Moçambique,166.1039387648546,287.4911660777385,4.0,797.0,283,1027.1236749116608,811.0,1203.0,58.40799207675682,283,25.209846981843874,21.783958435058597,26.59695625305176,0.6928795784273643,78086.6478991413,1,1,1,-12.45511996712232,39.36757605427679,4098.945711219502,0.0,0,8.45714282989502,9.936131477355955,0,0,166.91242625170167,0.0024615958310722,0,0,0,0,0,0.0
11,mozambique,508002,Cabo Delgado,1935,0.012408368803442694,0.005416777610637046,0.00011622240458808862,8592,322.7975616054832,Cidade de Ilha de Moçambique,166.1039387648546,287.4911660777385,4.0,797.0,283,1027.1236749116608,811.0,1203.0,58.40799207675682,283,25.209846981843874,21.783958435058597,26.59695625305176,0.6928795784273643,78086.6478991413,1,1,1,-12.45511996712232,39.36757605427679,4098.945711219502,0.0,0,8.45714282989502,9.936131477355955,0,0,166.91242625170167,0.0024615958310722,0,0,0,0,0,0.0
11,mozambique,508002,Cabo Delgado,1925,0.011569937607493806,0.005968432349633464,0.0003646920028892249,2683,322.7975616054832,Cidade de Ilha de Moçambique,166.1039387648546,287.4911660777385,4.0,797.0,283,1027.1236749116608,811.0,1203.0,58.40799207675682,283,25.209846981843874,21.783958435058597,26.59695625305176,0.6928795784273643,78086.6478991413,1,1,1,-12.45511996712232,39.36757605427679,4098.945711219502,0.0,0,8.45714282989502,9.936131477355955,0,0,166.91242625170167,0.0024615958310722,0,0,0,0,0,0.0
11,mozambique,508002,Cabo Delgado,1915,0.0038535645472061657,0.0,0.0,519,322.7975616054832,Cidade de Ilha de Moçambique,166.1039387648546,287.4911660777385,4.0,797.0,283,1027.1236749116608,811.0,1203.0,58.40799207675682,283,25.209846981843874,21.783958435058597,26.59695625305176,0.6928795784273643,78086.6478991413,1,1,1,-12.45511996712232,39.36757605427679,4098.945711219502,0.0,0,8.45714282989502,9.936131477355955,0,0,166.91242625170167,0.0024615958310722,0,0,0,0,0,0.0
11,mozambique,508003,Nampula,1975,0.1070497439718342,0.04095900178717846,0.004807016570274736,134172,159.71576972480875,Cidade de Ilha de Moçambique,212.6377242234369,294.76573426573424,1.0,1071.0,286,1021.8566433566432,767.0,1304.0,93.50578910273929,286,24.541438943022616,20.084667205810547,26.375,1.0104832958721268,78109.25915680645,0,1,0,-14.95757184407727,39.24984094552484,4163.8083377252815,0.0,0,10.784140586853027,12.136192321777344,1,1,154.41534888840084,0.0112510799167289,0,0,0,0,1,1.280257949947365e-05
11,mozambique,508003,Nampula,1965,0.09739540005948799,0.03900513160395247,0.0046277757698031975,89937,159.71576972480875,Cidade de Ilha de Moçambique,212.6377242234369,294.76573426573424,1.0,1071.0,286,1021.8566433566432,767.0,1304.0,93.50578910273929,286,24.541438943022616,20.084667205810547,26.375,1.0104832958721268,78109.25915680645,0,1,0,-14.95757184407727,39.24984094552484,4163.8083377252815,0.0,0,10.784140586853027,12.136192321777344,1,1,154.41534888840084,0.0112510799167289,0,0,0,0,1,1.280257949947365e-05
11,mozambique,508003,Nampula,1955,0.050178991119569596,0.019924785490100336,0.0015551967725709714,54542,159.71576972480875,Cidade de Ilha de Moçambique,212.6377242234369,294.76573426573424,1.0,1071.0,286,1021.8566433566432,767.0,1304.0,93.50578910273929,286,24.541438943022616,20.084667205810547,26.375,1.0104832958721268,78109.25915680645,0,1,0,-14.95757184407727,39.24984094552484,4163.8083377252815,0.0,0,10.784140586853027,12.136192321777344,1,1,154.41534888840084,0.0112510799167289,0,0,0,0,1,1.280257949947365e-05
11,mozambique,508003,Nampula,1945,0.028831068003542223,0.009650563453032085,0.00034032182453666413,32197,159.71576972480875,Cidade de Ilha de Moçambique,212.6377242234369,294.76573426573424,1.0,1071.0,286,1021.8566433566432,767.0,1304.0,93.50578910273929,286,24.541438943022616,20.084667205810547,26.375,1.0104832958721268,78109.25915680645,0,1,0,-14.95757184407727,39.24984094552484,4163.8083377252815,0.0,0,10.784140586853027,12.136192321777344,1,1,154.41534888840084,0.0112510799167289,0,0,0,0,1,1.280257949947365e-05
11,mozambique,508003,Nampula,1935,0.022068141276342507,0.007902539445192116,0.00047132980008545355,16967,159.71576972480875,Cidade de Ilha de Moçambique,212.6377242234369,294.76573426573424,1.0,1071.0,286,1021.8566433566432,767.0,1304.0,93.50578910273929,286,24.541438943022616,20.084667205810547,26.375,1.0104832958721268,78109.25915680645,0,1,0,-14.95757184407727,39.24984094552484,4163.8083377252815,0.0,0,10.784140586853027,12.136192321777344,1,1,154.41534888840084,0.0112510799167289,0,0,0,0,1,1.280257949947365e-05
11,mozambique,508003,Nampula,1925,0.01091017871749374,0.004103639364102186,0.00017379196675201063,5859,159.71576972480875,Cidade de Ilha de Moçambique,212.6377242234369,294.76573426573424,1.0,1071.0,286,1021.8566433566432,767.0,1304.0,93.50578910273929,286,24.541438943022616,20.084667205810547,26.375,1.0104832958721268,78109.25915680645,0,1,0,-14.95757184407727,39.24984094552484,4163.8083377252815,0.0,0,10.784140586853027,12.136192321777344,1,1,154.41534888840084,0.0112510799167289,0,0,0,0,1,1.280257949947365e-05
11,mozambique,508003,Nampula,1915,0.008857395925597875,0.00354295837023915,0.0,1129,159.71576972480875,Cidade de Ilha de Moçambique,212.6377242234369,294.76573426573424,1.0,1071.0,286,1021.8566433566432,767.0,1304.0,93.50578910273929,286,24.541438943022616,20.084667205810547,26.375,1.0104832958721268,78109.25915680645,0,1,0,-14.95757184407727,39.24984094552484,4163.8083377252815,0.0,0,10.784140586853027,12.136192321777344,1,1,154.41534888840084,0.0112510799167289,0,0,0,0,1,1.280257949947365e-05
11,mozambique,508004,Zambézia,1975,0.10965554430150887,0.04129597267387657,0.005748806860135826,131412,232.90202464850805,Blantyre,269.8692050536787,288.7841530054645,1.0,1263.0,366,1286.24043715847,790.0,1980.0,239.5945507463596,366,24.084854694012083,19.093582153320312,25.871124267578125,1.2745053414822014,102876.9686643553,1,1,1,-16.65051207504527,36.98202277774247,3804.3716770397223,0.0,0,8.075709342956543,12.18613624572754,1,1,29.14511407931212,0.0724070078253748,0,1,1,1,3,2.9161045848733743e-05
11,mozambique,508004,Zambézia,1965,0.1114580014314435,0.0455545119914649,0.0059088524355293374,90065,232.90202464850805,Blantyre,269.8692050536787,288.7841530054645,1.0,1263.0,366,1286.24043715847,790.0,1980.0,239.5945507463596,366,24.084854694012083,19.093582153320312,25.871124267578125,1.2745053414822014,102876.9686643553,1,1,1,-16.65051207504527,36.98202277774247,3804.3716770397223,0.0,0,8.075709342956543,12.18613624572754,1,1,29.14511407931212,0.0724070078253748,0,1,1,1,3,2.9161045848733743e-05
11,mozambique,508004,Zambézia,1955,0.06648955229614548,0.027573358793588902,0.0030883871192767844,51455,232.90202464850805,Blantyre,269.8692050536787,288.7841530054645,1.0,1263.0,366,1286.24043715847,790.0,1980.0,239.5945507463596,366,24.084854694012083,19.093582153320312,25.871124267578125,1.2745053414822014,102876.9686643553,1,1,1,-16.65051207504527,36.98202277774247,3804.3716770397223,0.0,0,8.075709342956543,12.18613624572754,1,1,29.14511407931212,0.0724070078253748,0,1,1,1,3,2.9161045848733743e-05
11,mozambique,508004,Zambézia,1945,0.03191579006739418,0.011702259579172978,0.0008146645282313137,29611,232.90202464850805,Blantyre,269.8692050536787,288.7841530054645,1.0,1263.0,366,1286.24043715847,790.0,1980.0,239.5945507463596,366,24.084854694012083,19.093582153320312,25.871124267578125,1.2745053414822014,102876.9686643553,1,1,1,-16.65051207504527,36.98202277774247,3804.3716770397223,0.0,0,8.075709342956543,12.18613624572754,1,1,29.14511407931212,0.0724070078253748,0,1,1,1,3,2.9161045848733743e-05
11,mozambique,508004,Zambézia,1935,0.02381209172809043,0.009418001837987714,0.00039744204344687855,15116,232.90202464850805,Blantyre,269.8692050536787,288.7841530054645,1.0,1263.0,366,1286.24043715847,790.0,1980.0,239.5945507463596,366,24.084854694012083,19.093582153320312,25.871124267578125,1.2745053414822014,102876.9686643553,1,1,1,-16.65051207504527,36.98202277774247,3804.3716770397223,0.0,0,8.075709342956543,12.18613624572754,1,1,29.14511407931212,0.0724070078253748,0,1,1,1,3,2.9161045848733743e-05
11,mozambique,508004,Zambézia,1925,0.015441458977138835,0.0063296789723451515,0.0004270621714714487,4758,232.90202464850805,Blantyre,269.8692050536787,288.7841530054645,1.0,1263.0,366,1286.24043715847,790.0,1980.0,239.5945507463596,366,24.084854694012083,19.093582153320312,25.871124267578125,1.2745053414822014,102876.9686643553,1,1,1,-16.65051207504527,36.98202277774247,3804.3716770397223,0.0,0,8.075709342956543,12.18613624572754,1,1,29.14511407931212,0.0724070078253748,0,1,1,1,3,2.9161045848733743e-05
11,mozambique,508004,Zambézia,1915,0.005644402634054563,0.0028222013170272815,0.0009407337723424271,1063,232.90202464850805,Blantyre,269.8692050536787,288.7841530054645,1.0,1263.0,366,1286.24043715847,790.0,1980.0,239.5945507463596,366,24.084854694012083,19.093582153320312,25.871124267578125,1.2745053414822014,102876.9686643553,1,1,1,-16.65051207504527,36.98202277774247,3804.3716770397223,0.0,0,8.075709342956543,12.18613624572754,1,1,29.14511407931212,0.0724070078253748,0,1,1,1,3,2.9161045848733743e-05
11,mozambique,508005,Tete,1975,0.1370004708712545,0.06080153929832509,0.007059242117523483,48065,241.4970827738692,Blantyre,325.7708735797123,608.4373333333333,32.0,1486.0,375,850.0053333333333,605.0,1178.0,148.43437148525345,375,23.553746459960937,18.35783195495605,26.69024658203125,1.9450869565434608,100541.54525558528,1,0,1,-15.513826759545388,32.76551441247906,3704.7304593213976,0.0,0,8.884892463684082,14.734671592712402,1,1,36.641082301008986,0.1301175454793765,0,1,1,1,6,5.967682299637917e-05
11,mozambique,508005,Tete,1965,0.12063038891707258,0.055683758904632154,0.006436181903859544,34047,241.4970827738692,Blantyre,325.7708735797123,608.4373333333333,32.0,1486.0,375,850.0053333333333,605.0,1178.0,148.43437148525345,375,23.553746459960937,18.35783195495605,26.69024658203125,1.9450869565434608,100541.54525558528,1,0,1,-15.513826759545388,32.76551441247906,3704.7304593213976,0.0,0,8.884892463684082,14.734671592712402,1,1,36.641082301008986,0.1301175454793765,0,1,1,1,6,5.967682299637917e-05
11,mozambique,508005,Tete,1955,0.07584357917356609,0.03508277566857677,0.0036545693634697893,22728,241.4970827738692,Blantyre,325.7708735797123,608.4373333333333,32.0,1486.0,375,850.0053333333333,605.0,1178.0,148.43437148525345,375,23.553746459960937,18.35783195495605,26.69024658203125,1.9450869565434608,100541.54525558528,1,0,1,-15.513826759545388,32.76551441247906,3704.7304593213976,0.0,0,8.884892463684082,14.734671592712402,1,1,36.641082301008986,0.1301175454793765,0,1,1,1,6,5.967682299637917e-05
11,mozambique,508005,Tete,1945,0.036771679464638836,0.01305559256199134,0.0009543838171308038,14373,241.4970827738692,Blantyre,325.7708735797123,608.4373333333333,32.0,1486.0,375,850.0053333333333,605.0,1178.0,148.43437148525345,375,23.553746459960937,18.35783195495605,26.69024658203125,1.9450869565434608,100541.54525558528,1,0,1,-15.513826759545388,32.76551441247906,3704.7304593213976,0.0,0,8.884892463684082,14.734671592712402,1,1,36.641082301008986,0.1301175454793765,0,1,1,1,6,5.967682299637917e-05
11,mozambique,508005,Tete,1935,0.0207776373019256,0.00836475072318624,0.0005350181469050939,7723,241.4970827738692,Blantyre,325.7708735797123,608.4373333333333,32.0,1486.0,375,850.0053333333333,605.0,1178.0,148.43437148525345,375,23.553746459960937,18.35783195495605,26.69024658203125,1.9450869565434608,100541.54525558528,1,0,1,-15.513826759545388,32.76551441247906,3704.7304593213976,0.0,0,8.884892463684082,14.734671592712402,1,1,36.641082301008986,0.1301175454793765,0,1,1,1,6,5.967682299637917e-05
11,mozambique,508005,Tete,1925,0.009539597851884643,0.0031387465114301395,0.0,2974,241.4970827738692,Blantyre,325.7708735797123,608.4373333333333,32.0,1486.0,375,850.0053333333333,605.0,1178.0,148.43437148525345,375,23.553746459960937,18.35783195495605,26.69024658203125,1.9450869565434608,100541.54525558528,1,0,1,-15.513826759545388,32.76551441247906,3704.7304593213976,0.0,0,8.884892463684082,14.734671592712402,1,1,36.641082301008986,0.1301175454793765,0,1,1,1,6,5.967682299637917e-05
11,mozambique,508005,Tete,1915,0.008097165991902834,0.002699055330634278,0.0,741,241.4970827738692,Blantyre,325.7708735797123,608.4373333333333,32.0,1486.0,375,850.0053333333333,605.0,1178.0,148.43437148525345,375,23.553746459960937,18.35783195495605,26.69024658203125,1.9450869565434608,100541.54525558528,1,0,1,-15.513826759545388,32.76551441247906,3704.7304593213976,0.0,0,8.884892463684082,14.734671592712402,1,1,36.641082301008986,0.1301175454793765,0,1,1,1,6,5.967682299637917e-05
11,mozambique,508006,Manica,1975,0.18838199684416318,0.07697175412638187,0.009454307944079593,33813,173.78965273602464,Cidade da Beira,294.0965909848531,454.721568627451,82.0,1614.0,255,878.156862745098,532.0,1237.0,184.60692449241927,255,22.872987208646887,14.974334716796877,26.27056121826172,1.8774697225513024,62310.49686379487,1,0,1,-19.00336186764829,33.4322891516484,3915.2573001530072,0.0,1,7.091954231262207,11.894267082214355,1,1,75.12983084926191,0.0505988455006322,0,0,0,4,2,3.209732068694332e-05
11,mozambique,508006,Manica,1965,0.13941792501971978,0.05851818403275495,0.007009037197923012,22482,173.78965273602464,Cidade da Beira,294.0965909848531,454.721568627451,82.0,1614.0,255,878.156862745098,532.0,1237.0,184.60692449241927,255,22.872987208646887,14.974334716796877,26.27056121826172,1.8774697225513024,62310.49686379487,1,0,1,-19.00336186764829,33.4322891516484,3915.2573001530072,0.0,1,7.091954231262207,11.894267082214355,1,1,75.12983084926191,0.0505988455006322,0,0,0,4,2,3.209732068694332e-05
11,mozambique,508006,Manica,1955,0.07708272890693382,0.032147095800203265,0.003300219291694782,14621,173.78965273602464,Cidade da Beira,294.0965909848531,454.721568627451,82.0,1614.0,255,878.156862745098,532.0,1237.0,184.60692449241927,255,22.872987208646887,14.974334716796877,26.27056121826172,1.8774697225513024,62310.49686379487,1,0,1,-19.00336186764829,33.4322891516484,3915.2573001530072,0.0,1,7.091954231262207,11.894267082214355,1,1,75.12983084926191,0.0505988455006322,0,0,0,4,2,3.209732068694332e-05
11,mozambique,508006,Manica,1945,0.03633733650040027,0.012798035291691805,0.0007100270364441292,8660,173.78965273602464,Cidade da Beira,294.0965909848531,454.721568627451,82.0,1614.0,255,878.156862745098,532.0,1237.0,184.60692449241927,255,22.872987208646887,14.974334716796877,26.27056121826172,1.8774697225513024,62310.49686379487,1,0,1,-19.00336186764829,33.4322891516484,3915.2573001530072,0.0,1,7.091954231262207,11.894267082214355,1,1,75.12983084926191,0.0505988455006322,0,0,0,4,2,3.209732068694332e-05
11,mozambique,508006,Manica,1935,0.023586306968437682,0.009745810007899166,0.0008551705189408249,4656,173.78965273602464,Cidade da Beira,294.0965909848531,454.721568627451,82.0,1614.0,255,878.156862745098,532.0,1237.0,184.60692449241927,255,22.872987208646887,14.974334716796877,26.27056121826172,1.8774697225513024,62310.49686379487,1,0,1,-19.00336186764829,33.4322891516484,3915.2573001530072,0.0,1,7.091954231262207,11.894267082214355,1,1,75.12983084926191,0.0505988455006322,0,0,0,4,2,3.209732068694332e-05
11,mozambique,508006,Manica,1925,0.01604514865284407,0.006049526379151302,0.0,1791,173.78965273602464,Cidade da Beira,294.0965909848531,454.721568627451,82.0,1614.0,255,878.156862745098,532.0,1237.0,184.60692449241927,255,22.872987208646887,14.974334716796877,26.27056121826172,1.8774697225513024,62310.49686379487,1,0,1,-19.00336186764829,33.4322891516484,3915.2573001530072,0.0,1,7.091954231262207,11.894267082214355,1,1,75.12983084926191,0.0505988455006322,0,0,0,4,2,3.209732068694332e-05
11,mozambique,508006,Manica,1915,0.002150537634408602,0.0,0.0,465,173.78965273602464,Cidade da Beira,294.0965909848531,454.721568627451,82.0,1614.0,255,878.156862745098,532.0,1237.0,184.60692449241927,255,22.872987208646887,14.974334716796877,26.27056121826172,1.8774697225513024,62310.49686379487,1,0,1,-19.00336186764829,33.4322891516484,3915.2573001530072,0.0,1,7.091954231262207,11.894267082214355,1,1,75.12983084926191,0.0505988455006322,0,0,0,4,2,3.209732068694332e-05
11,mozambique,508007,Sofala,1975,0.20703873462623576,0.0901213694051336,0.0140412339880077,50688,81.75352763869012,Cidade da Beira,134.5884233645185,127.95419847328245,4.0,1110.0,262,996.12213740458,711.0,1414.0,144.2909234104405,262,24.57653640426752,19.214540481567383,26.11824989318848,0.8081061576796178,67818.83583218457,1,1,0,-19.05276625178365,34.67303628129184,3714.576505794503,0.038395803054076,0,11.9486083984375,15.56352424621582,1,1,82.64347290942058,0.036228513184091,0,0,0,1,2,2.949033222789225e-05
11,mozambique,508007,Sofala,1965,0.15232819814034265,0.06730919637480179,0.009756619207702476,35033,81.75352763869012,Cidade da Beira,134.5884233645185,127.95419847328245,4.0,1110.0,262,996.12213740458,711.0,1414.0,144.2909234104405,262,24.57653640426752,19.214540481567383,26.11824989318848,0.8081061576796178,67818.83583218457,1,1,0,-19.05276625178365,34.67303628129184,3714.576505794503,0.038395803054076,0,11.9486083984375,15.56352424621582,1,1,82.64347290942058,0.036228513184091,0,0,0,1,2,2.949033222789225e-05
11,mozambique,508007,Sofala,1955,0.0932234849764712,0.041086960789564114,0.004778854925834464,22447,81.75352763869012,Cidade da Beira,134.5884233645185,127.95419847328245,4.0,1110.0,262,996.12213740458,711.0,1414.0,144.2909234104405,262,24.57653640426752,19.214540481567383,26.11824989318848,0.8081061576796178,67818.83583218457,1,1,0,-19.05276625178365,34.67303628129184,3714.576505794503,0.038395803054076,0,11.9486083984375,15.56352424621582,1,1,82.64347290942058,0.036228513184091,0,0,0,1,2,2.949033222789225e-05
11,mozambique,508007,Sofala,1945,0.052659423850639535,0.02103628605314526,0.001008943710313579,12637,81.75352763869012,Cidade da Beira,134.5884233645185,127.95419847328245,4.0,1110.0,262,996.12213740458,711.0,1414.0,144.2909234104405,262,24.57653640426752,19.214540481567383,26.11824989318848,0.8081061576796178,67818.83583218457,1,1,0,-19.05276625178365,34.67303628129184,3714.576505794503,0.038395803054076,0,11.9486083984375,15.56352424621582,1,1,82.64347290942058,0.036228513184091,0,0,0,1,2,2.949033222789225e-05
11,mozambique,508007,Sofala,1935,0.034262191695130596,0.014836061346812729,0.0010376594563237113,6855,81.75352763869012,Cidade da Beira,134.5884233645185,127.95419847328245,4.0,1110.0,262,996.12213740458,711.0,1414.0,144.2909234104405,262,24.57653640426752,19.214540481567383,26.11824989318848,0.8081061576796178,67818.83583218457,1,1,0,-19.05276625178365,34.67303628129184,3714.576505794503,0.038395803054076,0,11.9486083984375,15.56352424621582,1,1,82.64347290942058,0.036228513184091,0,0,0,1,2,2.949033222789225e-05
11,mozambique,508007,Sofala,1925,0.022348547143513066,0.008544047816603798,0.0011601420150751489,2690,81.75352763869012,Cidade da Beira,134.5884233645185,127.95419847328245,4.0,1110.0,262,996.12213740458,711.0,1414.0,144.2909234104405,262,24.57653640426752,19.214540481567383,26.11824989318848,0.8081061576796178,67818.83583218457,1,1,0,-19.05276625178365,34.67303628129184,3714.576505794503,0.038395803054076,0,11.9486083984375,15.56352424621582,1,1,82.64347290942058,0.036228513184091,0,0,0,1,2,2.949033222789225e-05
11,mozambique,508007,Sofala,1915,0.005747126436781609,0.0014367816091954023,0.0,696,81.75352763869012,Cidade da Beira,134.5884233645185,127.95419847328245,4.0,1110.0,262,996.12213740458,711.0,1414.0,144.2909234104405,262,24.57653640426752,19.214540481567383,26.11824989318848,0.8081061576796178,67818.83583218457,1,1,0,-19.05276625178365,34.67303628129184,3714.576505794503,0.038395803054076,0,11.9486083984375,15.56352424621582,1,1,82.64347290942058,0.036228513184091,0,0,0,1,2,2.949033222789225e-05
11,mozambique,508008,Inhambane,1975,0.21595091919621445,0.08378700301159074,0.014186524676914307,51400,340.05440344378286,Cidade da Beira,47.67178615100016,95.99250936329588,3.0,194.0,267,763.8052434456929,527.0,1044.0,123.73040453427016,267,23.63300987843717,22.696229934692383,24.741249084472656,0.4859826889798415,68809.8801913597,0,1,0,-22.80031668555708,34.51442012821154,3788.667049796857,0.0715578186517822,0,4.805333137512207,6.690730094909668,1,1,116.41942470202676,0.0853563681241654,0,0,0,0,6,8.719678021984699e-05
11,mozambique,508008,Inhambane,1965,0.17761563006516318,0.07957708262158036,0.014482317513520564,41767,340.05440344378286,Cidade da Beira,47.67178615100016,95.99250936329588,3.0,194.0,267,763.8052434456929,527.0,1044.0,123.73040453427016,267,23.63300987843717,22.696229934692383,24.741249084472656,0.4859826889798415,68809.8801913597,0,1,0,-22.80031668555708,34.51442012821154,3788.667049796857,0.0715578186517822,0,4.805333137512207,6.690730094909668,1,1,116.41942470202676,0.0853563681241654,0,0,0,0,6,8.719678021984699e-05
11,mozambique,508008,Inhambane,1955,0.10519793612355073,0.05019563405851313,0.007388238706926187,30176,340.05440344378286,Cidade da Beira,47.67178615100016,95.99250936329588,3.0,194.0,267,763.8052434456929,527.0,1044.0,123.73040453427016,267,23.63300987843717,22.696229934692383,24.741249084472656,0.4859826889798415,68809.8801913597,0,1,0,-22.80031668555708,34.51442012821154,3788.667049796857,0.0715578186517822,0,4.805333137512207,6.690730094909668,1,1,116.41942470202676,0.0853563681241654,0,0,0,0,6,8.719678021984699e-05
11,mozambique,508008,Inhambane,1945,0.05001106230692486,0.02031037645342583,0.0014209691686382097,20982,340.05440344378286,Cidade da Beira,47.67178615100016,95.99250936329588,3.0,194.0,267,763.8052434456929,527.0,1044.0,123.73040453427016,267,23.63300987843717,22.696229934692383,24.741249084472656,0.4859826889798415,68809.8801913597,0,1,0,-22.80031668555708,34.51442012821154,3788.667049796857,0.0715578186517822,0,4.805333137512207,6.690730094909668,1,1,116.41942470202676,0.0853563681241654,0,0,0,0,6,8.719678021984699e-05
11,mozambique,508008,Inhambane,1935,0.02893806727563595,0.01107999302738779,0.0008770441131390503,13897,340.05440344378286,Cidade da Beira,47.67178615100016,95.99250936329588,3.0,194.0,267,763.8052434456929,527.0,1044.0,123.73040453427016,267,23.63300987843717,22.696229934692383,24.741249084472656,0.4859826889798415,68809.8801913597,0,1,0,-22.80031668555708,34.51442012821154,3788.667049796857,0.0715578186517822,0,4.805333137512207,6.690730094909668,1,1,116.41942470202676,0.0853563681241654,0,0,0,0,6,8.719678021984699e-05
11,mozambique,508008,Inhambane,1925,0.015086958059822414,0.0064190855190526365,0.0007755637867385165,5172,340.05440344378286,Cidade da Beira,47.67178615100016,95.99250936329588,3.0,194.0,267,763.8052434456929,527.0,1044.0,123.73040453427016,267,23.63300987843717,22.696229934692383,24.741249084472656,0.4859826889798415,68809.8801913597,0,1,0,-22.80031668555708,34.51442012821154,3788.667049796857,0.0715578186517822,0,4.805333137512207,6.690730094909668,1,1,116.41942470202676,0.0853563681241654,0,0,0,0,6,8.719678021984699e-05
11,mozambique,508008,Inhambane,1915,0.011139674378748929,0.003427592116538132,0.0,1167,340.05440344378286,Cidade da Beira,47.67178615100016,95.99250936329588,3.0,194.0,267,763.8052434456929,527.0,1044.0,123.73040453427016,267,23.63300987843717,22.696229934692383,24.741249084472656,0.4859826889798415,68809.8801913597,0,1,0,-22.80031668555708,34.51442012821154,3788.667049796857,0.0715578186517822,0,4.805333137512207,6.690730094909668,1,1,116.41942470202676,0.0853563681241654,0,0,0,0,6,8.719678021984699e-05
11,mozambique,508009,Gaza,1975,0.18504484852770334,0.06858984139284996,0.01083673947872561,44768,273.030425733228,Cidade de Maputo,104.5767516218876,140.24827586206897,6.0,457.0,290,590.8655172413793,379.0,1026.0,156.85347604968908,290,23.85988518287396,22.27412414550781,24.741249084472656,0.6299323188228901,75357.8571904234,1,1,1,-23.310283019645368,32.80131108257681,2808.4282080692315,0.0,0,6.023255825042725,7.693307876586914,1,1,134.91500315371923,0.0927113232205625,0,0,0,0,6,7.962009833743651e-05
11,mozambique,508009,Gaza,1965,0.17175663623061804,0.07549367373370487,0.012310556940442748,37071,273.030425733228,Cidade de Maputo,104.5767516218876,140.24827586206897,6.0,457.0,290,590.8655172413793,379.0,1026.0,156.85347604968908,290,23.85988518287396,22.27412414550781,24.741249084472656,0.6299323188228901,75357.8571904234,1,1,1,-23.310283019645368,32.80131108257681,2808.4282080692315,0.0,0,6.023255825042725,7.693307876586914,1,1,134.91500315371923,0.0927113232205625,0,0,0,0,6,7.962009833743651e-05
11,mozambique,508009,Gaza,1955,0.1064143747405432,0.051494860146838066,0.0073949256936430285,29857,273.030425733228,Cidade de Maputo,104.5767516218876,140.24827586206897,6.0,457.0,290,590.8655172413793,379.0,1026.0,156.85347604968908,290,23.85988518287396,22.27412414550781,24.741249084472656,0.6299323188228901,75357.8571904234,1,1,1,-23.310283019645368,32.80131108257681,2808.4282080692315,0.0,0,6.023255825042725,7.693307876586914,1,1,134.91500315371923,0.0927113232205625,0,0,0,0,6,7.962009833743651e-05
11,mozambique,508009,Gaza,1945,0.04891524085821805,0.02122650710535972,0.0015790444660157468,19076,273.030425733228,Cidade de Maputo,104.5767516218876,140.24827586206897,6.0,457.0,290,590.8655172413793,379.0,1026.0,156.85347604968908,290,23.85988518287396,22.27412414550781,24.741249084472656,0.6299323188228901,75357.8571904234,1,1,1,-23.310283019645368,32.80131108257681,2808.4282080692315,0.0,0,6.023255825042725,7.693307876586914,1,1,134.91500315371923,0.0927113232205625,0,0,0,0,6,7.962009833743651e-05
11,mozambique,508009,Gaza,1935,0.02490462921861884,0.00987768807162038,0.0006319334526671484,12731,273.030425733228,Cidade de Maputo,104.5767516218876,140.24827586206897,6.0,457.0,290,590.8655172413793,379.0,1026.0,156.85347604968908,290,23.85988518287396,22.27412414550781,24.741249084472656,0.6299323188228901,75357.8571904234,1,1,1,-23.310283019645368,32.80131108257681,2808.4282080692315,0.0,0,6.023255825042725,7.693307876586914,1,1,134.91500315371923,0.0927113232205625,0,0,0,0,6,7.962009833743651e-05
11,mozambique,508009,Gaza,1925,0.01249886297070276,0.005519244706021448,0.0,5023,273.030425733228,Cidade de Maputo,104.5767516218876,140.24827586206897,6.0,457.0,290,590.8655172413793,379.0,1026.0,156.85347604968908,290,23.85988518287396,22.27412414550781,24.741249084472656,0.6299323188228901,75357.8571904234,1,1,1,-23.310283019645368,32.80131108257681,2808.4282080692315,0.0,0,6.023255825042725,7.693307876586914,1,1,134.91500315371923,0.0927113232205625,0,0,0,0,6,7.962009833743651e-05
11,mozambique,508009,Gaza,1915,0.009829619921363041,0.0045871559633027525,0.0,1526,273.030425733228,Cidade de Maputo,104.5767516218876,140.24827586206897,6.0,457.0,290,590.8655172413793,379.0,1026.0,156.85347604968908,290,23.85988518287396,22.27412414550781,24.741249084472656,0.6299323188228901,75357.8571904234,1,1,1,-23.310283019645368,32.80131108257681,2808.4282080692315,0.0,0,6.023255825042725,7.693307876586914,1,1,134.91500315371923,0.0927113232205625,0,0,0,0,6,7.962009833743651e-05
11,mozambique,508010,Maputo province,1975,0.34769440930972434,0.15131870950792162,0.02177425989356763,23843,29.49380141915765,Cidade de Maputo,98.47429792898862,106.62616822429906,5.0,467.0,107,725.0747663551402,550.0,992.0,93.96685644910508,107,22.460367648400997,20.353376388549805,23.80235290527344,0.6972988118494099,23304.73569402333,0,1,1,-25.52566115704795,32.45031466112328,3171.317339013185,0.0,0,10.511231422424316,14.661981582641602,1,1,33.202502930673724,0.3264028923941525,0,5,9,10,4,0.0001716389343572
11,mozambique,508010,Maputo province,1965,0.2522565915619348,0.12015997266752555,0.022156785002855787,14852,29.49380141915765,Cidade de Maputo,98.47429792898862,106.62616822429906,5.0,467.0,107,725.0747663551402,550.0,992.0,93.96685644910508,107,22.460367648400997,20.353376388549805,23.80235290527344,0.6972988118494099,23304.73569402333,0,1,1,-25.52566115704795,32.45031466112328,3171.317339013185,0.0,0,10.511231422424316,14.661981582641602,1,1,33.202502930673724,0.3264028923941525,0,5,9,10,4,0.0001716389343572
11,mozambique,508010,Maputo province,1955,0.12499381878715744,0.06185591878150737,0.007417640963428652,10730,29.49380141915765,Cidade de Maputo,98.47429792898862,106.62616822429906,5.0,467.0,107,725.0747663551402,550.0,992.0,93.96685644910508,107,22.460367648400997,20.353376388549805,23.80235290527344,0.6972988118494099,23304.73569402333,0,1,1,-25.52566115704795,32.45031466112328,3171.317339013185,0.0,0,10.511231422424316,14.661981582641602,1,1,33.202502930673724,0.3264028923941525,0,5,9,10,4,0.0001716389343572
11,mozambique,508010,Maputo province,1945,0.059054136848698785,0.023579772069198052,0.0018413243488772189,6985,29.49380141915765,Cidade de Maputo,98.47429792898862,106.62616822429906,5.0,467.0,107,725.0747663551402,550.0,992.0,93.96685644910508,107,22.460367648400997,20.353376388549805,23.80235290527344,0.6972988118494099,23304.73569402333,0,1,1,-25.52566115704795,32.45031466112328,3171.317339013185,0.0,0,10.511231422424316,14.661981582641602,1,1,33.202502930673724,0.3264028923941525,0,5,9,10,4,0.0001716389343572
11,mozambique,508010,Maputo province,1935,0.03530217166021416,0.015244145053515344,0.001130449577308696,4451,29.49380141915765,Cidade de Maputo,98.47429792898862,106.62616822429906,5.0,467.0,107,725.0747663551402,550.0,992.0,93.96685644910508,107,22.460367648400997,20.353376388549805,23.80235290527344,0.6972988118494099,23304.73569402333,0,1,1,-25.52566115704795,32.45031466112328,3171.317339013185,0.0,0,10.511231422424316,14.661981582641602,1,1,33.202502930673724,0.3264028923941525,0,5,9,10,4,0.0001716389343572
11,mozambique,508010,Maputo province,1925,0.019116046911202517,0.008480256675507017,0.0,1789,29.49380141915765,Cidade de Maputo,98.47429792898862,106.62616822429906,5.0,467.0,107,725.0747663551402,550.0,992.0,93.96685644910508,107,22.460367648400997,20.353376388549805,23.80235290527344,0.6972988118494099,23304.73569402333,0,1,1,-25.52566115704795,32.45031466112328,3171.317339013185,0.0,0,10.511231422424316,14.661981582641602,1,1,33.202502930673724,0.3264028923941525,0,5,9,10,4,0.0001716389343572
11,mozambique,508010,Maputo province,1915,0.01059322033898305,0.006355932203389831,0.00211864406779661,472,29.49380141915765,Cidade de Maputo,98.47429792898862,106.62616822429906,5.0,467.0,107,725.0747663551402,550.0,992.0,93.96685644910508,107,22.460367648400997,20.353376388549805,23.80235290527344,0.6972988118494099,23304.73569402333,0,1,1,-25.52566115704795,32.45031466112328,3171.317339013185,0.0,0,10.511231422424316,14.661981582641602,1,1,33.202502930673724,0.3264028923941525,0,5,9,10,4,0.0001716389343572
11,mozambique,508011,Maputo city,1975,0.547353738666182,0.2681064121650891,0.059477843039380196,25700,22.796492977553942,Cidade de Maputo,12.489370480532637,25.625,5.0,50.0,8,778.25,690.0,865.0,59.995312316880224,8,22.83457851409912,22.476112365722656,23.13445854187012,0.2572189745407195,355.5983263162923,0,1,0,-25.960709942547105,32.62609691827905,3542.047607421875,0.0,0,24.799409866333008,34.26161193847656,1,1,7.241923037448385,0.863593020672379,6,7,8,10,2,0.0056243234345852
11,mozambique,508011,Maputo city,1965,0.5012005542784702,0.2707565383648102,0.06032102815710871,12306,22.796492977553942,Cidade de Maputo,12.489370480532637,25.625,5.0,50.0,8,778.25,690.0,865.0,59.995312316880224,8,22.83457851409912,22.476112365722656,23.13445854187012,0.2572189745407195,355.5983263162923,0,1,0,-25.960709942547105,32.62609691827905,3542.047607421875,0.0,0,24.799409866333008,34.26161193847656,1,1,7.241923037448385,0.863593020672379,6,7,8,10,2,0.0056243234345852
11,mozambique,508011,Maputo city,1955,0.3750530891887902,0.2291926150800866,0.04178228215285429,5712,22.796492977553942,Cidade de Maputo,12.489370480532637,25.625,5.0,50.0,8,778.25,690.0,865.0,59.995312316880224,8,22.83457851409912,22.476112365722656,23.13445854187012,0.2572189745407195,355.5983263162923,0,1,0,-25.960709942547105,32.62609691827905,3542.047607421875,0.0,0,24.799409866333008,34.26161193847656,1,1,7.241923037448385,0.863593020672379,6,7,8,10,2,0.0056243234345852
11,mozambique,508011,Maputo city,1945,0.21101912870649586,0.11844392981619997,0.014767887028537362,2363,22.796492977553942,Cidade de Maputo,12.489370480532637,25.625,5.0,50.0,8,778.25,690.0,865.0,59.995312316880224,8,22.83457851409912,22.476112365722656,23.13445854187012,0.2572189745407195,355.5983263162923,0,1,0,-25.960709942547105,32.62609691827905,3542.047607421875,0.0,0,24.799409866333008,34.26161193847656,1,1,7.241923037448385,0.863593020672379,6,7,8,10,2,0.0056243234345852
11,mozambique,508011,Maputo city,1935,0.1461052663437239,0.0793827208237563,0.012408804534426025,1187,22.796492977553942,Cidade de Maputo,12.489370480532637,25.625,5.0,50.0,8,778.25,690.0,865.0,59.995312316880224,8,22.83457851409912,22.476112365722656,23.13445854187012,0.2572189745407195,355.5983263162923,0,1,0,-25.960709942547105,32.62609691827905,3542.047607421875,0.0,0,24.799409866333008,34.26161193847656,1,1,7.241923037448385,0.863593020672379,6,7,8,10,2,0.0056243234345852
11,mozambique,508011,Maputo city,1925,0.10361657089655701,0.06748016780997167,0.006762895150327888,444,22.796492977553942,Cidade de Maputo,12.489370480532637,25.625,5.0,50.0,8,778.25,690.0,865.0,59.995312316880224,8,22.83457851409912,22.476112365722656,23.13445854187012,0.2572189745407195,355.5983263162923,0,1,0,-25.960709942547105,32.62609691827905,3542.047607421875,0.0,0,24.799409866333008,34.26161193847656,1,1,7.241923037448385,0.863593020672379,6,7,8,10,2,0.0056243234345852
11,mozambique,508011,Maputo city,1915,0.07920792079207921,0.0297029702970297,0.009900990099009901,101,22.796492977553942,Cidade de Maputo,12.489370480532637,25.625,5.0,50.0,8,778.25,690.0,865.0,59.995312316880224,8,22.83457851409912,22.476112365722656,23.13445854187012,0.2572189745407195,355.5983263162923,0,1,0,-25.960709942547105,32.62609691827905,3542.047607421875,0.0,0,24.799409866333008,34.26161193847656,1,1,7.241923037448385,0.863593020672379,6,7,8,10,2,0.0056243234345852
13,senegal,686001,Dakar,1975,0.5755435446065343,0.266126659787285,0.08874235894969096,50261,20.630319061948335,Dakar,11.209563817903636,19.11111111111111,6.0,42.0,9,412.8888888888889,358.0,455.0,31.149975724779,9,25.0609859890408,23.683334350585938,25.98139762878418,0.7718605625070853,584.771949313139,0,1,0,14.754563017657992,-17.266914377323456,2407.612451171875,0.9598063400081716,1,21.006589889526367,24.655712127685547,1,1,3.3415557247379626,0.9999999999999992,3,5,8,9,3,0.005130205037235
13,senegal,686001,Dakar,1965,0.5724466903274797,0.28659913373997753,0.0756822320272498,42910,20.630319061948335,Dakar,11.209563817903636,19.11111111111111,6.0,42.0,9,412.8888888888889,358.0,455.0,31.149975724779,9,25.0609859890408,23.683334350585938,25.98139762878418,0.7718605625070853,584.771949313139,0,1,0,14.754563017657992,-17.266914377323456,2407.612451171875,0.9598063400081716,1,21.006589889526367,24.655712127685547,1,1,3.3415557247379626,0.9999999999999992,3,5,8,9,3,0.005130205037235
13,senegal,686001,Dakar,1955,0.5861535973424589,0.31748004885448966,0.09868381587741673,22819,20.630319061948335,Dakar,11.209563817903636,19.11111111111111,6.0,42.0,9,412.8888888888889,358.0,455.0,31.149975724779,9,25.0609859890408,23.683334350585938,25.98139762878418,0.7718605625070853,584.771949313139,0,1,0,14.754563017657992,-17.266914377323456,2407.612451171875,0.9598063400081716,1,21.006589889526367,24.655712127685547,1,1,3.3415557247379626,0.9999999999999992,3,5,8,9,3,0.005130205037235
13,senegal,686001,Dakar,1945,0.41465121788151993,0.24289333762012852,0.07434711744165094,9141,20.630319061948335,Dakar,11.209563817903636,19.11111111111111,6.0,42.0,9,412.8888888888889,358.0,455.0,31.149975724779,9,25.0609859890408,23.683334350585938,25.98139762878418,0.7718605625070853,584.771949313139,0,1,0,14.754563017657992,-17.266914377323456,2407.612451171875,0.9598063400081716,1,21.006589889526367,24.655712127685547,1,1,3.3415557247379626,0.9999999999999992,3,5,8,9,3,0.005130205037235
13,senegal,686001,Dakar,1935,0.2666235578710363,0.11827059896778462,0.039573580178472095,4693,20.630319061948335,Dakar,11.209563817903636,19.11111111111111,6.0,42.0,9,412.8888888888889,358.0,455.0,31.149975724779,9,25.0609859890408,23.683334350585938,25.98139762878418,0.7718605625070853,584.771949313139,0,1,0,14.754563017657992,-17.266914377323456,2407.612451171875,0.9598063400081716,1,21.006589889526367,24.655712127685547,1,1,3.3415557247379626,0.9999999999999992,3,5,8,9,3,0.005130205037235
13,senegal,686001,Dakar,1925,0.20597643462490448,0.06993053575298559,0.02207617113982959,2175,20.630319061948335,Dakar,11.209563817903636,19.11111111111111,6.0,42.0,9,412.8888888888889,358.0,455.0,31.149975724779,9,25.0609859890408,23.683334350585938,25.98139762878418,0.7718605625070853,584.771949313139,0,1,0,14.754563017657992,-17.266914377323456,2407.612451171875,0.9598063400081716,1,21.006589889526367,24.655712127685547,1,1,3.3415557247379626,0.9999999999999992,3,5,8,9,3,0.005130205037235
13,senegal,686001,Dakar,1915,0.13920454545454544,0.04971590909090909,0.002840909090909091,704,20.630319061948335,Dakar,11.209563817903636,19.11111111111111,6.0,42.0,9,412.8888888888889,358.0,455.0,31.149975724779,9,25.0609859890408,23.683334350585938,25.98139762878418,0.7718605625070853,584.771949313139,0,1,0,14.754563017657992,-17.266914377323456,2407.612451171875,0.9598063400081716,1,21.006589889526367,24.655712127685547,1,1,3.3415557247379626,0.9999999999999992,3,5,8,9,3,0.005130205037235
13,senegal,686002,Ziguinchor,1975,0.5665124440569543,0.25275507807506203,0.06289071780581859,13634,77.77362822118738,Banjul,9.046546302318914,16.4,3.0,34.0,30,1184.1333333333334,995.0,1340.0,98.68729514087526,30,26.325588734944663,25.79444122314453,27.0527286529541,0.3212168860922224,7097.744861425494,0,1,1,12.784197496145625,-16.367711002126846,3561.3495059742645,0.0,0,9.77011489868164,8.791666984558105,0,1,13.480423015990215,0.5688024851788079,1,2,5,8,3,0.0004226694617193
13,senegal,686002,Ziguinchor,1965,0.37384780818146995,0.17596742509796634,0.03464971493350101,18307,77.77362822118738,Banjul,9.046546302318914,16.4,3.0,34.0,30,1184.1333333333334,995.0,1340.0,98.68729514087526,30,26.325588734944663,25.79444122314453,27.0527286529541,0.3212168860922224,7097.744861425494,0,1,1,12.784197496145625,-16.367711002126846,3561.3495059742645,0.0,0,9.77011489868164,8.791666984558105,0,1,13.480423015990215,0.5688024851788079,1,2,5,8,3,0.0004226694617193
13,senegal,686002,Ziguinchor,1955,0.31233394198302566,0.14135676264797367,0.03120331063004385,14148,77.77362822118738,Banjul,9.046546302318914,16.4,3.0,34.0,30,1184.1333333333334,995.0,1340.0,98.68729514087526,30,26.325588734944663,25.79444122314453,27.0527286529541,0.3212168860922224,7097.744861425494,0,1,1,12.784197496145625,-16.367711002126846,3561.3495059742645,0.0,0,9.77011489868164,8.791666984558105,0,1,13.480423015990215,0.5688024851788079,1,2,5,8,3,0.0004226694617193
13,senegal,686002,Ziguinchor,1945,0.16998953920542179,0.07495410145410768,0.02053339166209243,8820,77.77362822118738,Banjul,9.046546302318914,16.4,3.0,34.0,30,1184.1333333333334,995.0,1340.0,98.68729514087526,30,26.325588734944663,25.79444122314453,27.0527286529541,0.3212168860922224,7097.744861425494,0,1,1,12.784197496145625,-16.367711002126846,3561.3495059742645,0.0,0,9.77011489868164,8.791666984558105,0,1,13.480423015990215,0.5688024851788079,1,2,5,8,3,0.0004226694617193
13,senegal,686002,Ziguinchor,1935,0.08615658440361289,0.02666507773738432,0.005497499152816255,6074,77.77362822118738,Banjul,9.046546302318914,16.4,3.0,34.0,30,1184.1333333333334,995.0,1340.0,98.68729514087526,30,26.325588734944663,25.79444122314453,27.0527286529541,0.3212168860922224,7097.744861425494,0,1,1,12.784197496145625,-16.367711002126846,3561.3495059742645,0.0,0,9.77011489868164,8.791666984558105,0,1,13.480423015990215,0.5688024851788079,1,2,5,8,3,0.0004226694617193
13,senegal,686002,Ziguinchor,1925,0.04424491190504634,0.00796154286924995,0.0021278607187487936,3282,77.77362822118738,Banjul,9.046546302318914,16.4,3.0,34.0,30,1184.1333333333334,995.0,1340.0,98.68729514087526,30,26.325588734944663,25.79444122314453,27.0527286529541,0.3212168860922224,7097.744861425494,0,1,1,12.784197496145625,-16.367711002126846,3561.3495059742645,0.0,0,9.77011489868164,8.791666984558105,0,1,13.480423015990215,0.5688024851788079,1,2,5,8,3,0.0004226694617193
13,senegal,686002,Ziguinchor,1915,0.023577235772357725,0.0065040650406504065,0.0016260162601626016,1230,77.77362822118738,Banjul,9.046546302318914,16.4,3.0,34.0,30,1184.1333333333334,995.0,1340.0,98.68729514087526,30,26.325588734944663,25.79444122314453,27.0527286529541,0.3212168860922224,7097.744861425494,0,1,1,12.784197496145625,-16.367711002126846,3561.3495059742645,0.0,0,9.77011489868164,8.791666984558105,0,1,13.480423015990215,0.5688024851788079,1,2,5,8,3,0.0004226694617193
13,senegal,686003,Diourbel,1975,0.13431688192707905,0.05877908830632749,0.01870010581552049,26509,87.4531306081593,Thiès,10.143416036468626,35.0,13.0,52.0,27,475.2592592592592,409.0,530.0,29.574253808679465,27,27.302710639105904,26.557228088378903,27.99041748046875,0.4200554957633883,4862.48124674273,0,0,0,14.780872073875946,-16.120599155600583,2586.627588732489,0.0,0,10.80508518218994,13.533406257629396,1,0,59.91764880405426,0.0324580787967317,0,0,3,7,0,0.0
13,senegal,686003,Diourbel,1965,0.10881661847545614,0.04987099803425576,0.014067357216871875,24778,87.4531306081593,Thiès,10.143416036468626,35.0,13.0,52.0,27,475.2592592592592,409.0,530.0,29.574253808679465,27,27.302710639105904,26.557228088378903,27.99041748046875,0.4200554957633883,4862.48124674273,0,0,0,14.780872073875946,-16.120599155600583,2586.627588732489,0.0,0,10.80508518218994,13.533406257629396,1,0,59.91764880405426,0.0324580787967317,0,0,3,7,0,0.0
13,senegal,686003,Diourbel,1955,0.10661150601328587,0.053528399124120336,0.017471705562072302,18984,87.4531306081593,Thiès,10.143416036468626,35.0,13.0,52.0,27,475.2592592592592,409.0,530.0,29.574253808679465,27,27.302710639105904,26.557228088378903,27.99041748046875,0.4200554957633883,4862.48124674273,0,0,0,14.780872073875946,-16.120599155600583,2586.627588732489,0.0,0,10.80508518218994,13.533406257629396,1,0,59.91764880405426,0.0324580787967317,0,0,3,7,0,0.0
13,senegal,686003,Diourbel,1945,0.05132395110124297,0.027994652304896245,0.009461235327693981,11676,87.4531306081593,Thiès,10.143416036468626,35.0,13.0,52.0,27,475.2592592592592,409.0,530.0,29.574253808679465,27,27.302710639105904,26.557228088378903,27.99041748046875,0.4200554957633883,4862.48124674273,0,0,0,14.780872073875946,-16.120599155600583,2586.627588732489,0.0,0,10.80508518218994,13.533406257629396,1,0,59.91764880405426,0.0324580787967317,0,0,3,7,0,0.0
13,senegal,686003,Diourbel,1935,0.03151200586873674,0.0122205200416295,0.004593161457375262,7623,87.4531306081593,Thiès,10.143416036468626,35.0,13.0,52.0,27,475.2592592592592,409.0,530.0,29.574253808679465,27,27.302710639105904,26.557228088378903,27.99041748046875,0.4200554957633883,4862.48124674273,0,0,0,14.780872073875946,-16.120599155600583,2586.627588732489,0.0,0,10.80508518218994,13.533406257629396,1,0,59.91764880405426,0.0324580787967317,0,0,3,7,0,0.0
13,senegal,686003,Diourbel,1925,0.015879884058987926,0.005847239408639442,0.0012181748767998838,4083,87.4531306081593,Thiès,10.143416036468626,35.0,13.0,52.0,27,475.2592592592592,409.0,530.0,29.574253808679465,27,27.302710639105904,26.557228088378903,27.99041748046875,0.4200554957633883,4862.48124674273,0,0,0,14.780872073875946,-16.120599155600583,2586.627588732489,0.0,0,10.80508518218994,13.533406257629396,1,0,59.91764880405426,0.0324580787967317,0,0,3,7,0,0.0
13,senegal,686003,Diourbel,1915,0.0166545981173063,0.004344677769732078,0.000724112961622013,1381,87.4531306081593,Thiès,10.143416036468626,35.0,13.0,52.0,27,475.2592592592592,409.0,530.0,29.574253808679465,27,27.302710639105904,26.557228088378903,27.99041748046875,0.4200554957633883,4862.48124674273,0,0,0,14.780872073875946,-16.120599155600583,2586.627588732489,0.0,0,10.80508518218994,13.533406257629396,1,0,59.91764880405426,0.0324580787967317,0,0,3,7,0,0.0
13,senegal,686004,"Saint Louis, Louga, Matam",1975,0.1878698647621697,0.08120363233452163,0.026323791331060834,50552,200.2869151307708,Saint-Louis,19.807678704310188,42.55018587360595,2.0,93.0,269,406.75092936802974,167.0,853.0,150.52100734300387,269,28.324706102392486,24.90978240966797,30.550188064575195,1.0864363687345486,72923.70674143359,1,1,1,15.524129202308576,-14.691811392565125,1769.57129847896,0.0,0,6.085537910461426,7.116032600402832,1,1,200.0737592110803,0.0177811488738619,0,0,0,0,1,1.371296173335939e-05
13,senegal,686004,"Saint Louis, Louga, Matam",1965,0.18025728932041718,0.08192705283417183,0.021816943931554922,55243,200.2869151307708,Saint-Louis,19.807678704310188,42.55018587360595,2.0,93.0,269,406.75092936802974,167.0,853.0,150.52100734300387,269,28.324706102392486,24.90978240966797,30.550188064575195,1.0864363687345486,72923.70674143359,1,1,1,15.524129202308576,-14.691811392565125,1769.57129847896,0.0,0,6.085537910461426,7.116032600402832,1,1,200.0737592110803,0.0177811488738619,0,0,0,0,1,1.371296173335939e-05
13,senegal,686004,"Saint Louis, Louga, Matam",1955,0.17425438886440642,0.08787132713153041,0.028249576772203584,42433,200.2869151307708,Saint-Louis,19.807678704310188,42.55018587360595,2.0,93.0,269,406.75092936802974,167.0,853.0,150.52100734300387,269,28.324706102392486,24.90978240966797,30.550188064575195,1.0864363687345486,72923.70674143359,1,1,1,15.524129202308576,-14.691811392565125,1769.57129847896,0.0,0,6.085537910461426,7.116032600402832,1,1,200.0737592110803,0.0177811488738619,0,0,0,0,1,1.371296173335939e-05
13,senegal,686004,"Saint Louis, Louga, Matam",1945,0.0928825326879426,0.05042769737627282,0.016289058530313826,26189,200.2869151307708,Saint-Louis,19.807678704310188,42.55018587360595,2.0,93.0,269,406.75092936802974,167.0,853.0,150.52100734300387,269,28.324706102392486,24.90978240966797,30.550188064575195,1.0864363687345486,72923.70674143359,1,1,1,15.524129202308576,-14.691811392565125,1769.57129847896,0.0,0,6.085537910461426,7.116032600402832,1,1,200.0737592110803,0.0177811488738619,0,0,0,0,1,1.371296173335939e-05
13,senegal,686004,"Saint Louis, Louga, Matam",1935,0.06149252656255799,0.02667769743928717,0.009199168106367806,18929,200.2869151307708,Saint-Louis,19.807678704310188,42.55018587360595,2.0,93.0,269,406.75092936802974,167.0,853.0,150.52100734300387,269,28.324706102392486,24.90978240966797,30.550188064575195,1.0864363687345486,72923.70674143359,1,1,1,15.524129202308576,-14.691811392565125,1769.57129847896,0.0,0,6.085537910461426,7.116032600402832,1,1,200.0737592110803,0.0177811488738619,0,0,0,0,1,1.371296173335939e-05
13,senegal,686004,"Saint Louis, Louga, Matam",1925,0.05162153899606485,0.020726622212872685,0.0066316174084441485,10380,200.2869151307708,Saint-Louis,19.807678704310188,42.55018587360595,2.0,93.0,269,406.75092936802974,167.0,853.0,150.52100734300387,269,28.324706102392486,24.90978240966797,30.550188064575195,1.0864363687345486,72923.70674143359,1,1,1,15.524129202308576,-14.691811392565125,1769.57129847896,0.0,0,6.085537910461426,7.116032600402832,1,1,200.0737592110803,0.0177811488738619,0,0,0,0,1,1.371296173335939e-05
13,senegal,686004,"Saint Louis, Louga, Matam",1915,0.030212976721149084,0.010896483407627538,0.0012382367508667657,4038,200.2869151307708,Saint-Louis,19.807678704310188,42.55018587360595,2.0,93.0,269,406.75092936802974,167.0,853.0,150.52100734300387,269,28.324706102392486,24.90978240966797,30.550188064575195,1.0864363687345486,72923.70674143359,1,1,1,15.524129202308576,-14.691811392565125,1769.57129847896,0.0,0,6.085537910461426,7.116032600402832,1,1,200.0737592110803,0.0177811488738619,0,0,0,0,1,1.371296173335939e-05
13,senegal,686005,"Tambacounda, Kedougou",1975,0.13534775975421603,0.05103032342949456,0.016180457255387023,14216,186.48917843049983,Kayes,57.41225398934355,89.07522123893806,28.0,485.0,226,835.8451327433628,474.0,1292.0,172.43238484567348,226,27.97320872281505,25.93671226501465,29.1807918548584,0.4899007200834528,59653.97721712096,1,0,1,13.594545802950174,-12.93595580932548,3673.625239040194,0.0,0,7.70629358291626,9.957317352294922,1,0,143.11582155981483,0.0,0,0,0,0,0,0.0
13,senegal,686005,"Tambacounda, Kedougou",1965,0.10584681733146696,0.04564392017713534,0.012073293057848081,14654,186.48917843049983,Kayes,57.41225398934355,89.07522123893806,28.0,485.0,226,835.8451327433628,474.0,1292.0,172.43238484567348,226,27.97320872281505,25.93671226501465,29.1807918548584,0.4899007200834528,59653.97721712096,1,0,1,13.594545802950174,-12.93595580932548,3673.625239040194,0.0,0,7.70629358291626,9.957317352294922,1,0,143.11582155981483,0.0,0,0,0,0,0,0.0
13,senegal,686005,"Tambacounda, Kedougou",1955,0.09334814207557794,0.04371390022476053,0.012780667401175692,10318,186.48917843049983,Kayes,57.41225398934355,89.07522123893806,28.0,485.0,226,835.8451327433628,474.0,1292.0,172.43238484567348,226,27.97320872281505,25.93671226501465,29.1807918548584,0.4899007200834528,59653.97721712096,1,0,1,13.594545802950174,-12.93595580932548,3673.625239040194,0.0,0,7.70629358291626,9.957317352294922,1,0,143.11582155981483,0.0,0,0,0,0,0,0.0
13,senegal,686005,"Tambacounda, Kedougou",1945,0.05794258885129793,0.027647439053901837,0.009663424810326225,6462,186.48917843049983,Kayes,57.41225398934355,89.07522123893806,28.0,485.0,226,835.8451327433628,474.0,1292.0,172.43238484567348,226,27.97320872281505,25.93671226501465,29.1807918548584,0.4899007200834528,59653.97721712096,1,0,1,13.594545802950174,-12.93595580932548,3673.625239040194,0.0,0,7.70629358291626,9.957317352294922,1,0,143.11582155981483,0.0,0,0,0,0,0,0.0
13,senegal,686005,"Tambacounda, Kedougou",1935,0.03504944629445365,0.015016431702743246,0.004534186844894693,3545,186.48917843049983,Kayes,57.41225398934355,89.07522123893806,28.0,485.0,226,835.8451327433628,474.0,1292.0,172.43238484567348,226,27.97320872281505,25.93671226501465,29.1807918548584,0.4899007200834528,59653.97721712096,1,0,1,13.594545802950174,-12.93595580932548,3673.625239040194,0.0,0,7.70629358291626,9.957317352294922,1,0,143.11582155981483,0.0,0,0,0,0,0,0.0
13,senegal,686005,"Tambacounda, Kedougou",1925,0.02691238141639278,0.00820819202913507,0.0017819881406218295,1714,186.48917843049983,Kayes,57.41225398934355,89.07522123893806,28.0,485.0,226,835.8451327433628,474.0,1292.0,172.43238484567348,226,27.97320872281505,25.93671226501465,29.1807918548584,0.4899007200834528,59653.97721712096,1,0,1,13.594545802950174,-12.93595580932548,3673.625239040194,0.0,0,7.70629358291626,9.957317352294922,1,0,143.11582155981483,0.0,0,0,0,0,0,0.0
13,senegal,686005,"Tambacounda, Kedougou",1915,0.017825311942959002,0.0071301247771836,0.0,561,186.48917843049983,Kayes,57.41225398934355,89.07522123893806,28.0,485.0,226,835.8451327433628,474.0,1292.0,172.43238484567348,226,27.97320872281505,25.93671226501465,29.1807918548584,0.4899007200834528,59653.97721712096,1,0,1,13.594545802950174,-12.93595580932548,3673.625239040194,0.0,0,7.70629358291626,9.957317352294922,1,0,143.11582155981483,0.0,0,0,0,0,0,0.0
13,senegal,686006,"Kaolack, Fatick, Kaffrine",1975,0.2311164346167395,0.10359065008015439,0.03135773138835566,49046,123.008006059745,Banjul,14.651368669107892,28.894736842105264,2.0,52.0,95,612.4315789473684,482.0,794.0,76.20590564648951,95,27.440467031378496,25.955995559692383,28.01099967956543,0.3984285288951466,23406.51549314512,0,1,1,14.146014037594435,-15.690161502794432,3165.3138814576914,0.0,0,7.207221508026123,7.849221706390381,1,1,48.1661933485756,0.2184853589360589,0,1,2,3,3,0.0001281694407216
13,senegal,686006,"Kaolack, Fatick, Kaffrine",1965,0.17957886600187636,0.08437360437257439,0.021022214166725048,47120,123.008006059745,Banjul,14.651368669107892,28.894736842105264,2.0,52.0,95,612.4315789473684,482.0,794.0,76.20590564648951,95,27.440467031378496,25.955995559692383,28.01099967956543,0.3984285288951466,23406.51549314512,0,1,1,14.146014037594435,-15.690161502794432,3165.3138814576914,0.0,0,7.207221508026123,7.849221706390381,1,1,48.1661933485756,0.2184853589360589,0,1,2,3,3,0.0001281694407216
13,senegal,686006,"Kaolack, Fatick, Kaffrine",1955,0.1838710193675421,0.09442103005639771,0.029366424705637047,34422,123.008006059745,Banjul,14.651368669107892,28.894736842105264,2.0,52.0,95,612.4315789473684,482.0,794.0,76.20590564648951,95,27.440467031378496,25.955995559692383,28.01099967956543,0.3984285288951466,23406.51549314512,0,1,1,14.146014037594435,-15.690161502794432,3165.3138814576914,0.0,0,7.207221508026123,7.849221706390381,1,1,48.1661933485756,0.2184853589360589,0,1,2,3,3,0.0001281694407216
13,senegal,686006,"Kaolack, Fatick, Kaffrine",1945,0.08962619193996671,0.04794178402500336,0.014098467345741945,19784,123.008006059745,Banjul,14.651368669107892,28.894736842105264,2.0,52.0,95,612.4315789473684,482.0,794.0,76.20590564648951,95,27.440467031378496,25.955995559692383,28.01099967956543,0.3984285288951466,23406.51549314512,0,1,1,14.146014037594435,-15.690161502794432,3165.3138814576914,0.0,0,7.207221508026123,7.849221706390381,1,1,48.1661933485756,0.2184853589360589,0,1,2,3,3,0.0001281694407216
13,senegal,686006,"Kaolack, Fatick, Kaffrine",1935,0.0515279815870935,0.02223636791623981,0.007309722692914261,12252,123.008006059745,Banjul,14.651368669107892,28.894736842105264,2.0,52.0,95,612.4315789473684,482.0,794.0,76.20590564648951,95,27.440467031378496,25.955995559692383,28.01099967956543,0.3984285288951466,23406.51549314512,0,1,1,14.146014037594435,-15.690161502794432,3165.3138814576914,0.0,0,7.207221508026123,7.849221706390381,1,1,48.1661933485756,0.2184853589360589,0,1,2,3,3,0.0001281694407216
13,senegal,686006,"Kaolack, Fatick, Kaffrine",1925,0.029341838524460342,0.011967592900449919,0.0036474999909322024,5762,123.008006059745,Banjul,14.651368669107892,28.894736842105264,2.0,52.0,95,612.4315789473684,482.0,794.0,76.20590564648951,95,27.440467031378496,25.955995559692383,28.01099967956543,0.3984285288951466,23406.51549314512,0,1,1,14.146014037594435,-15.690161502794432,3165.3138814576914,0.0,0,7.207221508026123,7.849221706390381,1,1,48.1661933485756,0.2184853589360589,0,1,2,3,3,0.0001281694407216
13,senegal,686006,"Kaolack, Fatick, Kaffrine",1915,0.016891891891891893,0.005308880308880309,0.0019305019305019305,2072,123.008006059745,Banjul,14.651368669107892,28.894736842105264,2.0,52.0,95,612.4315789473684,482.0,794.0,76.20590564648951,95,27.440467031378496,25.955995559692383,28.01099967956543,0.3984285288951466,23406.51549314512,0,1,1,14.146014037594435,-15.690161502794432,3165.3138814576914,0.0,0,7.207221508026123,7.849221706390381,1,1,48.1661933485756,0.2184853589360589,0,1,2,3,3,0.0001281694407216
13,senegal,686007,Thies,1975,0.3043277006661534,0.130251637617723,0.0377319440301154,37147,19.94968795844332,Thiès,16.318732734568687,28.58823529411765,4.0,70.0,34,463.7647058823529,350.0,647.0,72.4857222547713,34,26.355146576376523,25.36111259460449,27.20145606994629,0.4389923270243971,6686.7018059196,0,1,0,14.832001065833047,-16.755774827618417,2412.8764919704863,0.180997384454517,0,7.688115119934082,9.053709030151367,1,1,24.068790476188884,0.6590043383751212,1,3,8,12,6,0.0008973033603335
13,senegal,686007,Thies,1965,0.24419243272083846,0.10920805036908976,0.02833116604285277,32951,19.94968795844332,Thiès,16.318732734568687,28.58823529411765,4.0,70.0,34,463.7647058823529,350.0,647.0,72.4857222547713,34,26.355146576376523,25.36111259460449,27.20145606994629,0.4389923270243971,6686.7018059196,0,1,0,14.832001065833047,-16.755774827618417,2412.8764919704863,0.180997384454517,0,7.688115119934082,9.053709030151367,1,1,24.068790476188884,0.6590043383751212,1,3,8,12,6,0.0008973033603335
13,senegal,686007,Thies,1955,0.2407145401066261,0.12120794743986467,0.03754164837756822,25174,19.94968795844332,Thiès,16.318732734568687,28.58823529411765,4.0,70.0,34,463.7647058823529,350.0,647.0,72.4857222547713,34,26.355146576376523,25.36111259460449,27.20145606994629,0.4389923270243971,6686.7018059196,0,1,0,14.832001065833047,-16.755774827618417,2412.8764919704863,0.180997384454517,0,7.688115119934082,9.053709030151367,1,1,24.068790476188884,0.6590043383751212,1,3,8,12,6,0.0008973033603335
13,senegal,686007,Thies,1945,0.12463300505656785,0.06549307062665546,0.019659348617079502,14166,19.94968795844332,Thiès,16.318732734568687,28.58823529411765,4.0,70.0,34,463.7647058823529,350.0,647.0,72.4857222547713,34,26.355146576376523,25.36111259460449,27.20145606994629,0.4389923270243971,6686.7018059196,0,1,0,14.832001065833047,-16.755774827618417,2412.8764919704863,0.180997384454517,0,7.688115119934082,9.053709030151367,1,1,24.068790476188884,0.6590043383751212,1,3,8,12,6,0.0008973033603335
13,senegal,686007,Thies,1935,0.06620663238111271,0.02647919206696685,0.008116630986076772,9256,19.94968795844332,Thiès,16.318732734568687,28.58823529411765,4.0,70.0,34,463.7647058823529,350.0,647.0,72.4857222547713,34,26.355146576376523,25.36111259460449,27.20145606994629,0.4389923270243971,6686.7018059196,0,1,0,14.832001065833047,-16.755774827618417,2412.8764919704863,0.180997384454517,0,7.688115119934082,9.053709030151367,1,1,24.068790476188884,0.6590043383751212,1,3,8,12,6,0.0008973033603335
13,senegal,686007,Thies,1925,0.04847935864725709,0.015082682213332142,0.0035480641713488427,4518,19.94968795844332,Thiès,16.318732734568687,28.58823529411765,4.0,70.0,34,463.7647058823529,350.0,647.0,72.4857222547713,34,26.355146576376523,25.36111259460449,27.20145606994629,0.4389923270243971,6686.7018059196,0,1,0,14.832001065833047,-16.755774827618417,2412.8764919704863,0.180997384454517,0,7.688115119934082,9.053709030151367,1,1,24.068790476188884,0.6590043383751212,1,3,8,12,6,0.0008973033603335
13,senegal,686007,Thies,1915,0.026352288488210817,0.005547850208044383,0.0020804438280166435,1442,19.94968795844332,Thiès,16.318732734568687,28.58823529411765,4.0,70.0,34,463.7647058823529,350.0,647.0,72.4857222547713,34,26.355146576376523,25.36111259460449,27.20145606994629,0.4389923270243971,6686.7018059196,0,1,0,14.832001065833047,-16.755774827618417,2412.8764919704863,0.180997384454517,0,7.688115119934082,9.053709030151367,1,1,24.068790476188884,0.6590043383751212,1,3,8,12,6,0.0008973033603335
13,senegal,686010,"Kolda, Sedhiou",1975,0.19371371764503736,0.07683599455074314,0.02140752832018066,19933,197.34209862402764,Banjul,14.018582708570248,40.54545454545455,15.0,99.0,88,961.056818181818,687.0,1285.0,145.7798276008398,88,26.99586493318731,26.32576942443848,27.77643585205078,0.3211266822104516,21219.218139719796,0,1,1,12.985323158345386,-14.819343825632664,3961.3896976441374,0.0,0,6.961904525756836,7.135513782501221,0,1,85.9010821051752,0.1518977483327775,0,0,0,1,2,9.4254179717218e-05
13,senegal,686010,"Kolda, Sedhiou",1965,0.14488128036338205,0.0643405338705641,0.011894884713685501,25539,197.34209862402764,Banjul,14.018582708570248,40.54545454545455,15.0,99.0,88,961.056818181818,687.0,1285.0,145.7798276008398,88,26.99586493318731,26.32576942443848,27.77643585205078,0.3211266822104516,21219.218139719796,0,1,1,12.985323158345386,-14.819343825632664,3961.3896976441374,0.0,0,6.961904525756836,7.135513782501221,0,1,85.9010821051752,0.1518977483327775,0,0,0,1,2,9.4254179717218e-05
13,senegal,686010,"Kolda, Sedhiou",1955,0.11285430351832634,0.050613318535105395,0.012890400191129338,18274,197.34209862402764,Banjul,14.018582708570248,40.54545454545455,15.0,99.0,88,961.056818181818,687.0,1285.0,145.7798276008398,88,26.99586493318731,26.32576942443848,27.77643585205078,0.3211266822104516,21219.218139719796,0,1,1,12.985323158345386,-14.819343825632664,3961.3896976441374,0.0,0,6.961904525756836,7.135513782501221,0,1,85.9010821051752,0.1518977483327775,0,0,0,1,2,9.4254179717218e-05
13,senegal,686010,"Kolda, Sedhiou",1945,0.056601002851574565,0.026387717216996356,0.00650825764277029,10839,197.34209862402764,Banjul,14.018582708570248,40.54545454545455,15.0,99.0,88,961.056818181818,687.0,1285.0,145.7798276008398,88,26.99586493318731,26.32576942443848,27.77643585205078,0.3211266822104516,21219.218139719796,0,1,1,12.985323158345386,-14.819343825632664,3961.3896976441374,0.0,0,6.961904525756836,7.135513782501221,0,1,85.9010821051752,0.1518977483327775,0,0,0,1,2,9.4254179717218e-05
13,senegal,686010,"Kolda, Sedhiou",1935,0.0346373630978258,0.01042136351086126,0.002414311977953484,6643,197.34209862402764,Banjul,14.018582708570248,40.54545454545455,15.0,99.0,88,961.056818181818,687.0,1285.0,145.7798276008398,88,26.99586493318731,26.32576942443848,27.77643585205078,0.3211266822104516,21219.218139719796,0,1,1,12.985323158345386,-14.819343825632664,3961.3896976441374,0.0,0,6.961904525756836,7.135513782501221,0,1,85.9010821051752,0.1518977483327775,0,0,0,1,2,9.4254179717218e-05
13,senegal,686010,"Kolda, Sedhiou",1925,0.02120388657389056,0.004644688424243231,0.0011726731566347609,3449,197.34209862402764,Banjul,14.018582708570248,40.54545454545455,15.0,99.0,88,961.056818181818,687.0,1285.0,145.7798276008398,88,26.99586493318731,26.32576942443848,27.77643585205078,0.3211266822104516,21219.218139719796,0,1,1,12.985323158345386,-14.819343825632664,3961.3896976441374,0.0,0,6.961904525756836,7.135513782501221,0,1,85.9010821051752,0.1518977483327775,0,0,0,1,2,9.4254179717218e-05
13,senegal,686010,"Kolda, Sedhiou",1915,0.012265978050355068,0.003873466752743706,0.0,1549,197.34209862402764,Banjul,14.018582708570248,40.54545454545455,15.0,99.0,88,961.056818181818,687.0,1285.0,145.7798276008398,88,26.99586493318731,26.32576942443848,27.77643585205078,0.3211266822104516,21219.218139719796,0,1,1,12.985323158345386,-14.819343825632664,3961.3896976441374,0.0,0,6.961904525756836,7.135513782501221,0,1,85.9010821051752,0.1518977483327775,0,0,0,1,2,9.4254179717218e-05
14,sierra_leone,694011,Kailahun,1975,0.27251292282579126,0.1472748707717421,0.042531966990115175,11027,194.61127319302943,Monrovia,82.48397662576654,292.56,179.0,466.0,25,2652.96,2474.0,2755.0,60.1281830758256,25,25.632080688476563,25.03177070617676,25.98958396911621,0.2660877595460049,3933.979681345493,0,0,1,8.08736897413703,-10.693907822868644,2594.656434351084,0.0,0,,,1,1,30.282328268809955,0.3503195810196626,0,2,7,9,1,0.0002541955172625
14,sierra_leone,694011,Kailahun,1965,0.2637689788627568,0.15599880916939565,0.05388508484668056,6718,194.61127319302943,Monrovia,82.48397662576654,292.56,179.0,466.0,25,2652.96,2474.0,2755.0,60.1281830758256,25,25.632080688476563,25.03177070617676,25.98958396911621,0.2660877595460049,3933.979681345493,0,0,1,8.08736897413703,-10.693907822868644,2594.656434351084,0.0,0,,,1,1,30.282328268809955,0.3503195810196626,0,2,7,9,1,0.0002541955172625
14,sierra_leone,694011,Kailahun,1955,0.21778539931406174,0.14282214600685939,0.060264576188143064,4082,194.61127319302943,Monrovia,82.48397662576654,292.56,179.0,466.0,25,2652.96,2474.0,2755.0,60.1281830758256,25,25.632080688476563,25.03177070617676,25.98958396911621,0.2660877595460049,3933.979681345493,0,0,1,8.08736897413703,-10.693907822868644,2594.656434351084,0.0,0,,,1,1,30.282328268809955,0.3503195810196626,0,2,7,9,1,0.0002541955172625
14,sierra_leone,694011,Kailahun,1945,0.14178775869660942,0.09247027741083223,0.03478643769264641,2271,194.61127319302943,Monrovia,82.48397662576654,292.56,179.0,466.0,25,2652.96,2474.0,2755.0,60.1281830758256,25,25.632080688476563,25.03177070617676,25.98958396911621,0.2660877595460049,3933.979681345493,0,0,1,8.08736897413703,-10.693907822868644,2594.656434351084,0.0,0,,,1,1,30.282328268809955,0.3503195810196626,0,2,7,9,1,0.0002541955172625
14,sierra_leone,694011,Kailahun,1935,0.08152173913043478,0.049689440993788817,0.019409937888198756,1288,194.61127319302943,Monrovia,82.48397662576654,292.56,179.0,466.0,25,2652.96,2474.0,2755.0,60.1281830758256,25,25.632080688476563,25.03177070617676,25.98958396911621,0.2660877595460049,3933.979681345493,0,0,1,8.08736897413703,-10.693907822868644,2594.656434351084,0.0,0,,,1,1,30.282328268809955,0.3503195810196626,0,2,7,9,1,0.0002541955172625
14,sierra_leone,694011,Kailahun,1925,0.04952076677316294,0.02875399361022364,0.009584664536741214,626,194.61127319302943,Monrovia,82.48397662576654,292.56,179.0,466.0,25,2652.96,2474.0,2755.0,60.1281830758256,25,25.632080688476563,25.03177070617676,25.98958396911621,0.2660877595460049,3933.979681345493,0,0,1,8.08736897413703,-10.693907822868644,2594.656434351084,0.0,0,,,1,1,30.282328268809955,0.3503195810196626,0,2,7,9,1,0.0002541955172625
14,sierra_leone,694011,Kailahun,1915,0.028708133971291867,0.019138755980861243,0.004784688995215311,209,194.61127319302943,Monrovia,82.48397662576654,292.56,179.0,466.0,25,2652.96,2474.0,2755.0,60.1281830758256,25,25.632080688476563,25.03177070617676,25.98958396911621,0.2660877595460049,3933.979681345493,0,0,1,8.08736897413703,-10.693907822868644,2594.656434351084,0.0,0,,,1,1,30.282328268809955,0.3503195810196626,0,2,7,9,1,0.0002541955172625
14,sierra_leone,694012,Kenema,1975,0.2509120028472284,0.14405196191832015,0.042174570691342644,11239,185.52266972562197,Monrovia,88.11849165429791,226.4,78.0,393.0,35,2702.6285714285714,2572.0,2964.0,84.8181536209877,35,25.726917157854352,24.93708229064941,26.509057998657227,0.3893559883588792,6354.073838453222,0,0,1,7.94580833965373,-11.196103702595243,2595.404045952691,0.0,0,5.884615421295166,6.9811320304870605,1,1,9.063191510873343,0.7530247921819916,3,8,9,15,6,0.0009442760900399
14,sierra_leone,694012,Kenema,1965,0.24855851644070437,0.14679756895745674,0.04675081813931744,6417,185.52266972562197,Monrovia,88.11849165429791,226.4,78.0,393.0,35,2702.6285714285714,2572.0,2964.0,84.8181536209877,35,25.726917157854352,24.93708229064941,26.509057998657227,0.3893559883588792,6354.073838453222,0,0,1,7.94580833965373,-11.196103702595243,2595.404045952691,0.0,0,5.884615421295166,6.9811320304870605,1,1,9.063191510873343,0.7530247921819916,3,8,9,15,6,0.0009442760900399
14,sierra_leone,694012,Kenema,1955,0.2029598308668076,0.13160676532769555,0.0459830866807611,3784,185.52266972562197,Monrovia,88.11849165429791,226.4,78.0,393.0,35,2702.6285714285714,2572.0,2964.0,84.8181536209877,35,25.726917157854352,24.93708229064941,26.509057998657227,0.3893559883588792,6354.073838453222,0,0,1,7.94580833965373,-11.196103702595243,2595.404045952691,0.0,0,5.884615421295166,6.9811320304870605,1,1,9.063191510873343,0.7530247921819916,3,8,9,15,6,0.0009442760900399
14,sierra_leone,694012,Kenema,1945,0.1279127416955875,0.07734258800198314,0.027764005949429845,2017,185.52266972562197,Monrovia,88.11849165429791,226.4,78.0,393.0,35,2702.6285714285714,2572.0,2964.0,84.8181536209877,35,25.726917157854352,24.93708229064941,26.509057998657227,0.3893559883588792,6354.073838453222,0,0,1,7.94580833965373,-11.196103702595243,2595.404045952691,0.0,0,5.884615421295166,6.9811320304870605,1,1,9.063191510873343,0.7530247921819916,3,8,9,15,6,0.0009442760900399
14,sierra_leone,694012,Kenema,1935,0.0781758957654723,0.0496742671009772,0.016286644951140065,1228,185.52266972562197,Monrovia,88.11849165429791,226.4,78.0,393.0,35,2702.6285714285714,2572.0,2964.0,84.8181536209877,35,25.726917157854352,24.93708229064941,26.509057998657227,0.3893559883588792,6354.073838453222,0,0,1,7.94580833965373,-11.196103702595243,2595.404045952691,0.0,0,5.884615421295166,6.9811320304870605,1,1,9.063191510873343,0.7530247921819916,3,8,9,15,6,0.0009442760900399
14,sierra_leone,694012,Kenema,1925,0.04288164665523156,0.022298456260720412,0.003430531732418525,583,185.52266972562197,Monrovia,88.11849165429791,226.4,78.0,393.0,35,2702.6285714285714,2572.0,2964.0,84.8181536209877,35,25.726917157854352,24.93708229064941,26.509057998657227,0.3893559883588792,6354.073838453222,0,0,1,7.94580833965373,-11.196103702595243,2595.404045952691,0.0,0,5.884615421295166,6.9811320304870605,1,1,9.063191510873343,0.7530247921819916,3,8,9,15,6,0.0009442760900399
14,sierra_leone,694012,Kenema,1915,0.015306122448979591,0.01020408163265306,0.00510204081632653,196,185.52266972562197,Monrovia,88.11849165429791,226.4,78.0,393.0,35,2702.6285714285714,2572.0,2964.0,84.8181536209877,35,25.726917157854352,24.93708229064941,26.509057998657227,0.3893559883588792,6354.073838453222,0,0,1,7.94580833965373,-11.196103702595243,2595.404045952691,0.0,0,5.884615421295166,6.9811320304870605,1,1,9.063191510873343,0.7530247921819916,3,8,9,15,6,0.0009442760900399
14,sierra_leone,694013,Kono,1975,0.24988784208165096,0.13907581875280395,0.036563481381785556,8916,245.87273270503744,Freetown,103.5203507055694,438.0357142857143,299.0,715.0,28,2515.8214285714284,2271.0,2720.0,113.50615262475188,28,24.85763795035226,23.550539016723636,25.61827087402344,0.4905029299524657,5388.710488881138,0,0,1,8.69323380514125,-10.93956723999044,2652.9693603515625,0.0,0,,10.199999809265137,0,0,50.53977147452683,0.1409997278157008,0,0,3,12,0,0.0
14,sierra_leone,694013,Kono,1965,0.25841816758026626,0.15544244322631168,0.05090054815974941,5108,245.87273270503744,Freetown,103.5203507055694,438.0357142857143,299.0,715.0,28,2515.8214285714284,2271.0,2720.0,113.50615262475188,28,24.85763795035226,23.550539016723636,25.61827087402344,0.4905029299524657,5388.710488881138,0,0,1,8.69323380514125,-10.93956723999044,2652.9693603515625,0.0,0,,10.199999809265137,0,0,50.53977147452683,0.1409997278157008,0,0,3,12,0,0.0
14,sierra_leone,694013,Kono,1955,0.21273031825795644,0.13098827470686766,0.04455611390284757,2985,245.87273270503744,Freetown,103.5203507055694,438.0357142857143,299.0,715.0,28,2515.8214285714284,2271.0,2720.0,113.50615262475188,28,24.85763795035226,23.550539016723636,25.61827087402344,0.4905029299524657,5388.710488881138,0,0,1,8.69323380514125,-10.93956723999044,2652.9693603515625,0.0,0,,10.199999809265137,0,0,50.53977147452683,0.1409997278157008,0,0,3,12,0,0.0
14,sierra_leone,694013,Kono,1945,0.13078470824949698,0.09322602280348759,0.03420523138832998,1491,245.87273270503744,Freetown,103.5203507055694,438.0357142857143,299.0,715.0,28,2515.8214285714284,2271.0,2720.0,113.50615262475188,28,24.85763795035226,23.550539016723636,25.61827087402344,0.4905029299524657,5388.710488881138,0,0,1,8.69323380514125,-10.93956723999044,2652.9693603515625,0.0,0,,10.199999809265137,0,0,50.53977147452683,0.1409997278157008,0,0,3,12,0,0.0
14,sierra_leone,694013,Kono,1935,0.0768348623853211,0.0481651376146789,0.016055045871559634,872,245.87273270503744,Freetown,103.5203507055694,438.0357142857143,299.0,715.0,28,2515.8214285714284,2271.0,2720.0,113.50615262475188,28,24.85763795035226,23.550539016723636,25.61827087402344,0.4905029299524657,5388.710488881138,0,0,1,8.69323380514125,-10.93956723999044,2652.9693603515625,0.0,0,,10.199999809265137,0,0,50.53977147452683,0.1409997278157008,0,0,3,12,0,0.0
14,sierra_leone,694013,Kono,1925,0.038461538461538464,0.028205128205128206,0.015384615384615385,390,245.87273270503744,Freetown,103.5203507055694,438.0357142857143,299.0,715.0,28,2515.8214285714284,2271.0,2720.0,113.50615262475188,28,24.85763795035226,23.550539016723636,25.61827087402344,0.4905029299524657,5388.710488881138,0,0,1,8.69323380514125,-10.93956723999044,2652.9693603515625,0.0,0,,10.199999809265137,0,0,50.53977147452683,0.1409997278157008,0,0,3,12,0,0.0
14,sierra_leone,694013,Kono,1915,0.017094017094017096,0.0,0.0,117,245.87273270503744,Freetown,103.5203507055694,438.0357142857143,299.0,715.0,28,2515.8214285714284,2271.0,2720.0,113.50615262475188,28,24.85763795035226,23.550539016723636,25.61827087402344,0.4905029299524657,5388.710488881138,0,0,1,8.69323380514125,-10.93956723999044,2652.9693603515625,0.0,0,,10.199999809265137,0,0,50.53977147452683,0.1409997278157008,0,0,3,12,0,0.0
14,sierra_leone,694021,Bombali,1975,0.24359140341791818,0.1444199896426722,0.03786897980321077,15448,149.1873447618117,Freetown,89.91478952319245,140.075,58.0,355.0,40,2624.85,2114.0,3007.0,242.65784038435683,40,27.010198831558228,25.771728515625,27.9880428314209,0.5459870971226938,8209.523179972053,0,0,1,9.314933888374924,-12.167570342971327,3094.993299975837,0.0,0,,8.32608699798584,1,0,67.33373647611171,0.0973664198635615,0,0,3,6,0,0.0
14,sierra_leone,694021,Bombali,1965,0.2148,0.1277,0.0384,10000,149.1873447618117,Freetown,89.91478952319245,140.075,58.0,355.0,40,2624.85,2114.0,3007.0,242.65784038435683,40,27.010198831558228,25.771728515625,27.9880428314209,0.5459870971226938,8209.523179972053,0,0,1,9.314933888374924,-12.167570342971327,3094.993299975837,0.0,0,,8.32608699798584,1,0,67.33373647611171,0.0973664198635615,0,0,3,6,0,0.0
14,sierra_leone,694021,Bombali,1955,0.1571627260083449,0.10292072322670376,0.03801576263328697,6471,149.1873447618117,Freetown,89.91478952319245,140.075,58.0,355.0,40,2624.85,2114.0,3007.0,242.65784038435683,40,27.010198831558228,25.771728515625,27.9880428314209,0.5459870971226938,8209.523179972053,0,0,1,9.314933888374924,-12.167570342971327,3094.993299975837,0.0,0,,8.32608699798584,1,0,67.33373647611171,0.0973664198635615,0,0,3,6,0,0.0
14,sierra_leone,694021,Bombali,1945,0.0923202614379085,0.05718954248366013,0.023148148148148147,3672,149.1873447618117,Freetown,89.91478952319245,140.075,58.0,355.0,40,2624.85,2114.0,3007.0,242.65784038435683,40,27.010198831558228,25.771728515625,27.9880428314209,0.5459870971226938,8209.523179972053,0,0,1,9.314933888374924,-12.167570342971327,3094.993299975837,0.0,0,,8.32608699798584,1,0,67.33373647611171,0.0973664198635615,0,0,3,6,0,0.0
14,sierra_leone,694021,Bombali,1935,0.04903677758318739,0.03064798598949212,0.014010507880910683,2284,149.1873447618117,Freetown,89.91478952319245,140.075,58.0,355.0,40,2624.85,2114.0,3007.0,242.65784038435683,40,27.010198831558228,25.771728515625,27.9880428314209,0.5459870971226938,8209.523179972053,0,0,1,9.314933888374924,-12.167570342971327,3094.993299975837,0.0,0,,8.32608699798584,1,0,67.33373647611171,0.0973664198635615,0,0,3,6,0,0.0
14,sierra_leone,694021,Bombali,1925,0.03452243958573072,0.023014959723820484,0.004602991944764097,869,149.1873447618117,Freetown,89.91478952319245,140.075,58.0,355.0,40,2624.85,2114.0,3007.0,242.65784038435683,40,27.010198831558228,25.771728515625,27.9880428314209,0.5459870971226938,8209.523179972053,0,0,1,9.314933888374924,-12.167570342971327,3094.993299975837,0.0,0,,8.32608699798584,1,0,67.33373647611171,0.0973664198635615,0,0,3,6,0,0.0
14,sierra_leone,694021,Bombali,1915,0.016339869281045753,0.013071895424836602,0.0032679738562091504,306,149.1873447618117,Freetown,89.91478952319245,140.075,58.0,355.0,40,2624.85,2114.0,3007.0,242.65784038435683,40,27.010198831558228,25.771728515625,27.9880428314209,0.5459870971226938,8209.523179972053,0,0,1,9.314933888374924,-12.167570342971327,3094.993299975837,0.0,0,,8.32608699798584,1,0,67.33373647611171,0.0973664198635615,0,0,3,6,0,0.0
14,sierra_leone,694022,Kambia,1975,0.20965255543697378,0.1207162338432349,0.02585082414324677,8433,96.29143932125544,Freetown,24.702239114783715,48.27777777777778,6.0,87.0,18,2895.277777777778,2526.0,3378.0,225.6648955015565,18,27.5687181684706,26.89400291442871,27.9880428314209,0.3270923027675189,2994.827887895422,0,1,1,9.187444657758403,-12.803988874303696,3148.165301983173,0.0,0,,,0,1,19.26317812109836,0.4300571844996907,1,1,1,14,1,0.0003339090049354
14,sierra_leone,694022,Kambia,1965,0.17292250233426704,0.10644257703081232,0.03342670401493931,5355,96.29143932125544,Freetown,24.702239114783715,48.27777777777778,6.0,87.0,18,2895.277777777778,2526.0,3378.0,225.6648955015565,18,27.5687181684706,26.89400291442871,27.9880428314209,0.3270923027675189,2994.827887895422,0,1,1,9.187444657758403,-12.803988874303696,3148.165301983173,0.0,0,,,0,1,19.26317812109836,0.4300571844996907,1,1,1,14,1,0.0003339090049354
14,sierra_leone,694022,Kambia,1955,0.135661133371494,0.08700629650829994,0.027475672581568404,3494,96.29143932125544,Freetown,24.702239114783715,48.27777777777778,6.0,87.0,18,2895.277777777778,2526.0,3378.0,225.6648955015565,18,27.5687181684706,26.89400291442871,27.9880428314209,0.3270923027675189,2994.827887895422,0,1,1,9.187444657758403,-12.803988874303696,3148.165301983173,0.0,0,,,0,1,19.26317812109836,0.4300571844996907,1,1,1,14,1,0.0003339090049354
14,sierra_leone,694022,Kambia,1945,0.0798611111111111,0.054563492063492064,0.018849206349206348,2016,96.29143932125544,Freetown,24.702239114783715,48.27777777777778,6.0,87.0,18,2895.277777777778,2526.0,3378.0,225.6648955015565,18,27.5687181684706,26.89400291442871,27.9880428314209,0.3270923027675189,2994.827887895422,0,1,1,9.187444657758403,-12.803988874303696,3148.165301983173,0.0,0,,,0,1,19.26317812109836,0.4300571844996907,1,1,1,14,1,0.0003339090049354
14,sierra_leone,694022,Kambia,1935,0.03645007923930269,0.018225039619651346,0.005546751188589541,1262,96.29143932125544,Freetown,24.702239114783715,48.27777777777778,6.0,87.0,18,2895.277777777778,2526.0,3378.0,225.6648955015565,18,27.5687181684706,26.89400291442871,27.9880428314209,0.3270923027675189,2994.827887895422,0,1,1,9.187444657758403,-12.803988874303696,3148.165301983173,0.0,0,,,0,1,19.26317812109836,0.4300571844996907,1,1,1,14,1,0.0003339090049354
14,sierra_leone,694022,Kambia,1925,0.02717391304347826,0.009057971014492754,0.005434782608695652,552,96.29143932125544,Freetown,24.702239114783715,48.27777777777778,6.0,87.0,18,2895.277777777778,2526.0,3378.0,225.6648955015565,18,27.5687181684706,26.89400291442871,27.9880428314209,0.3270923027675189,2994.827887895422,0,1,1,9.187444657758403,-12.803988874303696,3148.165301983173,0.0,0,,,0,1,19.26317812109836,0.4300571844996907,1,1,1,14,1,0.0003339090049354
14,sierra_leone,694022,Kambia,1915,0.022857142857142857,0.017142857142857144,0.005714285714285714,175,96.29143932125544,Freetown,24.702239114783715,48.27777777777778,6.0,87.0,18,2895.277777777778,2526.0,3378.0,225.6648955015565,18,27.5687181684706,26.89400291442871,27.9880428314209,0.3270923027675189,2994.827887895422,0,1,1,9.187444657758403,-12.803988874303696,3148.165301983173,0.0,0,,,0,1,19.26317812109836,0.4300571844996907,1,1,1,14,1,0.0003339090049354
14,sierra_leone,694023,Koinadugu,1975,0.12777509652509653,0.08120173745173745,0.019063706563706564,8288,231.1124212483203,Freetown,122.3710075787492,435.4827586206897,131.0,732.0,58,2350.706896551724,1955.0,2773.0,220.2631661586446,58,25.153407491486647,23.41462516784668,27.17079162597656,0.7844513288784069,12383.234006680712,1,0,1,9.45141249018186,-11.34373777790242,3143.483266730057,0.0,0,,8.5,0,1,22.824718406126603,0.2439730901439437,1,1,3,6,2,0.000161508697883
14,sierra_leone,694023,Koinadugu,1965,0.11512791991101223,0.07730812013348165,0.023544679273266592,5394,231.1124212483203,Freetown,122.3710075787492,435.4827586206897,131.0,732.0,58,2350.706896551724,1955.0,2773.0,220.2631661586446,58,25.153407491486647,23.41462516784668,27.17079162597656,0.7844513288784069,12383.234006680712,1,0,1,9.45141249018186,-11.34373777790242,3143.483266730057,0.0,0,,8.5,0,1,22.824718406126603,0.2439730901439437,1,1,3,6,2,0.000161508697883
14,sierra_leone,694023,Koinadugu,1955,0.0798930798930799,0.05167805167805168,0.015444015444015444,3367,231.1124212483203,Freetown,122.3710075787492,435.4827586206897,131.0,732.0,58,2350.706896551724,1955.0,2773.0,220.2631661586446,58,25.153407491486647,23.41462516784668,27.17079162597656,0.7844513288784069,12383.234006680712,1,0,1,9.45141249018186,-11.34373777790242,3143.483266730057,0.0,0,,8.5,0,1,22.824718406126603,0.2439730901439437,1,1,3,6,2,0.000161508697883
14,sierra_leone,694023,Koinadugu,1945,0.04188181296615032,0.029259896729776247,0.012621916236374068,1743,231.1124212483203,Freetown,122.3710075787492,435.4827586206897,131.0,732.0,58,2350.706896551724,1955.0,2773.0,220.2631661586446,58,25.153407491486647,23.41462516784668,27.17079162597656,0.7844513288784069,12383.234006680712,1,0,1,9.45141249018186,-11.34373777790242,3143.483266730057,0.0,0,,8.5,0,1,22.824718406126603,0.2439730901439437,1,1,3,6,2,0.000161508697883
14,sierra_leone,694023,Koinadugu,1935,0.03499469777306469,0.02545068928950159,0.01166489925768823,943,231.1124212483203,Freetown,122.3710075787492,435.4827586206897,131.0,732.0,58,2350.706896551724,1955.0,2773.0,220.2631661586446,58,25.153407491486647,23.41462516784668,27.17079162597656,0.7844513288784069,12383.234006680712,1,0,1,9.45141249018186,-11.34373777790242,3143.483266730057,0.0,0,,8.5,0,1,22.824718406126603,0.2439730901439437,1,1,3,6,2,0.000161508697883
14,sierra_leone,694023,Koinadugu,1925,0.012048192771084338,0.007228915662650603,0.0024096385542168677,415,231.1124212483203,Freetown,122.3710075787492,435.4827586206897,131.0,732.0,58,2350.706896551724,1955.0,2773.0,220.2631661586446,58,25.153407491486647,23.41462516784668,27.17079162597656,0.7844513288784069,12383.234006680712,1,0,1,9.45141249018186,-11.34373777790242,3143.483266730057,0.0,0,,8.5,0,1,22.824718406126603,0.2439730901439437,1,1,3,6,2,0.000161508697883
14,sierra_leone,694023,Koinadugu,1915,0.0,0.0,0.0,120,231.1124212483203,Freetown,122.3710075787492,435.4827586206897,131.0,732.0,58,2350.706896551724,1955.0,2773.0,220.2631661586446,58,25.153407491486647,23.41462516784668,27.17079162597656,0.7844513288784069,12383.234006680712,1,0,1,9.45141249018186,-11.34373777790242,3143.483266730057,0.0,0,,8.5,0,1,22.824718406126603,0.2439730901439437,1,1,3,6,2,0.000161508697883
14,sierra_leone,694024,Port Loko,1975,0.2215909090909091,0.12225935828877005,0.028342245989304814,14960,58.654491137372446,Freetown,23.664008697210857,44.121212121212125,6.0,76.0,33,2885.212121212121,2726.0,3242.0,112.2040234723303,33,26.831844214237098,26.245529174804688,27.59885597229004,0.4014993970626649,5928.985442162914,0,1,0,8.72654621610595,-12.740933342876705,2961.005466037326,0.0,0,5.47826099395752,9.65217399597168,1,1,35.12363630056276,0.3886997438839927,0,9,15,20,9,0.0015179662840792
14,sierra_leone,694024,Port Loko,1965,0.19139004149377592,0.11244813278008299,0.027697095435684646,9640,58.654491137372446,Freetown,23.664008697210857,44.121212121212125,6.0,76.0,33,2885.212121212121,2726.0,3242.0,112.2040234723303,33,26.831844214237098,26.245529174804688,27.59885597229004,0.4014993970626649,5928.985442162914,0,1,0,8.72654621610595,-12.740933342876705,2961.005466037326,0.0,0,5.47826099395752,9.65217399597168,1,1,35.12363630056276,0.3886997438839927,0,9,15,20,9,0.0015179662840792
14,sierra_leone,694024,Port Loko,1955,0.12837949908774257,0.08127384309172334,0.02388455796981257,6029,58.654491137372446,Freetown,23.664008697210857,44.121212121212125,6.0,76.0,33,2885.212121212121,2726.0,3242.0,112.2040234723303,33,26.831844214237098,26.245529174804688,27.59885597229004,0.4014993970626649,5928.985442162914,0,1,0,8.72654621610595,-12.740933342876705,2961.005466037326,0.0,0,5.47826099395752,9.65217399597168,1,1,35.12363630056276,0.3886997438839927,0,9,15,20,9,0.0015179662840792
14,sierra_leone,694024,Port Loko,1945,0.07430875576036866,0.04752304147465438,0.015264976958525345,3472,58.654491137372446,Freetown,23.664008697210857,44.121212121212125,6.0,76.0,33,2885.212121212121,2726.0,3242.0,112.2040234723303,33,26.831844214237098,26.245529174804688,27.59885597229004,0.4014993970626649,5928.985442162914,0,1,0,8.72654621610595,-12.740933342876705,2961.005466037326,0.0,0,5.47826099395752,9.65217399597168,1,1,35.12363630056276,0.3886997438839927,0,9,15,20,9,0.0015179662840792
14,sierra_leone,694024,Port Loko,1935,0.057004830917874394,0.03188405797101449,0.00966183574879227,2070,58.654491137372446,Freetown,23.664008697210857,44.121212121212125,6.0,76.0,33,2885.212121212121,2726.0,3242.0,112.2040234723303,33,26.831844214237098,26.245529174804688,27.59885597229004,0.4014993970626649,5928.985442162914,0,1,0,8.72654621610595,-12.740933342876705,2961.005466037326,0.0,0,5.47826099395752,9.65217399597168,1,1,35.12363630056276,0.3886997438839927,0,9,15,20,9,0.0015179662840792
14,sierra_leone,694024,Port Loko,1925,0.03540772532188841,0.017167381974248927,0.00536480686695279,932,58.654491137372446,Freetown,23.664008697210857,44.121212121212125,6.0,76.0,33,2885.212121212121,2726.0,3242.0,112.2040234723303,33,26.831844214237098,26.245529174804688,27.59885597229004,0.4014993970626649,5928.985442162914,0,1,0,8.72654621610595,-12.740933342876705,2961.005466037326,0.0,0,5.47826099395752,9.65217399597168,1,1,35.12363630056276,0.3886997438839927,0,9,15,20,9,0.0015179662840792
14,sierra_leone,694024,Port Loko,1915,0.03125,0.020833333333333332,0.003472222222222222,288,58.654491137372446,Freetown,23.664008697210857,44.121212121212125,6.0,76.0,33,2885.212121212121,2726.0,3242.0,112.2040234723303,33,26.831844214237098,26.245529174804688,27.59885597229004,0.4014993970626649,5928.985442162914,0,1,0,8.72654621610595,-12.740933342876705,2961.005466037326,0.0,0,5.47826099395752,9.65217399597168,1,1,35.12363630056276,0.3886997438839927,0,9,15,20,9,0.0015179662840792
14,sierra_leone,694025,Tonkolili,1975,0.17885117493472585,0.0989719321148825,0.025130548302872063,12256,143.20046221100165,Freetown,155.56006689886786,215.80555555555557,60.0,549.0,36,2790.4444444444443,2490.0,3007.0,118.36089924099004,36,25.990236017439106,24.669897079467773,26.908544540405277,0.6863447988748326,6433.351348027547,0,0,0,8.668015332621607,-11.882564360760504,2738.881443332981,0.0,0,,9.796116828918455,1,1,9.99309060305466,0.7456690990382934,5,7,10,16,7,0.0010880798547006
14,sierra_leone,694025,Tonkolili,1965,0.17698098762281486,0.10412147505422993,0.032665560801327036,7837,143.20046221100165,Freetown,155.56006689886786,215.80555555555557,60.0,549.0,36,2790.4444444444443,2490.0,3007.0,118.36089924099004,36,25.990236017439106,24.669897079467773,26.908544540405277,0.6863447988748326,6433.351348027547,0,0,0,8.668015332621607,-11.882564360760504,2738.881443332981,0.0,0,,9.796116828918455,1,1,9.99309060305466,0.7456690990382934,5,7,10,16,7,0.0010880798547006
14,sierra_leone,694025,Tonkolili,1955,0.13080347678609286,0.08543565825736697,0.032223871104515585,4717,143.20046221100165,Freetown,155.56006689886786,215.80555555555557,60.0,549.0,36,2790.4444444444443,2490.0,3007.0,118.36089924099004,36,25.990236017439106,24.669897079467773,26.908544540405277,0.6863447988748326,6433.351348027547,0,0,0,8.668015332621607,-11.882564360760504,2738.881443332981,0.0,0,,9.796116828918455,1,1,9.99309060305466,0.7456690990382934,5,7,10,16,7,0.0010880798547006
14,sierra_leone,694025,Tonkolili,1945,0.07922330097087378,0.051650485436893205,0.022524271844660194,2575,143.20046221100165,Freetown,155.56006689886786,215.80555555555557,60.0,549.0,36,2790.4444444444443,2490.0,3007.0,118.36089924099004,36,25.990236017439106,24.669897079467773,26.908544540405277,0.6863447988748326,6433.351348027547,0,0,0,8.668015332621607,-11.882564360760504,2738.881443332981,0.0,0,,9.796116828918455,1,1,9.99309060305466,0.7456690990382934,5,7,10,16,7,0.0010880798547006
14,sierra_leone,694025,Tonkolili,1935,0.043478260869565216,0.022774327122153208,0.008281573498964804,1449,143.20046221100165,Freetown,155.56006689886786,215.80555555555557,60.0,549.0,36,2790.4444444444443,2490.0,3007.0,118.36089924099004,36,25.990236017439106,24.669897079467773,26.908544540405277,0.6863447988748326,6433.351348027547,0,0,0,8.668015332621607,-11.882564360760504,2738.881443332981,0.0,0,,9.796116828918455,1,1,9.99309060305466,0.7456690990382934,5,7,10,16,7,0.0010880798547006
14,sierra_leone,694025,Tonkolili,1925,0.0273972602739726,0.015220700152207,0.0045662100456621,657,143.20046221100165,Freetown,155.56006689886786,215.80555555555557,60.0,549.0,36,2790.4444444444443,2490.0,3007.0,118.36089924099004,36,25.990236017439106,24.669897079467773,26.908544540405277,0.6863447988748326,6433.351348027547,0,0,0,8.668015332621607,-11.882564360760504,2738.881443332981,0.0,0,,9.796116828918455,1,1,9.99309060305466,0.7456690990382934,5,7,10,16,7,0.0010880798547006
14,sierra_leone,694025,Tonkolili,1915,0.031914893617021274,0.010638297872340425,0.005319148936170213,188,143.20046221100165,Freetown,155.56006689886786,215.80555555555557,60.0,549.0,36,2790.4444444444443,2490.0,3007.0,118.36089924099004,36,25.990236017439106,24.669897079467773,26.908544540405277,0.6863447988748326,6433.351348027547,0,0,0,8.668015332621607,-11.882564360760504,2738.881443332981,0.0,0,,9.796116828918455,1,1,9.99309060305466,0.7456690990382934,5,7,10,16,7,0.0010880798547006
14,sierra_leone,694031,Bo,1975,0.3096792241700858,0.18687057068258112,0.05995897053338307,10724,165.0934289688905,Freetown,89.43712108659292,120.96296296296296,17.0,360.0,27,2677.5185185185187,2380.0,3291.0,203.6680978982936,27,26.290446740609628,25.0806884765625,27.000770568847656,0.4623197852530713,5465.6653701908845,0,1,0,7.962583156214189,-11.71972800873922,2599.4845872961955,0.0,0,6.166666507720947,7.400000095367432,1,1,9.502478484754338,0.7318957372084414,2,4,15,25,2,0.0003659206820285
14,sierra_leone,694031,Bo,1965,0.3099912100791093,0.19469674772927043,0.067975388221506,6826,165.0934289688905,Freetown,89.43712108659292,120.96296296296296,17.0,360.0,27,2677.5185185185187,2380.0,3291.0,203.6680978982936,27,26.290446740609628,25.0806884765625,27.000770568847656,0.4623197852530713,5465.6653701908845,0,1,0,7.962583156214189,-11.71972800873922,2599.4845872961955,0.0,0,6.166666507720947,7.400000095367432,1,1,9.502478484754338,0.7318957372084414,2,4,15,25,2,0.0003659206820285
14,sierra_leone,694031,Bo,1955,0.2583073727933541,0.17341640706126688,0.0646417445482866,3852,165.0934289688905,Freetown,89.43712108659292,120.96296296296296,17.0,360.0,27,2677.5185185185187,2380.0,3291.0,203.6680978982936,27,26.290446740609628,25.0806884765625,27.000770568847656,0.4623197852530713,5465.6653701908845,0,1,0,7.962583156214189,-11.71972800873922,2599.4845872961955,0.0,0,6.166666507720947,7.400000095367432,1,1,9.502478484754338,0.7318957372084414,2,4,15,25,2,0.0003659206820285
14,sierra_leone,694031,Bo,1945,0.17013735046521933,0.10544971200708905,0.0412051395657953,2257,165.0934289688905,Freetown,89.43712108659292,120.96296296296296,17.0,360.0,27,2677.5185185185187,2380.0,3291.0,203.6680978982936,27,26.290446740609628,25.0806884765625,27.000770568847656,0.4623197852530713,5465.6653701908845,0,1,0,7.962583156214189,-11.71972800873922,2599.4845872961955,0.0,0,6.166666507720947,7.400000095367432,1,1,9.502478484754338,0.7318957372084414,2,4,15,25,2,0.0003659206820285
14,sierra_leone,694031,Bo,1935,0.09598214285714286,0.052083333333333336,0.017857142857142856,1344,165.0934289688905,Freetown,89.43712108659292,120.96296296296296,17.0,360.0,27,2677.5185185185187,2380.0,3291.0,203.6680978982936,27,26.290446740609628,25.0806884765625,27.000770568847656,0.4623197852530713,5465.6653701908845,0,1,0,7.962583156214189,-11.71972800873922,2599.4845872961955,0.0,0,6.166666507720947,7.400000095367432,1,1,9.502478484754338,0.7318957372084414,2,4,15,25,2,0.0003659206820285
14,sierra_leone,694031,Bo,1925,0.053811659192825115,0.026905829596412557,0.008968609865470852,669,165.0934289688905,Freetown,89.43712108659292,120.96296296296296,17.0,360.0,27,2677.5185185185187,2380.0,3291.0,203.6680978982936,27,26.290446740609628,25.0806884765625,27.000770568847656,0.4623197852530713,5465.6653701908845,0,1,0,7.962583156214189,-11.71972800873922,2599.4845872961955,0.0,0,6.166666507720947,7.400000095367432,1,1,9.502478484754338,0.7318957372084414,2,4,15,25,2,0.0003659206820285
14,sierra_leone,694031,Bo,1915,0.0660377358490566,0.02830188679245283,0.009433962264150943,212,165.0934289688905,Freetown,89.43712108659292,120.96296296296296,17.0,360.0,27,2677.5185185185187,2380.0,3291.0,203.6680978982936,27,26.290446740609628,25.0806884765625,27.000770568847656,0.4623197852530713,5465.6653701908845,0,1,0,7.962583156214189,-11.71972800873922,2599.4845872961955,0.0,0,6.166666507720947,7.400000095367432,1,1,9.502478484754338,0.7318957372084414,2,4,15,25,2,0.0003659206820285
14,sierra_leone,694032,Bonthe,1975,0.24427661080953506,0.15364644795846116,0.04932735426008968,4237,138.19931859045693,Freetown,14.531243057405252,14.545454545454543,2.0,58.0,22,3304.7272727272725,2856.0,3591.0,196.5923751915905,22,26.71716967496005,26.355207443237305,27.475000381469727,0.2630394540307723,3561.343043181364,0,1,0,7.503154390398905,-12.279924291154506,2555.003662109375,0.0,0,,6.318181991577148,0,1,17.246453401304443,0.8525632051111932,2,6,10,14,4,0.0011231717785958
14,sierra_leone,694032,Bonthe,1965,0.23090586145648312,0.1463587921847247,0.05079928952042629,2815,138.19931859045693,Freetown,14.531243057405252,14.545454545454543,2.0,58.0,22,3304.7272727272725,2856.0,3591.0,196.5923751915905,22,26.71716967496005,26.355207443237305,27.475000381469727,0.2630394540307723,3561.343043181364,0,1,0,7.503154390398905,-12.279924291154506,2555.003662109375,0.0,0,,6.318181991577148,0,1,17.246453401304443,0.8525632051111932,2,6,10,14,4,0.0011231717785958
14,sierra_leone,694032,Bonthe,1955,0.2248587570621469,0.1519774011299435,0.06610169491525424,1770,138.19931859045693,Freetown,14.531243057405252,14.545454545454543,2.0,58.0,22,3304.7272727272725,2856.0,3591.0,196.5923751915905,22,26.71716967496005,26.355207443237305,27.475000381469727,0.2630394540307723,3561.343043181364,0,1,0,7.503154390398905,-12.279924291154506,2555.003662109375,0.0,0,,6.318181991577148,0,1,17.246453401304443,0.8525632051111932,2,6,10,14,4,0.0011231717785958
14,sierra_leone,694032,Bonthe,1945,0.15725047080979285,0.0856873822975518,0.03483992467043315,1062,138.19931859045693,Freetown,14.531243057405252,14.545454545454543,2.0,58.0,22,3304.7272727272725,2856.0,3591.0,196.5923751915905,22,26.71716967496005,26.355207443237305,27.475000381469727,0.2630394540307723,3561.343043181364,0,1,0,7.503154390398905,-12.279924291154506,2555.003662109375,0.0,0,,6.318181991577148,0,1,17.246453401304443,0.8525632051111932,2,6,10,14,4,0.0011231717785958
14,sierra_leone,694032,Bonthe,1935,0.13472222222222222,0.07916666666666666,0.029166666666666667,720,138.19931859045693,Freetown,14.531243057405252,14.545454545454543,2.0,58.0,22,3304.7272727272725,2856.0,3591.0,196.5923751915905,22,26.71716967496005,26.355207443237305,27.475000381469727,0.2630394540307723,3561.343043181364,0,1,0,7.503154390398905,-12.279924291154506,2555.003662109375,0.0,0,,6.318181991577148,0,1,17.246453401304443,0.8525632051111932,2,6,10,14,4,0.0011231717785958
14,sierra_leone,694032,Bonthe,1925,0.06804733727810651,0.038461538461538464,0.011834319526627219,338,138.19931859045693,Freetown,14.531243057405252,14.545454545454543,2.0,58.0,22,3304.7272727272725,2856.0,3591.0,196.5923751915905,22,26.71716967496005,26.355207443237305,27.475000381469727,0.2630394540307723,3561.343043181364,0,1,0,7.503154390398905,-12.279924291154506,2555.003662109375,0.0,0,,6.318181991577148,0,1,17.246453401304443,0.8525632051111932,2,6,10,14,4,0.0011231717785958
14,sierra_leone,694032,Bonthe,1915,0.04310344827586207,0.017241379310344827,0.008620689655172414,116,138.19931859045693,Freetown,14.531243057405252,14.545454545454543,2.0,58.0,22,3304.7272727272725,2856.0,3591.0,196.5923751915905,22,26.71716967496005,26.355207443237305,27.475000381469727,0.2630394540307723,3561.343043181364,0,1,0,7.503154390398905,-12.279924291154506,2555.003662109375,0.0,0,,6.318181991577148,0,1,17.246453401304443,0.8525632051111932,2,6,10,14,4,0.0011231717785958
14,sierra_leone,694033,Moyamba,1975,0.25727295724766003,0.1477358967872502,0.0409815330129016,7906,88.19121790072813,Freetown,37.47709359567119,51.92307692307692,6.0,172.0,39,2860.358974358974,2380.0,3193.0,197.5963883168696,39,26.35474904378255,26.0902099609375,26.78420829772949,0.168773991678418,6942.75238091089,0,1,0,8.063647522229534,-12.42643564043388,2716.16865353468,0.0,0,,6.583333492279053,1,1,11.965560914818768,0.9676361527202963,2,6,11,27,6,0.0008642105710837
14,sierra_leone,694033,Moyamba,1965,0.2378615249780894,0.14425942156003504,0.04802804557405784,5705,88.19121790072813,Freetown,37.47709359567119,51.92307692307692,6.0,172.0,39,2860.358974358974,2380.0,3193.0,197.5963883168696,39,26.35474904378255,26.0902099609375,26.78420829772949,0.168773991678418,6942.75238091089,0,1,0,8.063647522229534,-12.42643564043388,2716.16865353468,0.0,0,,6.583333492279053,1,1,11.965560914818768,0.9676361527202963,2,6,11,27,6,0.0008642105710837
14,sierra_leone,694033,Moyamba,1955,0.21740323908866319,0.1380730167444414,0.052429316497392256,3643,88.19121790072813,Freetown,37.47709359567119,51.92307692307692,6.0,172.0,39,2860.358974358974,2380.0,3193.0,197.5963883168696,39,26.35474904378255,26.0902099609375,26.78420829772949,0.168773991678418,6942.75238091089,0,1,0,8.063647522229534,-12.42643564043388,2716.16865353468,0.0,0,,6.583333492279053,1,1,11.965560914818768,0.9676361527202963,2,6,11,27,6,0.0008642105710837
14,sierra_leone,694033,Moyamba,1945,0.15250544662309368,0.09673202614379085,0.03572984749455338,2295,88.19121790072813,Freetown,37.47709359567119,51.92307692307692,6.0,172.0,39,2860.358974358974,2380.0,3193.0,197.5963883168696,39,26.35474904378255,26.0902099609375,26.78420829772949,0.168773991678418,6942.75238091089,0,1,0,8.063647522229534,-12.42643564043388,2716.16865353468,0.0,0,,6.583333492279053,1,1,11.965560914818768,0.9676361527202963,2,6,11,27,6,0.0008642105710837
14,sierra_leone,694033,Moyamba,1935,0.10328638497652583,0.05712050078247261,0.02112676056338028,1278,88.19121790072813,Freetown,37.47709359567119,51.92307692307692,6.0,172.0,39,2860.358974358974,2380.0,3193.0,197.5963883168696,39,26.35474904378255,26.0902099609375,26.78420829772949,0.168773991678418,6942.75238091089,0,1,0,8.063647522229534,-12.42643564043388,2716.16865353468,0.0,0,,6.583333492279053,1,1,11.965560914818768,0.9676361527202963,2,6,11,27,6,0.0008642105710837
14,sierra_leone,694033,Moyamba,1925,0.07389162561576355,0.0361247947454844,0.009852216748768473,609,88.19121790072813,Freetown,37.47709359567119,51.92307692307692,6.0,172.0,39,2860.358974358974,2380.0,3193.0,197.5963883168696,39,26.35474904378255,26.0902099609375,26.78420829772949,0.168773991678418,6942.75238091089,0,1,0,8.063647522229534,-12.42643564043388,2716.16865353468,0.0,0,,6.583333492279053,1,1,11.965560914818768,0.9676361527202963,2,6,11,27,6,0.0008642105710837
14,sierra_leone,694033,Moyamba,1915,0.03398058252427184,0.019417475728155338,0.009708737864077669,206,88.19121790072813,Freetown,37.47709359567119,51.92307692307692,6.0,172.0,39,2860.358974358974,2380.0,3193.0,197.5963883168696,39,26.35474904378255,26.0902099609375,26.78420829772949,0.168773991678418,6942.75238091089,0,1,0,8.063647522229534,-12.42643564043388,2716.16865353468,0.0,0,,6.583333492279053,1,1,11.965560914818768,0.9676361527202963,2,6,11,27,6,0.0008642105710837
14,sierra_leone,694034,Pujehun,1975,0.21355775169857938,0.11550339715873996,0.03150092649783817,6476,141.3635440544864,Monrovia,45.55106374481307,61.15384615384615,8.0,161.0,26,3261.846153846154,2616.0,4084.0,437.1833528665846,26,26.54590621361365,25.919584274291992,27.09355735778809,0.3438570926135508,4182.929089670831,0,1,1,7.309790972713413,-11.572511950499452,2588.6222499631485,0.0,0,,,0,1,14.934276114595365,0.5192975328100282,1,2,7,15,2,0.0004781338524094
14,sierra_leone,694034,Pujehun,1965,0.21104294478527608,0.1361963190184049,0.04343558282208589,4075,141.3635440544864,Monrovia,45.55106374481307,61.15384615384615,8.0,161.0,26,3261.846153846154,2616.0,4084.0,437.1833528665846,26,26.54590621361365,25.919584274291992,27.09355735778809,0.3438570926135508,4182.929089670831,0,1,1,7.309790972713413,-11.572511950499452,2588.6222499631485,0.0,0,,,0,1,14.934276114595365,0.5192975328100282,1,2,7,15,2,0.0004781338524094
14,sierra_leone,694034,Pujehun,1955,0.1838145587637251,0.12322082147214315,0.045953639690931275,2459,141.3635440544864,Monrovia,45.55106374481307,61.15384615384615,8.0,161.0,26,3261.846153846154,2616.0,4084.0,437.1833528665846,26,26.54590621361365,25.919584274291992,27.09355735778809,0.3438570926135508,4182.929089670831,0,1,1,7.309790972713413,-11.572511950499452,2588.6222499631485,0.0,0,,,0,1,14.934276114595365,0.5192975328100282,1,2,7,15,2,0.0004781338524094
14,sierra_leone,694034,Pujehun,1945,0.12364425162689804,0.08098336948662328,0.03181489515545915,1383,141.3635440544864,Monrovia,45.55106374481307,61.15384615384615,8.0,161.0,26,3261.846153846154,2616.0,4084.0,437.1833528665846,26,26.54590621361365,25.919584274291992,27.09355735778809,0.3438570926135508,4182.929089670831,0,1,1,7.309790972713413,-11.572511950499452,2588.6222499631485,0.0,0,,,0,1,14.934276114595365,0.5192975328100282,1,2,7,15,2,0.0004781338524094
14,sierra_leone,694034,Pujehun,1935,0.0835214446952596,0.05304740406320542,0.028216704288939052,886,141.3635440544864,Monrovia,45.55106374481307,61.15384615384615,8.0,161.0,26,3261.846153846154,2616.0,4084.0,437.1833528665846,26,26.54590621361365,25.919584274291992,27.09355735778809,0.3438570926135508,4182.929089670831,0,1,1,7.309790972713413,-11.572511950499452,2588.6222499631485,0.0,0,,,0,1,14.934276114595365,0.5192975328100282,1,2,7,15,2,0.0004781338524094
14,sierra_leone,694034,Pujehun,1925,0.04090909090909091,0.013636363636363636,0.0022727272727272726,440,141.3635440544864,Monrovia,45.55106374481307,61.15384615384615,8.0,161.0,26,3261.846153846154,2616.0,4084.0,437.1833528665846,26,26.54590621361365,25.919584274291992,27.09355735778809,0.3438570926135508,4182.929089670831,0,1,1,7.309790972713413,-11.572511950499452,2588.6222499631485,0.0,0,,,0,1,14.934276114595365,0.5192975328100282,1,2,7,15,2,0.0004781338524094
14,sierra_leone,694034,Pujehun,1915,0.02631578947368421,0.008771929824561403,0.0,114,141.3635440544864,Monrovia,45.55106374481307,61.15384615384615,8.0,161.0,26,3261.846153846154,2616.0,4084.0,437.1833528665846,26,26.54590621361365,25.919584274291992,27.09355735778809,0.3438570926135508,4182.929089670831,0,1,1,7.309790972713413,-11.572511950499452,2588.6222499631485,0.0,0,,,0,1,14.934276114595365,0.5192975328100282,1,2,7,15,2,0.0004781338524094
14,sierra_leone,694041,Western Rural,1975,0.46344765342960287,0.27842960288808666,0.0703971119133574,2216,9.898386759449622,Freetown,70.8093156560171,83.57142857142857,9.0,226.0,7,3028.285714285714,2922.0,3116.0,66.75908560041908,7,26.02128028869629,25.64441680908203,26.268415451049805,0.2658810659192957,618.5675528774505,0,1,0,8.322890575129966,-13.1008716820635,2897.22154405382,0.0,0,5.936170101165772,7.270588397979736,1,1,4.313423643327164,0.9886556633680068,11,12,15,17,2,0.0032332766093152
14,sierra_leone,694041,Western Rural,1965,0.44494047619047616,0.27380952380952384,0.0662202380952381,1344,9.898386759449622,Freetown,70.8093156560171,83.57142857142857,9.0,226.0,7,3028.285714285714,2922.0,3116.0,66.75908560041908,7,26.02128028869629,25.64441680908203,26.268415451049805,0.2658810659192957,618.5675528774505,0,1,0,8.322890575129966,-13.1008716820635,2897.22154405382,0.0,0,5.936170101165772,7.270588397979736,1,1,4.313423643327164,0.9886556633680068,11,12,15,17,2,0.0032332766093152
14,sierra_leone,694041,Western Rural,1955,0.451145958986731,0.27261761158021713,0.08685162846803378,829,9.898386759449622,Freetown,70.8093156560171,83.57142857142857,9.0,226.0,7,3028.285714285714,2922.0,3116.0,66.75908560041908,7,26.02128028869629,25.64441680908203,26.268415451049805,0.2658810659192957,618.5675528774505,0,1,0,8.322890575129966,-13.1008716820635,2897.22154405382,0.0,0,5.936170101165772,7.270588397979736,1,1,4.313423643327164,0.9886556633680068,11,12,15,17,2,0.0032332766093152
14,sierra_leone,694041,Western Rural,1945,0.35947712418300654,0.21568627450980393,0.08278867102396514,459,9.898386759449622,Freetown,70.8093156560171,83.57142857142857,9.0,226.0,7,3028.285714285714,2922.0,3116.0,66.75908560041908,7,26.02128028869629,25.64441680908203,26.268415451049805,0.2658810659192957,618.5675528774505,0,1,0,8.322890575129966,-13.1008716820635,2897.22154405382,0.0,0,5.936170101165772,7.270588397979736,1,1,4.313423643327164,0.9886556633680068,11,12,15,17,2,0.0032332766093152
14,sierra_leone,694041,Western Rural,1935,0.28735632183908044,0.15708812260536398,0.04597701149425287,261,9.898386759449622,Freetown,70.8093156560171,83.57142857142857,9.0,226.0,7,3028.285714285714,2922.0,3116.0,66.75908560041908,7,26.02128028869629,25.64441680908203,26.268415451049805,0.2658810659192957,618.5675528774505,0,1,0,8.322890575129966,-13.1008716820635,2897.22154405382,0.0,0,5.936170101165772,7.270588397979736,1,1,4.313423643327164,0.9886556633680068,11,12,15,17,2,0.0032332766093152
14,sierra_leone,694041,Western Rural,1925,0.21739130434782608,0.14130434782608695,0.010869565217391304,92,9.898386759449622,Freetown,70.8093156560171,83.57142857142857,9.0,226.0,7,3028.285714285714,2922.0,3116.0,66.75908560041908,7,26.02128028869629,25.64441680908203,26.268415451049805,0.2658810659192957,618.5675528774505,0,1,0,8.322890575129966,-13.1008716820635,2897.22154405382,0.0,0,5.936170101165772,7.270588397979736,1,1,4.313423643327164,0.9886556633680068,11,12,15,17,2,0.0032332766093152
14,sierra_leone,694041,Western Rural,1915,0.11764705882352941,0.058823529411764705,0.058823529411764705,17,9.898386759449622,Freetown,70.8093156560171,83.57142857142857,9.0,226.0,7,3028.285714285714,2922.0,3116.0,66.75908560041908,7,26.02128028869629,25.64441680908203,26.268415451049805,0.2658810659192957,618.5675528774505,0,1,0,8.322890575129966,-13.1008716820635,2897.22154405382,0.0,0,5.936170101165772,7.270588397979736,1,1,4.313423643327164,0.9886556633680068,11,12,15,17,2,0.0032332766093152
14,sierra_leone,694042,Western Urban,1975,0.7115977463590943,0.49739555650047834,0.13989582226001915,9407,9.27766397423014,Freetown,92.2400250554076,99.33333333333331,9.0,226.0,3,3001.333333333333,2932.0,3097.0,69.88721072000386,3,26.19259770711263,25.696352005004883,26.63591194152832,0.3853954884565619,84.37079497049345,0,1,0,8.465276736064709,-13.1988442672147,,0.0,0,14.08450698852539,22.182796478271484,1,1,5.88234109711573,1.0,10,12,15,17,1,0.0118524425466149
14,sierra_leone,694042,Western Urban,1965,0.7178894261088922,0.5099852848433887,0.13706117300819845,4757,9.27766397423014,Freetown,92.2400250554076,99.33333333333331,9.0,226.0,3,3001.333333333333,2932.0,3097.0,69.88721072000386,3,26.19259770711263,25.696352005004883,26.63591194152832,0.3853954884565619,84.37079497049345,0,1,0,8.465276736064709,-13.1988442672147,,0.0,0,14.08450698852539,22.182796478271484,1,1,5.88234109711573,1.0,10,12,15,17,1,0.0118524425466149
14,sierra_leone,694042,Western Urban,1955,0.6983935742971887,0.5461847389558233,0.1895582329317269,2490,9.27766397423014,Freetown,92.2400250554076,99.33333333333331,9.0,226.0,3,3001.333333333333,2932.0,3097.0,69.88721072000386,3,26.19259770711263,25.696352005004883,26.63591194152832,0.3853954884565619,84.37079497049345,0,1,0,8.465276736064709,-13.1988442672147,,0.0,0,14.08450698852539,22.182796478271484,1,1,5.88234109711573,1.0,10,12,15,17,1,0.0118524425466149
14,sierra_leone,694042,Western Urban,1945,0.6421780466724287,0.4822817631806396,0.18496110630942092,1157,9.27766397423014,Freetown,92.2400250554076,99.33333333333331,9.0,226.0,3,3001.333333333333,2932.0,3097.0,69.88721072000386,3,26.19259770711263,25.696352005004883,26.63591194152832,0.3853954884565619,84.37079497049345,0,1,0,8.465276736064709,-13.1988442672147,,0.0,0,14.08450698852539,22.182796478271484,1,1,5.88234109711573,1.0,10,12,15,17,1,0.0118524425466149
14,sierra_leone,694042,Western Urban,1935,0.5879017013232514,0.4064272211720227,0.16446124763705103,529,9.27766397423014,Freetown,92.2400250554076,99.33333333333331,9.0,226.0,3,3001.333333333333,2932.0,3097.0,69.88721072000386,3,26.19259770711263,25.696352005004883,26.63591194152832,0.3853954884565619,84.37079497049345,0,1,0,8.465276736064709,-13.1988442672147,,0.0,0,14.08450698852539,22.182796478271484,1,1,5.88234109711573,1.0,10,12,15,17,1,0.0118524425466149
14,sierra_leone,694042,Western Urban,1925,0.6292682926829268,0.44878048780487806,0.13170731707317074,205,9.27766397423014,Freetown,92.2400250554076,99.33333333333331,9.0,226.0,3,3001.333333333333,2932.0,3097.0,69.88721072000386,3,26.19259770711263,25.696352005004883,26.63591194152832,0.3853954884565619,84.37079497049345,0,1,0,8.465276736064709,-13.1988442672147,,0.0,0,14.08450698852539,22.182796478271484,1,1,5.88234109711573,1.0,10,12,15,17,1,0.0118524425466149
14,sierra_leone,694042,Western Urban,1915,0.39473684210526316,0.23684210526315788,0.15789473684210525,38,9.27766397423014,Freetown,92.2400250554076,99.33333333333331,9.0,226.0,3,3001.333333333333,2932.0,3097.0,69.88721072000386,3,26.19259770711263,25.696352005004883,26.63591194152832,0.3853954884565619,84.37079497049345,0,1,0,8.465276736064709,-13.1988442672147,,0.0,0,14.08450698852539,22.182796478271484,1,1,5.88234109711573,1.0,10,12,15,17,1,0.0118524425466149
15,tanzania,834001,Dodoma,1915,0.01310600752854092,0.0014192184189502446,0.0,3106,340.5525016683748,Pangani,218.4366956571488,1149.6645569620252,698.0,1679.0,158,636.7215189873418,458.0,1049.0,104.45372504690148,158,21.843387374395057,17.871623992919922,24.193960189819336,1.2400112781311297,41937.5619822041,0,0,0,-5.92479475111952,35.92204314702787,4050.859669157264,0.0,0,12.236363410949709,13.62306022644043,1,1,21.82035039564233,0.295315258937368,1,3,4,6,7,0.0001669148054665
15,tanzania,834002,"Arusha, Manyara",1915,0.014826239538128949,0.0013375707703066474,0.0,2414,301.36744950981654,Nairobi,356.1814594700352,1336.4309210526317,590.0,2662.0,304,687.2894736842105,357.0,1236.0,126.25781015857508,304,20.479163605915872,12.240188598632812,25.14410400390625,1.9134459050838852,82592.5539538104,0,0,1,-3.83930157928428,36.28253260267816,4085.3247409964206,0.0,0,10.098557472229004,9.829545021057127,1,1,56.528088502567,0.07737522108327,0,0,4,5,5,6.053814491311422e-05
15,tanzania,834003,Kilimanjaro,1915,0.06696431025091332,0.00913353491868944,0.0009826635243804403,3196,220.30920406196623,Tanga,599.812718688652,1077.5409836065571,531.0,3857.0,61,810.1147540983607,465.0,1448.0,237.58084721341584,61,21.348072216159007,6.293041706085205,24.12624931335449,3.319553739000724,12988.933930737858,0,0,1,-3.761615299173156,37.64170400143025,3959.13310352856,0.0,0,6.584064483642578,7.160439491271973,1,1,10.77336105962135,0.8023781422665952,4,11,20,33,25,0.0019247153102256
15,tanzania,834004,Tanga,1915,0.062057973370371756,0.012919722299716845,0.00046821048509054005,3487,85.22854142554147,Pangani,372.0589867034216,561.9636363636364,7.0,1679.0,110,910.6636363636364,532.0,1287.0,180.55572180821616,110,23.309960434653544,16.287521362304688,27.360658645629883,2.205643598924573,27998.61698475743,0,1,1,-5.216161853245637,38.27970682201735,3971.067973122668,0.0,0,7.516178607940674,9.99787712097168,1,1,13.251941858464718,0.4934416891412207,2,4,10,15,16,0.0005714567976236
15,tanzania,834005,Morogoro,1915,0.03749008549167996,0.005046072595132046,0.0,2541,270.9709643811316,Dar es Salaam,347.5470233060038,571.8880308880309,70.0,1692.0,259,1249.7297297297298,645.0,1829.0,242.7095208473816,259,23.594662544810173,17.871623992919922,27.129228591918945,2.066976011494222,70134.2718207277,0,0,0,-7.91667651385252,36.98937596410187,3832.3976765116095,0.0,0,8.694942474365234,10.700475692749023,1,1,3.8958447737375863,0.3012721154470392,1,2,2,3,16,0.0002281338293623
15,tanzania,834006,Pwani,1915,0.018252652972363642,0.0006651869219681155,0.0,4140,76.5937782679334,Dar es Salaam,122.34410670434684,139.85507246376812,3.0,624.0,138,1074.4420289855072,877.0,1651.0,136.72950224545184,138,25.914844623510387,23.071853637695312,27.27833366394043,0.8207795065694586,32496.064667689418,0,1,0,-7.266348006450519,38.65963106999668,3710.452406825058,0.0,0,6.288888931274414,8.407812118530273,1,1,13.206240945222724,0.2461794923514966,1,1,1,11,4,0.0001230918279153
15,tanzania,834007,Dar es Salaam,1915,0.02539021852237253,0.001968084786439944,0.0,573,12.971992488539517,Dar es Salaam,44.38688494989884,52.266666666666666,4.0,147.0,15,1133.0,953.0,1246.0,71.85448257879717,15,25.95808194478353,25.37700080871582,26.34070587158203,0.2881871849310927,1636.4781762150033,0,1,0,-6.886696542821412,39.2628079019184,3582.266884251645,0.0,0,22.34964942932129,27.576068878173828,1,1,8.367861701979994,0.8705223548692761,2,4,6,9,4,0.0024442733536792
15,tanzania,834008,Lindi,1915,0.01437810499462141,0.0027698581878042943,0.0,3123,137.06733859373875,Masoko (Kilwa),189.74208558924863,351.8247863247863,8.0,843.0,234,1001.6923076923076,848.0,1250.0,92.98901336983349,234,24.70078761761005,22.10643768310547,26.836111068725582,1.0160803737844468,64882.26558000169,0,1,0,-9.47807711666988,38.40194411955447,3521.6511233647666,0.0,0,5.69767427444458,6.963730335235596,0,1,135.50641833724166,0.082210490720674,0,0,0,0,3,4.6237596255033904e-05
15,tanzania,834009,Mtwara,1915,0.03514024836497092,0.007322135440694197,0.0,2357,210.8898015567468,Masoko (Kilwa),148.65350330589277,268.98765432098764,8.0,708.0,81,1021.7037037037036,913.0,1212.0,75.2838979790802,81,25.21151257738655,22.637582778930664,26.595977783203125,0.8670145601400897,17845.48938162003,1,1,1,-10.775941552137732,39.11445788065552,4092.6742023218458,0.0,0,7.838461399078369,10.147541046142578,0,1,8.913728975713678,0.451474306476256,3,7,8,8,8,0.0004482925533126
15,tanzania,834010,Ruvuma,1915,0.04293026967120602,0.008702487290585604,0.0,1945,329.29989729609093,Bagamoyo (Rungwe),242.63704417730733,732.7307692307693,265.0,1591.0,234,1199.8461538461538,939.0,1682.0,141.28153473775924,234,22.61608948666825,17.72704315185547,26.21931266784668,1.7381177728306778,62860.44623695029,1,0,1,-10.724968025534004,36.25204483292087,4005.367244239189,0.0,0,7.423357486724853,9.701986312866213,0,1,67.61478046197028,0.1344848765595176,0,0,1,2,6,9.5449529221972e-05
15,tanzania,834011,"Iringa, Njombe",1915,0.024791662435473507,0.0009127881155140641,0.0,2397,194.89868322456445,Bagamoyo (Rungwe),453.8835380605727,1300.457399103139,283.0,2569.0,223,1024.0313901345291,449.0,2111.0,361.3062796495669,223,20.170510651284804,12.932812690734863,25.366437911987305,2.612534209380722,57748.59621538842,0,0,0,-8.406875858570324,35.19485687781086,4098.6346530272,0.0,0,9.259414672851562,10.667630195617676,0,1,50.733410827828585,0.3307921967389796,0,0,5,8,17,0.0002943794501357
15,tanzania,834012,Mbeya,1915,0.01822941932496757,0.0032406441431097823,0.0011728651961711626,2980,118.58697646034835,Bagamoyo (Rungwe),287.51192859089343,1281.6216216216217,485.0,2569.0,222,984.027027027027,640.0,2313.0,268.21406199773264,222,21.255869444426114,12.932812690734863,24.688188552856445,1.845763487046904,61101.897182427056,0,0,1,-8.22473325633618,33.3601549392031,4066.818428889593,0.0,0,9.498154640197754,9.837475776672363,0,1,48.62454121404765,0.2762693494887812,0,1,2,4,21,0.0003436881826648
15,tanzania,834013,Singida,1915,0.015019059607090308,0.0,0.0,2691,202.9593144124726,Tabora,177.36333812311238,1259.7431693989072,824.0,1656.0,183,652.3005464480874,523.0,814.0,56.568661792278185,183,21.80381192275084,18.96812438964844,24.01247978210449,1.0745948258963365,48522.91036779486,0,0,0,-5.744374502304628,34.495691261197365,4085.039723945792,0.0,0,9.47826099395752,9.644808769226074,1,1,115.61754368163189,0.0787784924509921,0,0,0,0,2,4.121764306469592e-05
15,tanzania,834014,Tabora,1915,0.04099054570607805,0.008023545829106905,0.0003080022953914081,2400,25.758542006352556,Tabora,87.27096615436882,1171.9242424242425,1042.0,1529.0,264,875.5530303030303,646.0,1075.0,116.03319237718794,264,23.12003270062533,20.631250381469727,24.13921165466309,0.6217057665205177,75500.42826178324,0,0,0,-5.262611219466378,32.8193206209496,4512.357440591531,0.0,0,10.779279708862305,9.229426383972168,1,1,20.15504188791737,0.2144366883098698,2,5,7,10,12,0.0001589394957918
15,tanzania,834015,"Katavi, Rukwa",1915,0.025543475549213414,0.0030926257631775462,0.0,1334,269.98209269313475,Tabora,290.38423961409666,1191.5652173913045,767.0,2054.0,276,980.9021739130436,840.0,1212.0,86.17933691562109,276,22.99809084076812,16.930936813354492,27.596620559692383,2.124000241049042,75586.08907648227,0,0,1,-6.952748736208695,31.31537933699648,4151.020568368143,0.0,1,7.977272510528564,9.267605781555176,1,1,39.68634890832376,0.2133227784784004,0,1,1,6,9,0.0001190695286654
15,tanzania,834016,Kigoma,1915,0.017661784179336462,0.0019581081293367844,0.0,2001,268.4819538738862,Tabora,204.69502794543715,1103.4885057471265,767.0,1578.0,174,1062.0,903.0,1367.0,84.2554954038437,174,22.091702362586712,19.22247886657715,25.2572078704834,1.256877301151604,44740.71827419318,0,0,1,-4.78619989980952,30.397240008377683,4040.8204457523257,0.0,0,7.890625,9.44252872467041,1,1,39.9841209526216,0.1317761793689671,0,2,3,3,3,6.705301380309873e-05
15,tanzania,834019,"Geita, Kagera, Mwanza, Shinyanga, Simiyu",1915,0.022364725550650055,0.0032681858997587695,2.2361609588658192e-05,9585,237.53428683063424,Tabora,146.73130358876674,1259.6987012987013,1043.0,1805.0,385,956.4415584415584,609.0,1971.0,222.39027900286885,385,21.856713272689223,18.375810623168945,24.13921165466309,1.2463828454968895,98395.69449879536,1,0,1,-2.905519672676864,32.598094495431084,4021.832117442256,0.0,1,9.628944396972656,10.173187255859377,1,1,40.42059816337851,0.299147641805575,0,1,4,6,22,0.0002235870188432
15,tanzania,834020,Mara,1915,0.02903550607760267,0.005523132556233475,0.0014713974435455787,1934,278.6857124183494,Nairobi,197.04117807027367,1358.8539325842696,1134.0,1883.0,89,988.4606741573034,760.0,1436.0,139.75548922344638,89,21.497346792328223,17.977415084838867,23.09195709228516,1.3338267615512849,21139.108024833964,0,0,1,-1.8524449943067256,34.397441672183575,4074.373973632813,0.0,1,6.670731544494629,8.755905151367188,0,1,49.41537639138389,0.2383871127300015,0,1,2,3,3,0.0001419170570714
15,tanzania,834051,Zanzibar North,1915,0.02984347135756419,0.0027026948143867423,0.0,490,22.58775342394278,Zanzibar,9.190877119308158,32.166666666666664,21.0,47.0,6,1655.6666666666667,1619.0,1697.0,25.66233729720572,6,26.217597325642902,26.058135986328125,26.371862411499023,0.1194082761319511,460.7110611263976,0,1,0,-5.919809418832426,39.28512551475673,3513.460286458333,0.0,0,6.104477405548096,9.291666984558104,0,0,26.877383836471967,0.383800366685177,0,3,4,12,0,0.0
15,tanzania,834052,Zanzibar South,1915,0.024510794741639367,0.0022806060767854896,0.0,513,26.309799129788534,Zanzibar,11.026343315604691,20.444444444444443,6.0,47.0,9,1499.3333333333333,1387.0,1665.0,87.65842800324451,9,26.093603981865776,25.903940200805664,26.56666755676269,0.1859670319163224,889.8607895437433,0,1,0,-6.241587373985173,39.42177836493816,3562.7869669596357,0.0,0,5.739837169647217,6.802469253540039,0,0,24.0441881101656,0.5381757494387728,1,3,7,8,0,0.0
15,tanzania,834053,Zanzibar Town/West,1915,0.14392748969506503,0.033795632073967796,0.0,139,7.108408766181701,Zanzibar,14.972892172189043,22.75,6.0,47.0,4,1487.5,1387.0,1665.0,107.39995344505508,4,26.19031143188477,25.903940200805664,26.56666755676269,0.2436698082182006,249.92949231072757,0,1,0,-6.171853561087508,39.24710706298553,3594.9219970703125,0.0,0,15.852631568908691,16.917160034179688,0,1,3.248172215641085,0.9878432898532274,3,4,7,9,1,0.0040011284412835
15,tanzania,834054,Pemba North,1915,0.021766673320650028,0.003874247862238101,0.0,442,73.49581601170716,Tanga,10.469449603489192,12.125,0.0,30.0,8,1454.0,1183.0,1621.0,156.55190832436378,8,25.676469564437863,25.42853736877441,25.91927146911621,0.1446035905487015,553.7777110960293,0,1,0,-5.041635232067668,39.76796734443603,3867.304402669271,0.0,0,6.28125,6.620689868927002,0,1,5.439469476792691,0.9884043266592104,3,4,4,7,1,0.00180577870861
15,tanzania,834055,Pemba South,1915,0.03773180711363101,0.009365114502181504,0.0,482,74.44383810796502,Tanga,8.881941729649485,18.33333333333333,7.0,30.0,6,1575.5,1183.0,1817.0,202.606967632738,6,25.608811378479004,25.42853736877441,25.7833309173584,0.1232018898981163,498.4724638683924,0,1,0,-5.322612952658151,39.74101711461534,3566.061593191964,0.0,0,6.6626505851745605,7.103448390960693,0,1,5.123176306894114,0.9878348853679556,3,4,4,7,3,0.0060183866059892
15,tanzania,834001,Dodoma,1925,0.03382469761153793,0.004779089188609468,8.649076713850822e-05,8296,340.5525016683748,Pangani,218.4366956571488,1149.6645569620252,698.0,1679.0,158,636.7215189873418,458.0,1049.0,104.45372504690148,158,21.843387374395057,17.871623992919922,24.193960189819336,1.2400112781311297,41937.5619822041,0,0,0,-5.92479475111952,35.92204314702787,4050.859669157264,0.0,0,12.236363410949709,13.62306022644043,1,1,21.82035039564233,0.295315258937368,1,3,4,6,7,0.0001669148054665
15,tanzania,834002,"Arusha, Manyara",1925,0.032125353136785044,0.00627476584903772,0.0005054931842778188,6264,301.36744950981654,Nairobi,356.1814594700352,1336.4309210526317,590.0,2662.0,304,687.2894736842105,357.0,1236.0,126.25781015857508,304,20.479163605915872,12.240188598632812,25.14410400390625,1.9134459050838852,82592.5539538104,0,0,1,-3.83930157928428,36.28253260267816,4085.3247409964206,0.0,0,10.098557472229004,9.829545021057127,1,1,56.528088502567,0.07737522108327,0,0,4,5,5,6.053814491311422e-05
15,tanzania,834003,Kilimanjaro,1925,0.13626719598127396,0.021830368400506464,0.0016790921252713917,7844,220.30920406196623,Tanga,599.812718688652,1077.5409836065571,531.0,3857.0,61,810.1147540983607,465.0,1448.0,237.58084721341584,61,21.348072216159007,6.293041706085205,24.12624931335449,3.319553739000724,12988.933930737858,0,0,1,-3.761615299173156,37.64170400143025,3959.13310352856,0.0,0,6.584064483642578,7.160439491271973,1,1,10.77336105962135,0.8023781422665952,4,11,20,33,25,0.0019247153102256
15,tanzania,834004,Tanga,1925,0.1185644740328878,0.025320755458654382,0.0008374104795591463,8223,85.22854142554147,Pangani,372.0589867034216,561.9636363636364,7.0,1679.0,110,910.6636363636364,532.0,1287.0,180.55572180821616,110,23.309960434653544,16.287521362304688,27.360658645629883,2.205643598924573,27998.61698475743,0,1,1,-5.216161853245637,38.27970682201735,3971.067973122668,0.0,0,7.516178607940674,9.99787712097168,1,1,13.251941858464718,0.4934416891412207,2,4,10,15,16,0.0005714567976236
15,tanzania,834005,Morogoro,1925,0.06343922746951759,0.008769329101629681,0.0005380447864361226,6701,270.9709643811316,Dar es Salaam,347.5470233060038,571.8880308880309,70.0,1692.0,259,1249.7297297297298,645.0,1829.0,242.7095208473816,259,23.594662544810173,17.871623992919922,27.129228591918945,2.066976011494222,70134.2718207277,0,0,0,-7.91667651385252,36.98937596410187,3832.3976765116095,0.0,0,8.694942474365234,10.700475692749023,1,1,3.8958447737375863,0.3012721154470392,1,2,2,3,16,0.0002281338293623
15,tanzania,834006,Pwani,1925,0.03744353752278311,0.0044077796352890225,0.0005393670705072214,8827,76.5937782679334,Dar es Salaam,122.34410670434684,139.85507246376812,3.0,624.0,138,1074.4420289855072,877.0,1651.0,136.72950224545184,138,25.914844623510387,23.071853637695312,27.27833366394043,0.8207795065694586,32496.064667689418,0,1,0,-7.266348006450519,38.65963106999668,3710.452406825058,0.0,0,6.288888931274414,8.407812118530273,1,1,13.206240945222724,0.2461794923514966,1,1,1,11,4,0.0001230918279153
15,tanzania,834007,Dar es Salaam,1925,0.07712308817668248,0.015193282138940176,0.0068558823613342505,1389,12.971992488539517,Dar es Salaam,44.38688494989884,52.266666666666666,4.0,147.0,15,1133.0,953.0,1246.0,71.85448257879717,15,25.95808194478353,25.37700080871582,26.34070587158203,0.2881871849310927,1636.4781762150033,0,1,0,-6.886696542821412,39.2628079019184,3582.266884251645,0.0,0,22.34964942932129,27.576068878173828,1,1,8.367861701979994,0.8705223548692761,2,4,6,9,4,0.0024442733536792
15,tanzania,834008,Lindi,1925,0.03953628597374265,0.007389533138715043,0.0008624256460132292,6898,137.06733859373875,Masoko (Kilwa),189.74208558924863,351.8247863247863,8.0,843.0,234,1001.6923076923076,848.0,1250.0,92.98901336983349,234,24.70078761761005,22.10643768310547,26.836111068725582,1.0160803737844468,64882.26558000169,0,1,0,-9.47807711666988,38.40194411955447,3521.6511233647666,0.0,0,5.69767427444458,6.963730335235596,0,1,135.50641833724166,0.082210490720674,0,0,0,0,3,4.6237596255033904e-05
15,tanzania,834009,Mtwara,1925,0.04737800543688602,0.008189714324483103,0.00019752271665435684,6812,210.8898015567468,Masoko (Kilwa),148.65350330589277,268.98765432098764,8.0,708.0,81,1021.7037037037036,913.0,1212.0,75.2838979790802,81,25.21151257738655,22.637582778930664,26.595977783203125,0.8670145601400897,17845.48938162003,1,1,1,-10.775941552137732,39.11445788065552,4092.6742023218458,0.0,0,7.838461399078369,10.147541046142578,0,1,8.913728975713678,0.451474306476256,3,7,8,8,8,0.0004482925533126
15,tanzania,834010,Ruvuma,1925,0.07694779621156189,0.019260175172064027,0.001373819338942011,5109,329.29989729609093,Bagamoyo (Rungwe),242.63704417730733,732.7307692307693,265.0,1591.0,234,1199.8461538461538,939.0,1682.0,141.28153473775924,234,22.61608948666825,17.72704315185547,26.21931266784668,1.7381177728306778,62860.44623695029,1,0,1,-10.724968025534004,36.25204483292087,4005.367244239189,0.0,0,7.423357486724853,9.701986312866213,0,1,67.61478046197028,0.1344848765595176,0,0,1,2,6,9.5449529221972e-05
15,tanzania,834011,"Iringa, Njombe",1925,0.04213639608329488,0.007406162273111829,0.0005957617097369635,6555,194.89868322456445,Bagamoyo (Rungwe),453.8835380605727,1300.457399103139,283.0,2569.0,223,1024.0313901345291,449.0,2111.0,361.3062796495669,223,20.170510651284804,12.932812690734863,25.366437911987305,2.612534209380722,57748.59621538842,0,0,0,-8.406875858570324,35.19485687781086,4098.6346530272,0.0,0,9.259414672851562,10.667630195617676,0,1,50.733410827828585,0.3307921967389796,0,0,5,8,17,0.0002943794501357
15,tanzania,834012,Mbeya,1925,0.049111813256449775,0.008099748013863982,0.0008580270258180738,7883,118.58697646034835,Bagamoyo (Rungwe),287.51192859089343,1281.6216216216217,485.0,2569.0,222,984.027027027027,640.0,2313.0,268.21406199773264,222,21.255869444426114,12.932812690734863,24.688188552856445,1.845763487046904,61101.897182427056,0,0,1,-8.22473325633618,33.3601549392031,4066.818428889593,0.0,0,9.498154640197754,9.837475776672363,0,1,48.62454121404765,0.2762693494887812,0,1,2,4,21,0.0003436881826648
15,tanzania,834013,Singida,1925,0.04252585411111996,0.004949338281578253,0.00021960960721744007,6933,202.9593144124726,Tabora,177.36333812311238,1259.7431693989072,824.0,1656.0,183,652.3005464480874,523.0,814.0,56.568661792278185,183,21.80381192275084,18.96812438964844,24.01247978210449,1.0745948258963365,48522.91036779486,0,0,0,-5.744374502304628,34.495691261197365,4085.039723945792,0.0,0,9.47826099395752,9.644808769226074,1,1,115.61754368163189,0.0787784924509921,0,0,0,0,2,4.121764306469592e-05
15,tanzania,834014,Tabora,1925,0.05160696918620145,0.012955778063122774,0.0013344108760283669,5836,25.758542006352556,Tabora,87.27096615436882,1171.9242424242425,1042.0,1529.0,264,875.5530303030303,646.0,1075.0,116.03319237718794,264,23.12003270062533,20.631250381469727,24.13921165466309,0.6217057665205177,75500.42826178324,0,0,0,-5.262611219466378,32.8193206209496,4512.357440591531,0.0,0,10.779279708862305,9.229426383972168,1,1,20.15504188791737,0.2144366883098698,2,5,7,10,12,0.0001589394957918
15,tanzania,834015,"Katavi, Rukwa",1925,0.05213060076946967,0.01280485417443568,0.0006028944254313489,3075,269.98209269313475,Tabora,290.38423961409666,1191.5652173913045,767.0,2054.0,276,980.9021739130436,840.0,1212.0,86.17933691562109,276,22.99809084076812,16.930936813354492,27.596620559692383,2.124000241049042,75586.08907648227,0,0,1,-6.952748736208695,31.31537933699648,4151.020568368143,0.0,1,7.977272510528564,9.267605781555176,1,1,39.68634890832376,0.2133227784784004,0,1,1,6,9,0.0001190695286654
15,tanzania,834016,Kigoma,1925,0.03411272465379239,0.003040669393412537,0.0,5506,268.4819538738862,Tabora,204.69502794543715,1103.4885057471265,767.0,1578.0,174,1062.0,903.0,1367.0,84.2554954038437,174,22.091702362586712,19.22247886657715,25.2572078704834,1.256877301151604,44740.71827419318,0,0,1,-4.78619989980952,30.397240008377683,4040.8204457523257,0.0,0,7.890625,9.44252872467041,1,1,39.9841209526216,0.1317761793689671,0,2,3,3,3,6.705301380309873e-05
15,tanzania,834019,"Geita, Kagera, Mwanza, Shinyanga, Simiyu",1925,0.0504196802824423,0.010396281271599394,0.0009299828586455755,24001,237.53428683063424,Tabora,146.73130358876674,1259.6987012987013,1043.0,1805.0,385,956.4415584415584,609.0,1971.0,222.39027900286885,385,21.856713272689223,18.375810623168945,24.13921165466309,1.2463828454968895,98395.69449879536,1,0,1,-2.905519672676864,32.598094495431084,4021.832117442256,0.0,1,9.628944396972656,10.173187255859377,1,1,40.42059816337851,0.299147641805575,0,1,4,6,22,0.0002235870188432
15,tanzania,834020,Mara,1925,0.07256002366275095,0.011112286413310688,0.0002544529262086514,5340,278.6857124183494,Nairobi,197.04117807027367,1358.8539325842696,1134.0,1883.0,89,988.4606741573034,760.0,1436.0,139.75548922344638,89,21.497346792328223,17.977415084838867,23.09195709228516,1.3338267615512849,21139.108024833964,0,0,1,-1.8524449943067256,34.397441672183575,4074.373973632813,0.0,1,6.670731544494629,8.755905151367188,0,1,49.41537639138389,0.2383871127300015,0,1,2,3,3,0.0001419170570714
15,tanzania,834051,Zanzibar North,1925,0.048239968865633004,0.007520072028723649,0.001190718737838138,1107,22.58775342394278,Zanzibar,9.190877119308158,32.166666666666664,21.0,47.0,6,1655.6666666666667,1619.0,1697.0,25.66233729720572,6,26.217597325642902,26.058135986328125,26.371862411499023,0.1194082761319511,460.7110611263976,0,1,0,-5.919809418832426,39.28512551475673,3513.460286458333,0.0,0,6.104477405548096,9.291666984558104,0,0,26.877383836471967,0.383800366685177,0,3,4,12,0,0.0
15,tanzania,834052,Zanzibar South,1925,0.08927250419500929,0.01643421202990335,0.0,1215,26.309799129788534,Zanzibar,11.026343315604691,20.444444444444443,6.0,47.0,9,1499.3333333333333,1387.0,1665.0,87.65842800324451,9,26.093603981865776,25.903940200805664,26.56666755676269,0.1859670319163224,889.8607895437433,0,1,0,-6.241587373985173,39.42177836493816,3562.7869669596357,0.0,0,5.739837169647217,6.802469253540039,0,0,24.0441881101656,0.5381757494387728,1,3,7,8,0,0.0
15,tanzania,834053,Zanzibar Town/West,1925,0.208946573733738,0.0574628497058988,0.00512961296587206,404,7.108408766181701,Zanzibar,14.972892172189043,22.75,6.0,47.0,4,1487.5,1387.0,1665.0,107.39995344505508,4,26.19031143188477,25.903940200805664,26.56666755676269,0.2436698082182006,249.92949231072757,0,1,0,-6.171853561087508,39.24710706298553,3594.9219970703125,0.0,0,15.852631568908691,16.917160034179688,0,1,3.248172215641085,0.9878432898532274,3,4,7,9,1,0.0040011284412835
15,tanzania,834054,Pemba North,1925,0.05717725768737357,0.007262024268414364,0.0,1128,73.49581601170716,Tanga,10.469449603489192,12.125,0.0,30.0,8,1454.0,1183.0,1621.0,156.55190832436378,8,25.676469564437863,25.42853736877441,25.91927146911621,0.1446035905487015,553.7777110960293,0,1,0,-5.041635232067668,39.76796734443603,3867.304402669271,0.0,0,6.28125,6.620689868927002,0,1,5.439469476792691,0.9884043266592104,3,4,4,7,1,0.00180577870861
15,tanzania,834055,Pemba South,1925,0.04414872107001439,0.00897659378014798,0.0,1261,74.44383810796502,Tanga,8.881941729649485,18.33333333333333,7.0,30.0,6,1575.5,1183.0,1817.0,202.606967632738,6,25.608811378479004,25.42853736877441,25.7833309173584,0.1232018898981163,498.4724638683924,0,1,0,-5.322612952658151,39.74101711461534,3566.061593191964,0.0,0,6.6626505851745605,7.103448390960693,0,1,5.123176306894114,0.9878348853679556,3,4,4,7,3,0.0060183866059892
15,tanzania,834001,Dodoma,1935,0.05586878146232612,0.010371864396473054,0.0008550092271696773,15602,340.5525016683748,Pangani,218.4366956571488,1149.6645569620252,698.0,1679.0,158,636.7215189873418,458.0,1049.0,104.45372504690148,158,21.843387374395057,17.871623992919922,24.193960189819336,1.2400112781311297,41937.5619822041,0,0,0,-5.92479475111952,35.92204314702787,4050.859669157264,0.0,0,12.236363410949709,13.62306022644043,1,1,21.82035039564233,0.295315258937368,1,3,4,6,7,0.0001669148054665
15,tanzania,834002,"Arusha, Manyara",1935,0.07341803909773512,0.01545613436853831,0.0014345578876598288,11563,301.36744950981654,Nairobi,356.1814594700352,1336.4309210526317,590.0,2662.0,304,687.2894736842105,357.0,1236.0,126.25781015857508,304,20.479163605915872,12.240188598632812,25.14410400390625,1.9134459050838852,82592.5539538104,0,0,1,-3.83930157928428,36.28253260267816,4085.3247409964206,0.0,0,10.098557472229004,9.829545021057127,1,1,56.528088502567,0.07737522108327,0,0,4,5,5,6.053814491311422e-05
15,tanzania,834003,Kilimanjaro,1935,0.2566216955066146,0.04357237918877543,0.0065749259921115645,13921,220.30920406196623,Tanga,599.812718688652,1077.5409836065571,531.0,3857.0,61,810.1147540983607,465.0,1448.0,237.58084721341584,61,21.348072216159007,6.293041706085205,24.12624931335449,3.319553739000724,12988.933930737858,0,0,1,-3.761615299173156,37.64170400143025,3959.13310352856,0.0,0,6.584064483642578,7.160439491271973,1,1,10.77336105962135,0.8023781422665952,4,11,20,33,25,0.0019247153102256
15,tanzania,834004,Tanga,1935,0.17237915105528498,0.03108719911114696,0.0030818303110914397,15434,85.22854142554147,Pangani,372.0589867034216,561.9636363636364,7.0,1679.0,110,910.6636363636364,532.0,1287.0,180.55572180821616,110,23.309960434653544,16.287521362304688,27.360658645629883,2.205643598924573,27998.61698475743,0,1,1,-5.216161853245637,38.27970682201735,3971.067973122668,0.0,0,7.516178607940674,9.99787712097168,1,1,13.251941858464718,0.4934416891412207,2,4,10,15,16,0.0005714567976236
15,tanzania,834005,Morogoro,1935,0.10326775260260422,0.017580105502586194,0.0008490757748356128,13104,270.9709643811316,Dar es Salaam,347.5470233060038,571.8880308880309,70.0,1692.0,259,1249.7297297297298,645.0,1829.0,242.7095208473816,259,23.594662544810173,17.871623992919922,27.129228591918945,2.066976011494222,70134.2718207277,0,0,0,-7.91667651385252,36.98937596410187,3832.3976765116095,0.0,0,8.694942474365234,10.700475692749023,1,1,3.8958447737375863,0.3012721154470392,1,2,2,3,16,0.0002281338293623
15,tanzania,834006,Pwani,1935,0.06571487486965635,0.009802837162595751,0.00019989653355423234,14205,76.5937782679334,Dar es Salaam,122.34410670434684,139.85507246376812,3.0,624.0,138,1074.4420289855072,877.0,1651.0,136.72950224545184,138,25.914844623510387,23.071853637695312,27.27833366394043,0.8207795065694586,32496.064667689418,0,1,0,-7.266348006450519,38.65963106999668,3710.452406825058,0.0,0,6.288888931274414,8.407812118530273,1,1,13.206240945222724,0.2461794923514966,1,1,1,11,4,0.0001230918279153
15,tanzania,834007,Dar es Salaam,1935,0.16250143034542353,0.05363304718373666,0.00824211075809968,2128,12.971992488539517,Dar es Salaam,44.38688494989884,52.266666666666666,4.0,147.0,15,1133.0,953.0,1246.0,71.85448257879717,15,25.95808194478353,25.37700080871582,26.34070587158203,0.2881871849310927,1636.4781762150033,0,1,0,-6.886696542821412,39.2628079019184,3582.266884251645,0.0,0,22.34964942932129,27.576068878173828,1,1,8.367861701979994,0.8705223548692761,2,4,6,9,4,0.0024442733536792
15,tanzania,834008,Lindi,1935,0.07134260363272331,0.013010608232063636,0.000916680636257818,13554,137.06733859373875,Masoko (Kilwa),189.74208558924863,351.8247863247863,8.0,843.0,234,1001.6923076923076,848.0,1250.0,92.98901336983349,234,24.70078761761005,22.10643768310547,26.836111068725582,1.0160803737844468,64882.26558000169,0,1,0,-9.47807711666988,38.40194411955447,3521.6511233647666,0.0,0,5.69767427444458,6.963730335235596,0,1,135.50641833724166,0.082210490720674,0,0,0,0,3,4.6237596255033904e-05
15,tanzania,834009,Mtwara,1935,0.08818736706781775,0.015421194259308085,0.0005971764152365235,14922,210.8898015567468,Masoko (Kilwa),148.65350330589277,268.98765432098764,8.0,708.0,81,1021.7037037037036,913.0,1212.0,75.2838979790802,81,25.21151257738655,22.637582778930664,26.595977783203125,0.8670145601400897,17845.48938162003,1,1,1,-10.775941552137732,39.11445788065552,4092.6742023218458,0.0,0,7.838461399078369,10.147541046142578,0,1,8.913728975713678,0.451474306476256,3,7,8,8,8,0.0004482925533126
15,tanzania,834010,Ruvuma,1935,0.1377586451310744,0.03533302518339372,0.004868192012386234,10900,329.29989729609093,Bagamoyo (Rungwe),242.63704417730733,732.7307692307693,265.0,1591.0,234,1199.8461538461538,939.0,1682.0,141.28153473775924,234,22.61608948666825,17.72704315185547,26.21931266784668,1.7381177728306778,62860.44623695029,1,0,1,-10.724968025534004,36.25204483292087,4005.367244239189,0.0,0,7.423357486724853,9.701986312866213,0,1,67.61478046197028,0.1344848765595176,0,0,1,2,6,9.5449529221972e-05
15,tanzania,834011,"Iringa, Njombe",1935,0.08125728803670883,0.01626693542883839,0.0016577166763777997,13841,194.89868322456445,Bagamoyo (Rungwe),453.8835380605727,1300.457399103139,283.0,2569.0,223,1024.0313901345291,449.0,2111.0,361.3062796495669,223,20.170510651284804,12.932812690734863,25.366437911987305,2.612534209380722,57748.59621538842,0,0,0,-8.406875858570324,35.19485687781086,4098.6346530272,0.0,0,9.259414672851562,10.667630195617676,0,1,50.733410827828585,0.3307921967389796,0,0,5,8,17,0.0002943794501357
15,tanzania,834012,Mbeya,1935,0.08696823214922435,0.01695908365773255,0.0011026200832199775,16609,118.58697646034835,Bagamoyo (Rungwe),287.51192859089343,1281.6216216216217,485.0,2569.0,222,984.027027027027,640.0,2313.0,268.21406199773264,222,21.255869444426114,12.932812690734863,24.688188552856445,1.845763487046904,61101.897182427056,0,0,1,-8.22473325633618,33.3601549392031,4066.818428889593,0.0,0,9.498154640197754,9.837475776672363,0,1,48.62454121404765,0.2762693494887812,0,1,2,4,21,0.0003436881826648
15,tanzania,834013,Singida,1935,0.07879483120723084,0.013507068344782698,0.0003348512697375287,13222,202.9593144124726,Tabora,177.36333812311238,1259.7431693989072,824.0,1656.0,183,652.3005464480874,523.0,814.0,56.568661792278185,183,21.80381192275084,18.96812438964844,24.01247978210449,1.0745948258963365,48522.91036779486,0,0,0,-5.744374502304628,34.495691261197365,4085.039723945792,0.0,0,9.47826099395752,9.644808769226074,1,1,115.61754368163189,0.0787784924509921,0,0,0,0,2,4.121764306469592e-05
15,tanzania,834014,Tabora,1935,0.09106065344453598,0.020601905349097553,0.002258777080535081,10224,25.758542006352556,Tabora,87.27096615436882,1171.9242424242425,1042.0,1529.0,264,875.5530303030303,646.0,1075.0,116.03319237718794,264,23.12003270062533,20.631250381469727,24.13921165466309,0.6217057665205177,75500.42826178324,0,0,0,-5.262611219466378,32.8193206209496,4512.357440591531,0.0,0,10.779279708862305,9.229426383972168,1,1,20.15504188791737,0.2144366883098698,2,5,7,10,12,0.0001589394957918
15,tanzania,834015,"Katavi, Rukwa",1935,0.08534036560317126,0.016569549471899505,0.000602267769054934,6184,269.98209269313475,Tabora,290.38423961409666,1191.5652173913045,767.0,2054.0,276,980.9021739130436,840.0,1212.0,86.17933691562109,276,22.99809084076812,16.930936813354492,27.596620559692383,2.124000241049042,75586.08907648227,0,0,1,-6.952748736208695,31.31537933699648,4151.020568368143,0.0,1,7.977272510528564,9.267605781555176,1,1,39.68634890832376,0.2133227784784004,0,1,1,6,9,0.0001190695286654
15,tanzania,834016,Kigoma,1935,0.06444383055057988,0.0098964512341854,0.0,9903,268.4819538738862,Tabora,204.69502794543715,1103.4885057471265,767.0,1578.0,174,1062.0,903.0,1367.0,84.2554954038437,174,22.091702362586712,19.22247886657715,25.2572078704834,1.256877301151604,44740.71827419318,0,0,1,-4.78619989980952,30.397240008377683,4040.8204457523257,0.0,0,7.890625,9.44252872467041,1,1,39.9841209526216,0.1317761793689671,0,2,3,3,3,6.705301380309873e-05
15,tanzania,834019,"Geita, Kagera, Mwanza, Shinyanga, Simiyu",1935,0.09652892000762366,0.01973351214919799,0.0016163189036454831,46121,237.53428683063424,Tabora,146.73130358876674,1259.6987012987013,1043.0,1805.0,385,956.4415584415584,609.0,1971.0,222.39027900286885,385,21.856713272689223,18.375810623168945,24.13921165466309,1.2463828454968895,98395.69449879536,1,0,1,-2.905519672676864,32.598094495431084,4021.832117442256,0.0,1,9.628944396972656,10.173187255859377,1,1,40.42059816337851,0.299147641805575,0,1,4,6,22,0.0002235870188432
15,tanzania,834020,Mara,1935,0.12115196366066516,0.023115850201837786,0.0018095178530896376,10626,278.6857124183494,Nairobi,197.04117807027367,1358.8539325842696,1134.0,1883.0,89,988.4606741573034,760.0,1436.0,139.75548922344638,89,21.497346792328223,17.977415084838867,23.09195709228516,1.3338267615512849,21139.108024833964,0,0,1,-1.8524449943067256,34.397441672183575,4074.373973632813,0.0,1,6.670731544494629,8.755905151367188,0,1,49.41537639138389,0.2383871127300015,0,1,2,3,3,0.0001419170570714
15,tanzania,834051,Zanzibar North,1935,0.09815135515663499,0.022927842309046112,0.0028546286518831396,1797,22.58775342394278,Zanzibar,9.190877119308158,32.166666666666664,21.0,47.0,6,1655.6666666666667,1619.0,1697.0,25.66233729720572,6,26.217597325642902,26.058135986328125,26.371862411499023,0.1194082761319511,460.7110611263976,0,1,0,-5.919809418832426,39.28512551475673,3513.460286458333,0.0,0,6.104477405548096,9.291666984558104,0,0,26.877383836471967,0.383800366685177,0,3,4,12,0,0.0
15,tanzania,834052,Zanzibar South,1935,0.16162461443614312,0.02564234296362016,0.0009692200989177536,1802,26.309799129788534,Zanzibar,11.026343315604691,20.444444444444443,6.0,47.0,9,1499.3333333333333,1387.0,1665.0,87.65842800324451,9,26.093603981865776,25.903940200805664,26.56666755676269,0.1859670319163224,889.8607895437433,0,1,0,-6.241587373985173,39.42177836493816,3562.7869669596357,0.0,0,5.739837169647217,6.802469253540039,0,0,24.0441881101656,0.5381757494387728,1,3,7,8,0,0.0
15,tanzania,834053,Zanzibar Town/West,1935,0.381903278525009,0.12127550198338104,0.01729416187765186,664,7.108408766181701,Zanzibar,14.972892172189043,22.75,6.0,47.0,4,1487.5,1387.0,1665.0,107.39995344505508,4,26.19031143188477,25.903940200805664,26.56666755676269,0.2436698082182006,249.92949231072757,0,1,0,-6.171853561087508,39.24710706298553,3594.9219970703125,0.0,0,15.852631568908691,16.917160034179688,0,1,3.248172215641085,0.9878432898532274,3,4,7,9,1,0.0040011284412835
15,tanzania,834054,Pemba North,1935,0.09051996594172572,0.02132610797627466,0.0012086357929372376,2286,73.49581601170716,Tanga,10.469449603489192,12.125,0.0,30.0,8,1454.0,1183.0,1621.0,156.55190832436378,8,25.676469564437863,25.42853736877441,25.91927146911621,0.1446035905487015,553.7777110960293,0,1,0,-5.041635232067668,39.76796734443603,3867.304402669271,0.0,0,6.28125,6.620689868927002,0,1,5.439469476792691,0.9884043266592104,3,4,4,7,1,0.00180577870861
15,tanzania,834055,Pemba South,1935,0.10748707615689385,0.029623198968236106,0.0006537839083416395,2413,74.44383810796502,Tanga,8.881941729649485,18.33333333333333,7.0,30.0,6,1575.5,1183.0,1817.0,202.606967632738,6,25.608811378479004,25.42853736877441,25.7833309173584,0.1232018898981163,498.4724638683924,0,1,0,-5.322612952658151,39.74101711461534,3566.061593191964,0.0,0,6.6626505851745605,7.103448390960693,0,1,5.123176306894114,0.9878348853679556,3,4,4,7,3,0.0060183866059892
15,tanzania,834001,Dodoma,1945,0.127545547857742,0.023636448787140617,0.002080013975334442,24232,340.5525016683748,Pangani,218.4366956571488,1149.6645569620252,698.0,1679.0,158,636.7215189873418,458.0,1049.0,104.45372504690148,158,21.843387374395057,17.871623992919922,24.193960189819336,1.2400112781311297,41937.5619822041,0,0,0,-5.92479475111952,35.92204314702787,4050.859669157264,0.0,0,12.236363410949709,13.62306022644043,1,1,21.82035039564233,0.295315258937368,1,3,4,6,7,0.0001669148054665
15,tanzania,834002,"Arusha, Manyara",1945,0.14110703556285653,0.03436034744444916,0.006160618820650129,18713,301.36744950981654,Nairobi,356.1814594700352,1336.4309210526317,590.0,2662.0,304,687.2894736842105,357.0,1236.0,126.25781015857508,304,20.479163605915872,12.240188598632812,25.14410400390625,1.9134459050838852,82592.5539538104,0,0,1,-3.83930157928428,36.28253260267816,4085.3247409964206,0.0,0,10.098557472229004,9.829545021057127,1,1,56.528088502567,0.07737522108327,0,0,4,5,5,6.053814491311422e-05
15,tanzania,834003,Kilimanjaro,1945,0.40559284875292784,0.11266176291492205,0.018794153007245448,21603,220.30920406196623,Tanga,599.812718688652,1077.5409836065571,531.0,3857.0,61,810.1147540983607,465.0,1448.0,237.58084721341584,61,21.348072216159007,6.293041706085205,24.12624931335449,3.319553739000724,12988.933930737858,0,0,1,-3.761615299173156,37.64170400143025,3959.13310352856,0.0,0,6.584064483642578,7.160439491271973,1,1,10.77336105962135,0.8023781422665952,4,11,20,33,25,0.0019247153102256
15,tanzania,834004,Tanga,1945,0.2589830650964479,0.05561120370720138,0.005078125932523921,23033,85.22854142554147,Pangani,372.0589867034216,561.9636363636364,7.0,1679.0,110,910.6636363636364,532.0,1287.0,180.55572180821616,110,23.309960434653544,16.287521362304688,27.360658645629883,2.205643598924573,27998.61698475743,0,1,1,-5.216161853245637,38.27970682201735,3971.067973122668,0.0,0,7.516178607940674,9.99787712097168,1,1,13.251941858464718,0.4934416891412207,2,4,10,15,16,0.0005714567976236
15,tanzania,834005,Morogoro,1945,0.18206610444436644,0.03984962851637044,0.003392429122049567,20153,270.9709643811316,Dar es Salaam,347.5470233060038,571.8880308880309,70.0,1692.0,259,1249.7297297297298,645.0,1829.0,242.7095208473816,259,23.594662544810173,17.871623992919922,27.129228591918945,2.066976011494222,70134.2718207277,0,0,0,-7.91667651385252,36.98937596410187,3832.3976765116095,0.0,0,8.694942474365234,10.700475692749023,1,1,3.8958447737375863,0.3012721154470392,1,2,2,3,16,0.0002281338293623
15,tanzania,834006,Pwani,1945,0.16196925919965005,0.030359895257916634,0.0022121970523905836,18517,76.5937782679334,Dar es Salaam,122.34410670434684,139.85507246376812,3.0,624.0,138,1074.4420289855072,877.0,1651.0,136.72950224545184,138,25.914844623510387,23.071853637695312,27.27833366394043,0.8207795065694586,32496.064667689418,0,1,0,-7.266348006450519,38.65963106999668,3710.452406825058,0.0,0,6.288888931274414,8.407812118530273,1,1,13.206240945222724,0.2461794923514966,1,1,1,11,4,0.0001230918279153
15,tanzania,834007,Dar es Salaam,1945,0.3120964065070171,0.09913623199848193,0.014749856312264279,3140,12.971992488539517,Dar es Salaam,44.38688494989884,52.266666666666666,4.0,147.0,15,1133.0,953.0,1246.0,71.85448257879717,15,25.95808194478353,25.37700080871582,26.34070587158203,0.2881871849310927,1636.4781762150033,0,1,0,-6.886696542821412,39.2628079019184,3582.266884251645,0.0,0,22.34964942932129,27.576068878173828,1,1,8.367861701979994,0.8705223548692761,2,4,6,9,4,0.0024442733536792
15,tanzania,834008,Lindi,1945,0.15207954020147882,0.03054744464585037,0.001924078396836574,19639,137.06733859373875,Masoko (Kilwa),189.74208558924863,351.8247863247863,8.0,843.0,234,1001.6923076923076,848.0,1250.0,92.98901336983349,234,24.70078761761005,22.10643768310547,26.836111068725582,1.0160803737844468,64882.26558000169,0,1,0,-9.47807711666988,38.40194411955447,3521.6511233647666,0.0,0,5.69767427444458,6.963730335235596,0,1,135.50641833724166,0.082210490720674,0,0,0,0,3,4.6237596255033904e-05
15,tanzania,834009,Mtwara,1945,0.14442129122392397,0.02647782994058526,0.002204629610809646,23353,210.8898015567468,Masoko (Kilwa),148.65350330589277,268.98765432098764,8.0,708.0,81,1021.7037037037036,913.0,1212.0,75.2838979790802,81,25.21151257738655,22.637582778930664,26.595977783203125,0.8670145601400897,17845.48938162003,1,1,1,-10.775941552137732,39.11445788065552,4092.6742023218458,0.0,0,7.838461399078369,10.147541046142578,0,1,8.913728975713678,0.451474306476256,3,7,8,8,8,0.0004482925533126
15,tanzania,834010,Ruvuma,1945,0.20520188106081247,0.051769667613567216,0.005263969186981852,16547,329.29989729609093,Bagamoyo (Rungwe),242.63704417730733,732.7307692307693,265.0,1591.0,234,1199.8461538461538,939.0,1682.0,141.28153473775924,234,22.61608948666825,17.72704315185547,26.21931266784668,1.7381177728306778,62860.44623695029,1,0,1,-10.724968025534004,36.25204483292087,4005.367244239189,0.0,0,7.423357486724853,9.701986312866213,0,1,67.61478046197028,0.1344848765595176,0,0,1,2,6,9.5449529221972e-05
15,tanzania,834011,"Iringa, Njombe",1945,0.14987932349541888,0.03598949300357757,0.00407222466179965,21910,194.89868322456445,Bagamoyo (Rungwe),453.8835380605727,1300.457399103139,283.0,2569.0,223,1024.0313901345291,449.0,2111.0,361.3062796495669,223,20.170510651284804,12.932812690734863,25.366437911987305,2.612534209380722,57748.59621538842,0,0,0,-8.406875858570324,35.19485687781086,4098.6346530272,0.0,0,9.259414672851562,10.667630195617676,0,1,50.733410827828585,0.3307921967389796,0,0,5,8,17,0.0002943794501357
15,tanzania,834012,Mbeya,1945,0.1785138673190252,0.045724080966227015,0.005987039769929182,25250,118.58697646034835,Bagamoyo (Rungwe),287.51192859089343,1281.6216216216217,485.0,2569.0,222,984.027027027027,640.0,2313.0,268.21406199773264,222,21.255869444426114,12.932812690734863,24.688188552856445,1.845763487046904,61101.897182427056,0,0,1,-8.22473325633618,33.3601549392031,4066.818428889593,0.0,0,9.498154640197754,9.837475776672363,0,1,48.62454121404765,0.2762693494887812,0,1,2,4,21,0.0003436881826648
15,tanzania,834013,Singida,1945,0.15908795601268724,0.027618933325155495,0.0033800350500706434,19119,202.9593144124726,Tabora,177.36333812311238,1259.7431693989072,824.0,1656.0,183,652.3005464480874,523.0,814.0,56.568661792278185,183,21.80381192275084,18.96812438964844,24.01247978210449,1.0745948258963365,48522.91036779486,0,0,0,-5.744374502304628,34.495691261197365,4085.039723945792,0.0,0,9.47826099395752,9.644808769226074,1,1,115.61754368163189,0.0787784924509921,0,0,0,0,2,4.121764306469592e-05
15,tanzania,834014,Tabora,1945,0.16748474384911005,0.03995443957818665,0.002831549593557634,14955,25.758542006352556,Tabora,87.27096615436882,1171.9242424242425,1042.0,1529.0,264,875.5530303030303,646.0,1075.0,116.03319237718794,264,23.12003270062533,20.631250381469727,24.13921165466309,0.6217057665205177,75500.42826178324,0,0,0,-5.262611219466378,32.8193206209496,4512.357440591531,0.0,0,10.779279708862305,9.229426383972168,1,1,20.15504188791737,0.2144366883098698,2,5,7,10,12,0.0001589394957918
15,tanzania,834015,"Katavi, Rukwa",1945,0.15217009505070644,0.03164209797491862,0.004025855707254689,10310,269.98209269313475,Tabora,290.38423961409666,1191.5652173913045,767.0,2054.0,276,980.9021739130436,840.0,1212.0,86.17933691562109,276,22.99809084076812,16.930936813354492,27.596620559692383,2.124000241049042,75586.08907648227,0,0,1,-6.952748736208695,31.31537933699648,4151.020568368143,0.0,1,7.977272510528564,9.267605781555176,1,1,39.68634890832376,0.2133227784784004,0,1,1,6,9,0.0001190695286654
15,tanzania,834016,Kigoma,1945,0.13096617816038508,0.026127267839142935,0.0032270714816955677,15352,268.4819538738862,Tabora,204.69502794543715,1103.4885057471265,767.0,1578.0,174,1062.0,903.0,1367.0,84.2554954038437,174,22.091702362586712,19.22247886657715,25.2572078704834,1.256877301151604,44740.71827419318,0,0,1,-4.78619989980952,30.397240008377683,4040.8204457523257,0.0,0,7.890625,9.44252872467041,1,1,39.9841209526216,0.1317761793689671,0,2,3,3,3,6.705301380309873e-05
15,tanzania,834019,"Geita, Kagera, Mwanza, Shinyanga, Simiyu",1945,0.1801564609620638,0.04235535257220349,0.005309262661466826,70976,237.53428683063424,Tabora,146.73130358876674,1259.6987012987013,1043.0,1805.0,385,956.4415584415584,609.0,1971.0,222.39027900286885,385,21.856713272689223,18.375810623168945,24.13921165466309,1.2463828454968895,98395.69449879536,1,0,1,-2.905519672676864,32.598094495431084,4021.832117442256,0.0,1,9.628944396972656,10.173187255859377,1,1,40.42059816337851,0.299147641805575,0,1,4,6,22,0.0002235870188432
15,tanzania,834020,Mara,1945,0.24904596554225578,0.06447138632123386,0.005936819750753816,15972,278.6857124183494,Nairobi,197.04117807027367,1358.8539325842696,1134.0,1883.0,89,988.4606741573034,760.0,1436.0,139.75548922344638,89,21.497346792328223,17.977415084838867,23.09195709228516,1.3338267615512849,21139.108024833964,0,0,1,-1.8524449943067256,34.397441672183575,4074.373973632813,0.0,1,6.670731544494629,8.755905151367188,0,1,49.41537639138389,0.2383871127300015,0,1,2,3,3,0.0001419170570714
15,tanzania,834051,Zanzibar North,1945,0.19497553411927326,0.07195371201814933,0.0027679610224498595,2788,22.58775342394278,Zanzibar,9.190877119308158,32.166666666666664,21.0,47.0,6,1655.6666666666667,1619.0,1697.0,25.66233729720572,6,26.217597325642902,26.058135986328125,26.371862411499023,0.1194082761319511,460.7110611263976,0,1,0,-5.919809418832426,39.28512551475673,3513.460286458333,0.0,0,6.104477405548096,9.291666984558104,0,0,26.877383836471967,0.383800366685177,0,3,4,12,0,0.0
15,tanzania,834052,Zanzibar South,1945,0.3800840521218399,0.10642832056479216,0.009282640141436148,2738,26.309799129788534,Zanzibar,11.026343315604691,20.444444444444443,6.0,47.0,9,1499.3333333333333,1387.0,1665.0,87.65842800324451,9,26.093603981865776,25.903940200805664,26.56666755676269,0.1859670319163224,889.8607895437433,0,1,0,-6.241587373985173,39.42177836493816,3562.7869669596357,0.0,0,5.739837169647217,6.802469253540039,0,0,24.0441881101656,0.5381757494387728,1,3,7,8,0,0.0
15,tanzania,834053,Zanzibar Town/West,1945,0.6195887246673555,0.2625132865916847,0.024134795165208046,1248,7.108408766181701,Zanzibar,14.972892172189043,22.75,6.0,47.0,4,1487.5,1387.0,1665.0,107.39995344505508,4,26.19031143188477,25.903940200805664,26.56666755676269,0.2436698082182006,249.92949231072757,0,1,0,-6.171853561087508,39.24710706298553,3594.9219970703125,0.0,0,15.852631568908691,16.917160034179688,0,1,3.248172215641085,0.9878432898532274,3,4,7,9,1,0.0040011284412835
15,tanzania,834054,Pemba North,1945,0.1654988575137778,0.055796545445797534,0.0030218697270272482,4003,73.49581601170716,Tanga,10.469449603489192,12.125,0.0,30.0,8,1454.0,1183.0,1621.0,156.55190832436378,8,25.676469564437863,25.42853736877441,25.91927146911621,0.1446035905487015,553.7777110960293,0,1,0,-5.041635232067668,39.76796734443603,3867.304402669271,0.0,0,6.28125,6.620689868927002,0,1,5.439469476792691,0.9884043266592104,3,4,4,7,1,0.00180577870861
15,tanzania,834055,Pemba South,1945,0.2175338738383728,0.06578143904174612,0.00612708978907928,4141,74.44383810796502,Tanga,8.881941729649485,18.33333333333333,7.0,30.0,6,1575.5,1183.0,1817.0,202.606967632738,6,25.608811378479004,25.42853736877441,25.7833309173584,0.1232018898981163,498.4724638683924,0,1,0,-5.322612952658151,39.74101711461534,3566.061593191964,0.0,0,6.6626505851745605,7.103448390960693,0,1,5.123176306894114,0.9878348853679556,3,4,4,7,3,0.0060183866059892
15,tanzania,834001,Dodoma,1955,0.326798672929813,0.04670004445777029,0.004547415303352484,34504,340.5525016683748,Pangani,218.4366956571488,1149.6645569620252,698.0,1679.0,158,636.7215189873418,458.0,1049.0,104.45372504690148,158,21.843387374395057,17.871623992919922,24.193960189819336,1.2400112781311297,41937.5619822041,0,0,0,-5.92479475111952,35.92204314702787,4050.859669157264,0.0,0,12.236363410949709,13.62306022644043,1,1,21.82035039564233,0.295315258937368,1,3,4,6,7,0.0001669148054665
15,tanzania,834002,"Arusha, Manyara",1955,0.3263802401994724,0.07108894161521183,0.009163445513698505,31994,301.36744950981654,Nairobi,356.1814594700352,1336.4309210526317,590.0,2662.0,304,687.2894736842105,357.0,1236.0,126.25781015857508,304,20.479163605915872,12.240188598632812,25.14410400390625,1.9134459050838852,82592.5539538104,0,0,1,-3.83930157928428,36.28253260267816,4085.3247409964206,0.0,0,10.098557472229004,9.829545021057127,1,1,56.528088502567,0.07737522108327,0,0,4,5,5,6.053814491311422e-05
15,tanzania,834003,Kilimanjaro,1955,0.6971579140770326,0.2073560899387902,0.02842065232448155,38630,220.30920406196623,Tanga,599.812718688652,1077.5409836065571,531.0,3857.0,61,810.1147540983607,465.0,1448.0,237.58084721341584,61,21.348072216159007,6.293041706085205,24.12624931335449,3.319553739000724,12988.933930737858,0,0,1,-3.761615299173156,37.64170400143025,3959.13310352856,0.0,0,6.584064483642578,7.160439491271973,1,1,10.77336105962135,0.8023781422665952,4,11,20,33,25,0.0019247153102256
15,tanzania,834004,Tanga,1955,0.4812143720069517,0.09777786561135579,0.009724094940232325,37119,85.22854142554147,Pangani,372.0589867034216,561.9636363636364,7.0,1679.0,110,910.6636363636364,532.0,1287.0,180.55572180821616,110,23.309960434653544,16.287521362304688,27.360658645629883,2.205643598924573,27998.61698475743,0,1,1,-5.216161853245637,38.27970682201735,3971.067973122668,0.0,0,7.516178607940674,9.99787712097168,1,1,13.251941858464718,0.4934416891412207,2,4,10,15,16,0.0005714567976236
15,tanzania,834005,Morogoro,1955,0.4016015248278114,0.07384534540235559,0.006303006371167997,30432,270.9709643811316,Dar es Salaam,347.5470233060038,571.8880308880309,70.0,1692.0,259,1249.7297297297298,645.0,1829.0,242.7095208473816,259,23.594662544810173,17.871623992919922,27.129228591918945,2.066976011494222,70134.2718207277,0,0,0,-7.91667651385252,36.98937596410187,3832.3976765116095,0.0,0,8.694942474365234,10.700475692749023,1,1,3.8958447737375863,0.3012721154470392,1,2,2,3,16,0.0002281338293623
15,tanzania,834006,Pwani,1955,0.35976927632371725,0.050009831974841594,0.003947101399288949,24151,76.5937782679334,Dar es Salaam,122.34410670434684,139.85507246376812,3.0,624.0,138,1074.4420289855072,877.0,1651.0,136.72950224545184,138,25.914844623510387,23.071853637695312,27.27833366394043,0.8207795065694586,32496.064667689418,0,1,0,-7.266348006450519,38.65963106999668,3710.452406825058,0.0,0,6.288888931274414,8.407812118530273,1,1,13.206240945222724,0.2461794923514966,1,1,1,11,4,0.0001230918279153
15,tanzania,834007,Dar es Salaam,1955,0.5760594408213351,0.16783097168612301,0.018079303835981216,5878,12.971992488539517,Dar es Salaam,44.38688494989884,52.266666666666666,4.0,147.0,15,1133.0,953.0,1246.0,71.85448257879717,15,25.95808194478353,25.37700080871582,26.34070587158203,0.2881871849310927,1636.4781762150033,0,1,0,-6.886696542821412,39.2628079019184,3582.266884251645,0.0,0,22.34964942932129,27.576068878173828,1,1,8.367861701979994,0.8705223548692761,2,4,6,9,4,0.0024442733536792
15,tanzania,834008,Lindi,1955,0.3713553042548844,0.05642997680201475,0.0039037889242398193,26627,137.06733859373875,Masoko (Kilwa),189.74208558924863,351.8247863247863,8.0,843.0,234,1001.6923076923076,848.0,1250.0,92.98901336983349,234,24.70078761761005,22.10643768310547,26.836111068725582,1.0160803737844468,64882.26558000169,0,1,0,-9.47807711666988,38.40194411955447,3521.6511233647666,0.0,0,5.69767427444458,6.963730335235596,0,1,135.50641833724166,0.082210490720674,0,0,0,0,3,4.6237596255033904e-05
15,tanzania,834009,Mtwara,1955,0.35672696571059803,0.051612545498211516,0.0033099840260746895,33093,210.8898015567468,Masoko (Kilwa),148.65350330589277,268.98765432098764,8.0,708.0,81,1021.7037037037036,913.0,1212.0,75.2838979790802,81,25.21151257738655,22.637582778930664,26.595977783203125,0.8670145601400897,17845.48938162003,1,1,1,-10.775941552137732,39.11445788065552,4092.6742023218458,0.0,0,7.838461399078369,10.147541046142578,0,1,8.913728975713678,0.451474306476256,3,7,8,8,8,0.0004482925533126
15,tanzania,834010,Ruvuma,1955,0.44196684181057255,0.0941508408837581,0.010588634905850809,24833,329.29989729609093,Bagamoyo (Rungwe),242.63704417730733,732.7307692307693,265.0,1591.0,234,1199.8461538461538,939.0,1682.0,141.28153473775924,234,22.61608948666825,17.72704315185547,26.21931266784668,1.7381177728306778,62860.44623695029,1,0,1,-10.724968025534004,36.25204483292087,4005.367244239189,0.0,0,7.423357486724853,9.701986312866213,0,1,67.61478046197028,0.1344848765595176,0,0,1,2,6,9.5449529221972e-05
15,tanzania,834011,"Iringa, Njombe",1955,0.34345413071076575,0.07393366456229851,0.007679477440986027,36223,194.89868322456445,Bagamoyo (Rungwe),453.8835380605727,1300.457399103139,283.0,2569.0,223,1024.0313901345291,449.0,2111.0,361.3062796495669,223,20.170510651284804,12.932812690734863,25.366437911987305,2.612534209380722,57748.59621538842,0,0,0,-8.406875858570324,35.19485687781086,4098.6346530272,0.0,0,9.259414672851562,10.667630195617676,0,1,50.733410827828585,0.3307921967389796,0,0,5,8,17,0.0002943794501357
15,tanzania,834012,Mbeya,1955,0.37432448727539214,0.08475572591235904,0.007887716325467585,37956,118.58697646034835,Bagamoyo (Rungwe),287.51192859089343,1281.6216216216217,485.0,2569.0,222,984.027027027027,640.0,2313.0,268.21406199773264,222,21.255869444426114,12.932812690734863,24.688188552856445,1.845763487046904,61101.897182427056,0,0,1,-8.22473325633618,33.3601549392031,4066.818428889593,0.0,0,9.498154640197754,9.837475776672363,0,1,48.62454121404765,0.2762693494887812,0,1,2,4,21,0.0003436881826648
15,tanzania,834013,Singida,1955,0.39464006044313493,0.06282570795226507,0.006319637823083357,26231,202.9593144124726,Tabora,177.36333812311238,1259.7431693989072,824.0,1656.0,183,652.3005464480874,523.0,814.0,56.568661792278185,183,21.80381192275084,18.96812438964844,24.01247978210449,1.0745948258963365,48522.91036779486,0,0,0,-5.744374502304628,34.495691261197365,4085.039723945792,0.0,0,9.47826099395752,9.644808769226074,1,1,115.61754368163189,0.0787784924509921,0,0,0,0,2,4.121764306469592e-05
15,tanzania,834014,Tabora,1955,0.32739478763643054,0.07103107158540463,0.007129529604646187,22213,25.758542006352556,Tabora,87.27096615436882,1171.9242424242425,1042.0,1529.0,264,875.5530303030303,646.0,1075.0,116.03319237718794,264,23.12003270062533,20.631250381469727,24.13921165466309,0.6217057665205177,75500.42826178324,0,0,0,-5.262611219466378,32.8193206209496,4512.357440591531,0.0,0,10.779279708862305,9.229426383972168,1,1,20.15504188791737,0.2144366883098698,2,5,7,10,12,0.0001589394957918
15,tanzania,834015,"Katavi, Rukwa",1955,0.3148138182324994,0.05583562482432458,0.003915323697901298,17639,269.98209269313475,Tabora,290.38423961409666,1191.5652173913045,767.0,2054.0,276,980.9021739130436,840.0,1212.0,86.17933691562109,276,22.99809084076812,16.930936813354492,27.596620559692383,2.124000241049042,75586.08907648227,0,0,1,-6.952748736208695,31.31537933699648,4151.020568368143,0.0,1,7.977272510528564,9.267605781555176,1,1,39.68634890832376,0.2133227784784004,0,1,1,6,9,0.0001190695286654
15,tanzania,834016,Kigoma,1955,0.30081712615665046,0.05704360002784959,0.007134554124010671,24824,268.4819538738862,Tabora,204.69502794543715,1103.4885057471265,767.0,1578.0,174,1062.0,903.0,1367.0,84.2554954038437,174,22.091702362586712,19.22247886657715,25.2572078704834,1.256877301151604,44740.71827419318,0,0,1,-4.78619989980952,30.397240008377683,4040.8204457523257,0.0,0,7.890625,9.44252872467041,1,1,39.9841209526216,0.1317761793689671,0,2,3,3,3,6.705301380309873e-05
15,tanzania,834019,"Geita, Kagera, Mwanza, Shinyanga, Simiyu",1955,0.3385625196862181,0.07375904755735854,0.008062977052207989,111517,237.53428683063424,Tabora,146.73130358876674,1259.6987012987013,1043.0,1805.0,385,956.4415584415584,609.0,1971.0,222.39027900286885,385,21.856713272689223,18.375810623168945,24.13921165466309,1.2463828454968895,98395.69449879536,1,0,1,-2.905519672676864,32.598094495431084,4021.832117442256,0.0,1,9.628944396972656,10.173187255859377,1,1,40.42059816337851,0.299147641805575,0,1,4,6,22,0.0002235870188432
15,tanzania,834020,Mara,1955,0.48941424473828826,0.12237354688373929,0.011163251262533612,26574,278.6857124183494,Nairobi,197.04117807027367,1358.8539325842696,1134.0,1883.0,89,988.4606741573034,760.0,1436.0,139.75548922344638,89,21.497346792328223,17.977415084838867,23.09195709228516,1.3338267615512849,21139.108024833964,0,0,1,-1.8524449943067256,34.397441672183575,4074.373973632813,0.0,1,6.670731544494629,8.755905151367188,0,1,49.41537639138389,0.2383871127300015,0,1,2,3,3,0.0001419170570714
15,tanzania,834051,Zanzibar North,1955,0.3953983744552931,0.22570951350444687,0.009858088154801142,4456,22.58775342394278,Zanzibar,9.190877119308158,32.166666666666664,21.0,47.0,6,1655.6666666666667,1619.0,1697.0,25.66233729720572,6,26.217597325642902,26.058135986328125,26.371862411499023,0.1194082761319511,460.7110611263976,0,1,0,-5.919809418832426,39.28512551475673,3513.460286458333,0.0,0,6.104477405548096,9.291666984558104,0,0,26.877383836471967,0.383800366685177,0,3,4,12,0,0.0
15,tanzania,834052,Zanzibar South,1955,0.6141050545258876,0.3422052599977978,0.012283854561621836,3849,26.309799129788534,Zanzibar,11.026343315604691,20.444444444444443,6.0,47.0,9,1499.3333333333333,1387.0,1665.0,87.65842800324451,9,26.093603981865776,25.903940200805664,26.56666755676269,0.1859670319163224,889.8607895437433,0,1,0,-6.241587373985173,39.42177836493816,3562.7869669596357,0.0,0,5.739837169647217,6.802469253540039,0,0,24.0441881101656,0.5381757494387728,1,3,7,8,0,0.0
15,tanzania,834053,Zanzibar Town/West,1955,0.8232949174973679,0.5099262547651725,0.03577442936382187,2389,7.108408766181701,Zanzibar,14.972892172189043,22.75,6.0,47.0,4,1487.5,1387.0,1665.0,107.39995344505508,4,26.19031143188477,25.903940200805664,26.56666755676269,0.2436698082182006,249.92949231072757,0,1,0,-6.171853561087508,39.24710706298553,3594.9219970703125,0.0,0,15.852631568908691,16.917160034179688,0,1,3.248172215641085,0.9878432898532274,3,4,7,9,1,0.0040011284412835
15,tanzania,834054,Pemba North,1955,0.3549656289161795,0.19934512118285896,0.008829561859399131,6974,73.49581601170716,Tanga,10.469449603489192,12.125,0.0,30.0,8,1454.0,1183.0,1621.0,156.55190832436378,8,25.676469564437863,25.42853736877441,25.91927146911621,0.1446035905487015,553.7777110960293,0,1,0,-5.041635232067668,39.76796734443603,3867.304402669271,0.0,0,6.28125,6.620689868927002,0,1,5.439469476792691,0.9884043266592104,3,4,4,7,1,0.00180577870861
15,tanzania,834055,Pemba South,1955,0.4067797449462269,0.23066230938868948,0.009648883251508512,6742,74.44383810796502,Tanga,8.881941729649485,18.33333333333333,7.0,30.0,6,1575.5,1183.0,1817.0,202.606967632738,6,25.608811378479004,25.42853736877441,25.7833309173584,0.1232018898981163,498.4724638683924,0,1,0,-5.322612952658151,39.74101711461534,3566.061593191964,0.0,0,6.6626505851745605,7.103448390960693,0,1,5.123176306894114,0.9878348853679556,3,4,4,7,3,0.0060183866059892
15,tanzania,834001,Dodoma,1965,0.6427890621383604,0.04767162559243669,0.006862822260245804,55201,340.5525016683748,Pangani,218.4366956571488,1149.6645569620252,698.0,1679.0,158,636.7215189873418,458.0,1049.0,104.45372504690148,158,21.843387374395057,17.871623992919922,24.193960189819336,1.2400112781311297,41937.5619822041,0,0,0,-5.92479475111952,35.92204314702787,4050.859669157264,0.0,0,12.236363410949709,13.62306022644043,1,1,21.82035039564233,0.295315258937368,1,3,4,6,7,0.0001669148054665
15,tanzania,834002,"Arusha, Manyara",1965,0.6085191714946789,0.080765148064049,0.009819885208793008,56683,301.36744950981654,Nairobi,356.1814594700352,1336.4309210526317,590.0,2662.0,304,687.2894736842105,357.0,1236.0,126.25781015857508,304,20.479163605915872,12.240188598632812,25.14410400390625,1.9134459050838852,82592.5539538104,0,0,1,-3.83930157928428,36.28253260267816,4085.3247409964206,0.0,0,10.098557472229004,9.829545021057127,1,1,56.528088502567,0.07737522108327,0,0,4,5,5,6.053814491311422e-05
15,tanzania,834003,Kilimanjaro,1965,0.8960949918601093,0.21299647662229607,0.02275129314383333,59116,220.30920406196623,Tanga,599.812718688652,1077.5409836065571,531.0,3857.0,61,810.1147540983607,465.0,1448.0,237.58084721341584,61,21.348072216159007,6.293041706085205,24.12624931335449,3.319553739000724,12988.933930737858,0,0,1,-3.761615299173156,37.64170400143025,3959.13310352856,0.0,0,6.584064483642578,7.160439491271973,1,1,10.77336105962135,0.8023781422665952,4,11,20,33,25,0.0019247153102256
15,tanzania,834004,Tanga,1965,0.7226991541180638,0.09507835756977119,0.01001567634334466,62543,85.22854142554147,Pangani,372.0589867034216,561.9636363636364,7.0,1679.0,110,910.6636363636364,532.0,1287.0,180.55572180821616,110,23.309960434653544,16.287521362304688,27.360658645629883,2.205643598924573,27998.61698475743,0,1,1,-5.216161853245637,38.27970682201735,3971.067973122668,0.0,0,7.516178607940674,9.99787712097168,1,1,13.251941858464718,0.4934416891412207,2,4,10,15,16,0.0005714567976236
15,tanzania,834005,Morogoro,1965,0.6977168141046083,0.06490906010389337,0.0078013137938500845,44422,270.9709643811316,Dar es Salaam,347.5470233060038,571.8880308880309,70.0,1692.0,259,1249.7297297297298,645.0,1829.0,242.7095208473816,259,23.594662544810173,17.871623992919922,27.129228591918945,2.066976011494222,70134.2718207277,0,0,0,-7.91667651385252,36.98937596410187,3832.3976765116095,0.0,0,8.694942474365234,10.700475692749023,1,1,3.8958447737375863,0.3012721154470392,1,2,2,3,16,0.0002281338293623
15,tanzania,834006,Pwani,1965,0.6375047400513785,0.044079592106911335,0.005336075877303174,33752,76.5937782679334,Dar es Salaam,122.34410670434684,139.85507246376812,3.0,624.0,138,1074.4420289855072,877.0,1651.0,136.72950224545184,138,25.914844623510387,23.071853637695312,27.27833366394043,0.8207795065694586,32496.064667689418,0,1,0,-7.266348006450519,38.65963106999668,3710.452406825058,0.0,0,6.288888931274414,8.407812118530273,1,1,13.206240945222724,0.2461794923514966,1,1,1,11,4,0.0001230918279153
15,tanzania,834007,Dar es Salaam,1965,0.8188726853521676,0.204618577763586,0.030286061976476687,14353,12.971992488539517,Dar es Salaam,44.38688494989884,52.266666666666666,4.0,147.0,15,1133.0,953.0,1246.0,71.85448257879717,15,25.95808194478353,25.37700080871582,26.34070587158203,0.2881871849310927,1636.4781762150033,0,1,0,-6.886696542821412,39.2628079019184,3582.266884251645,0.0,0,22.34964942932129,27.576068878173828,1,1,8.367861701979994,0.8705223548692761,2,4,6,9,4,0.0024442733536792
15,tanzania,834008,Lindi,1965,0.6541300473914297,0.0530251524511283,0.005833857478612604,39834,137.06733859373875,Masoko (Kilwa),189.74208558924863,351.8247863247863,8.0,843.0,234,1001.6923076923076,848.0,1250.0,92.98901336983349,234,24.70078761761005,22.10643768310547,26.836111068725582,1.0160803737844468,64882.26558000169,0,1,0,-9.47807711666988,38.40194411955447,3521.6511233647666,0.0,0,5.69767427444458,6.963730335235596,0,1,135.50641833724166,0.082210490720674,0,0,0,0,3,4.6237596255033904e-05
15,tanzania,834009,Mtwara,1965,0.6780053690400127,0.05049569061053007,0.005275337482230135,46948,210.8898015567468,Masoko (Kilwa),148.65350330589277,268.98765432098764,8.0,708.0,81,1021.7037037037036,913.0,1212.0,75.2838979790802,81,25.21151257738655,22.637582778930664,26.595977783203125,0.8670145601400897,17845.48938162003,1,1,1,-10.775941552137732,39.11445788065552,4092.6742023218458,0.0,0,7.838461399078369,10.147541046142578,0,1,8.913728975713678,0.451474306476256,3,7,8,8,8,0.0004482925533126
15,tanzania,834010,Ruvuma,1965,0.8011817880525693,0.08779910454508608,0.007932151930297183,38383,329.29989729609093,Bagamoyo (Rungwe),242.63704417730733,732.7307692307693,265.0,1591.0,234,1199.8461538461538,939.0,1682.0,141.28153473775924,234,22.61608948666825,17.72704315185547,26.21931266784668,1.7381177728306778,62860.44623695029,1,0,1,-10.724968025534004,36.25204483292087,4005.367244239189,0.0,0,7.423357486724853,9.701986312866213,0,1,67.61478046197028,0.1344848765595176,0,0,1,2,6,9.5449529221972e-05
15,tanzania,834011,"Iringa, Njombe",1965,0.7032696347270997,0.07850637677168502,0.009310059168615319,55645,194.89868322456445,Bagamoyo (Rungwe),453.8835380605727,1300.457399103139,283.0,2569.0,223,1024.0313901345291,449.0,2111.0,361.3062796495669,223,20.170510651284804,12.932812690734863,25.366437911987305,2.612534209380722,57748.59621538842,0,0,0,-8.406875858570324,35.19485687781086,4098.6346530272,0.0,0,9.259414672851562,10.667630195617676,0,1,50.733410827828585,0.3307921967389796,0,0,5,8,17,0.0002943794501357
15,tanzania,834012,Mbeya,1965,0.6876668146586239,0.08871029712911693,0.010362790051346667,63474,118.58697646034835,Bagamoyo (Rungwe),287.51192859089343,1281.6216216216217,485.0,2569.0,222,984.027027027027,640.0,2313.0,268.21406199773264,222,21.255869444426114,12.932812690734863,24.688188552856445,1.845763487046904,61101.897182427056,0,0,1,-8.22473325633618,33.3601549392031,4066.818428889593,0.0,0,9.498154640197754,9.837475776672363,0,1,48.62454121404765,0.2762693494887812,0,1,2,4,21,0.0003436881826648
15,tanzania,834013,Singida,1965,0.7180295395969326,0.05382971182565151,0.0067422617731685746,44568,202.9593144124726,Tabora,177.36333812311238,1259.7431693989072,824.0,1656.0,183,652.3005464480874,523.0,814.0,56.568661792278185,183,21.80381192275084,18.96812438964844,24.01247978210449,1.0745948258963365,48522.91036779486,0,0,0,-5.744374502304628,34.495691261197365,4085.039723945792,0.0,0,9.47826099395752,9.644808769226074,1,1,115.61754368163189,0.0787784924509921,0,0,0,0,2,4.121764306469592e-05
15,tanzania,834014,Tabora,1965,0.5615786238685244,0.06920052086183685,0.007736167586076055,35262,25.758542006352556,Tabora,87.27096615436882,1171.9242424242425,1042.0,1529.0,264,875.5530303030303,646.0,1075.0,116.03319237718794,264,23.12003270062533,20.631250381469727,24.13921165466309,0.6217057665205177,75500.42826178324,0,0,0,-5.262611219466378,32.8193206209496,4512.357440591531,0.0,0,10.779279708862305,9.229426383972168,1,1,20.15504188791737,0.2144366883098698,2,5,7,10,12,0.0001589394957918
15,tanzania,834015,"Katavi, Rukwa",1965,0.6398441058374122,0.04990967184533578,0.005166563702635525,26163,269.98209269313475,Tabora,290.38423961409666,1191.5652173913045,767.0,2054.0,276,980.9021739130436,840.0,1212.0,86.17933691562109,276,22.99809084076812,16.930936813354492,27.596620559692383,2.124000241049042,75586.08907648227,0,0,1,-6.952748736208695,31.31537933699648,4151.020568368143,0.0,1,7.977272510528564,9.267605781555176,1,1,39.68634890832376,0.2133227784784004,0,1,1,6,9,0.0001190695286654
15,tanzania,834016,Kigoma,1965,0.6310482190568553,0.058402787549099514,0.007599724645779949,38609,268.4819538738862,Tabora,204.69502794543715,1103.4885057471265,767.0,1578.0,174,1062.0,903.0,1367.0,84.2554954038437,174,22.091702362586712,19.22247886657715,25.2572078704834,1.256877301151604,44740.71827419318,0,0,1,-4.78619989980952,30.397240008377683,4040.8204457523257,0.0,0,7.890625,9.44252872467041,1,1,39.9841209526216,0.1317761793689671,0,2,3,3,3,6.705301380309873e-05
15,tanzania,834019,"Geita, Kagera, Mwanza, Shinyanga, Simiyu",1965,0.5905717055856867,0.07290809289066465,0.00883601945820805,194931,237.53428683063424,Tabora,146.73130358876674,1259.6987012987013,1043.0,1805.0,385,956.4415584415584,609.0,1971.0,222.39027900286885,385,21.856713272689223,18.375810623168945,24.13921165466309,1.2463828454968895,98395.69449879536,1,0,1,-2.905519672676864,32.598094495431084,4021.832117442256,0.0,1,9.628944396972656,10.173187255859377,1,1,40.42059816337851,0.299147641805575,0,1,4,6,22,0.0002235870188432
15,tanzania,834020,Mara,1965,0.7737546712526286,0.11833970544958237,0.014309298010940686,42741,278.6857124183494,Nairobi,197.04117807027367,1358.8539325842696,1134.0,1883.0,89,988.4606741573034,760.0,1436.0,139.75548922344638,89,21.497346792328223,17.977415084838867,23.09195709228516,1.3338267615512849,21139.108024833964,0,0,1,-1.8524449943067256,34.397441672183575,4074.373973632813,0.0,1,6.670731544494629,8.755905151367188,0,1,49.41537639138389,0.2383871127300015,0,1,2,3,3,0.0001419170570714
15,tanzania,834051,Zanzibar North,1965,0.5294028961151611,0.35767886631977075,0.008012210039209221,7166,22.58775342394278,Zanzibar,9.190877119308158,32.166666666666664,21.0,47.0,6,1655.6666666666667,1619.0,1697.0,25.66233729720572,6,26.217597325642902,26.058135986328125,26.371862411499023,0.1194082761319511,460.7110611263976,0,1,0,-5.919809418832426,39.28512551475673,3513.460286458333,0.0,0,6.104477405548096,9.291666984558104,0,0,26.877383836471967,0.383800366685177,0,3,4,12,0,0.0
15,tanzania,834052,Zanzibar South,1965,0.8230550984320802,0.6107434788781334,0.013857332177680995,5906,26.309799129788534,Zanzibar,11.026343315604691,20.444444444444443,6.0,47.0,9,1499.3333333333333,1387.0,1665.0,87.65842800324451,9,26.093603981865776,25.903940200805664,26.56666755676269,0.1859670319163224,889.8607895437433,0,1,0,-6.241587373985173,39.42177836493816,3562.7869669596357,0.0,0,5.739837169647217,6.802469253540039,0,0,24.0441881101656,0.5381757494387728,1,3,7,8,0,0.0
15,tanzania,834053,Zanzibar Town/West,1965,0.8938702530192405,0.7051368703218992,0.023655261284841807,5911,7.108408766181701,Zanzibar,14.972892172189043,22.75,6.0,47.0,4,1487.5,1387.0,1665.0,107.39995344505508,4,26.19031143188477,25.903940200805664,26.56666755676269,0.2436698082182006,249.92949231072757,0,1,0,-6.171853561087508,39.24710706298553,3594.9219970703125,0.0,0,15.852631568908691,16.917160034179688,0,1,3.248172215641085,0.9878432898532274,3,4,7,9,1,0.0040011284412835
15,tanzania,834054,Pemba North,1965,0.4857993062688154,0.3437097944939612,0.010055719926446632,12185,73.49581601170716,Tanga,10.469449603489192,12.125,0.0,30.0,8,1454.0,1183.0,1621.0,156.55190832436378,8,25.676469564437863,25.42853736877441,25.91927146911621,0.1446035905487015,553.7777110960293,0,1,0,-5.041635232067668,39.76796734443603,3867.304402669271,0.0,0,6.28125,6.620689868927002,0,1,5.439469476792691,0.9884043266592104,3,4,4,7,1,0.00180577870861
15,tanzania,834055,Pemba South,1965,0.592603689349921,0.4307762306695652,0.012369305505207196,11369,74.44383810796502,Tanga,8.881941729649485,18.33333333333333,7.0,30.0,6,1575.5,1183.0,1817.0,202.606967632738,6,25.608811378479004,25.42853736877441,25.7833309173584,0.1232018898981163,498.4724638683924,0,1,0,-5.322612952658151,39.74101711461534,3566.061593191964,0.0,0,6.6626505851745605,7.103448390960693,0,1,5.123176306894114,0.9878348853679556,3,4,4,7,3,0.0060183866059892
15,tanzania,834001,Dodoma,1975,0.7158703861444026,0.07072839398047309,0.013638796164918353,58247,340.5525016683748,Pangani,218.4366956571488,1149.6645569620252,698.0,1679.0,158,636.7215189873418,458.0,1049.0,104.45372504690148,158,21.843387374395057,17.871623992919922,24.193960189819336,1.2400112781311297,41937.5619822041,0,0,0,-5.92479475111952,35.92204314702787,4050.859669157264,0.0,0,12.236363410949709,13.62306022644043,1,1,21.82035039564233,0.295315258937368,1,3,4,6,7,0.0001669148054665
15,tanzania,834002,"Arusha, Manyara",1975,0.7128317551676362,0.12290898606747092,0.02178256640798453,67375,301.36744950981654,Nairobi,356.1814594700352,1336.4309210526317,590.0,2662.0,304,687.2894736842105,357.0,1236.0,126.25781015857508,304,20.479163605915872,12.240188598632812,25.14410400390625,1.9134459050838852,82592.5539538104,0,0,1,-3.83930157928428,36.28253260267816,4085.3247409964206,0.0,0,10.098557472229004,9.829545021057127,1,1,56.528088502567,0.07737522108327,0,0,4,5,5,6.053814491311422e-05
15,tanzania,834003,Kilimanjaro,1975,0.9321254704968419,0.2559003464324068,0.0355567688711047,55234,220.30920406196623,Tanga,599.812718688652,1077.5409836065571,531.0,3857.0,61,810.1147540983607,465.0,1448.0,237.58084721341584,61,21.348072216159007,6.293041706085205,24.12624931335449,3.319553739000724,12988.933930737858,0,0,1,-3.761615299173156,37.64170400143025,3959.13310352856,0.0,0,6.584064483642578,7.160439491271973,1,1,10.77336105962135,0.8023781422665952,4,11,20,33,25,0.0019247153102256
15,tanzania,834004,Tanga,1975,0.7786657844512496,0.11645553546969488,0.016831272219269274,63270,85.22854142554147,Pangani,372.0589867034216,561.9636363636364,7.0,1679.0,110,910.6636363636364,532.0,1287.0,180.55572180821616,110,23.309960434653544,16.287521362304688,27.360658645629883,2.205643598924573,27998.61698475743,0,1,1,-5.216161853245637,38.27970682201735,3971.067973122668,0.0,0,7.516178607940674,9.99787712097168,1,1,13.251941858464718,0.4934416891412207,2,4,10,15,16,0.0005714567976236
15,tanzania,834005,Morogoro,1975,0.7466189610175201,0.09305673820650255,0.014962896775259325,44797,270.9709643811316,Dar es Salaam,347.5470233060038,571.8880308880309,70.0,1692.0,259,1249.7297297297298,645.0,1829.0,242.7095208473816,259,23.594662544810173,17.871623992919922,27.129228591918945,2.066976011494222,70134.2718207277,0,0,0,-7.91667651385252,36.98937596410187,3832.3976765116095,0.0,0,8.694942474365234,10.700475692749023,1,1,3.8958447737375863,0.3012721154470392,1,2,2,3,16,0.0002281338293623
15,tanzania,834006,Pwani,1975,0.699178981528375,0.07697935126349903,0.01341339217290146,33555,76.5937782679334,Dar es Salaam,122.34410670434684,139.85507246376812,3.0,624.0,138,1074.4420289855072,877.0,1651.0,136.72950224545184,138,25.914844623510387,23.071853637695312,27.27833366394043,0.8207795065694586,32496.064667689418,0,1,0,-7.266348006450519,38.65963106999668,3710.452406825058,0.0,0,6.288888931274414,8.407812118530273,1,1,13.206240945222724,0.2461794923514966,1,1,1,11,4,0.0001230918279153
15,tanzania,834007,Dar es Salaam,1975,0.8851654097683865,0.2963616861655294,0.04972064332667317,23064,12.971992488539517,Dar es Salaam,44.38688494989884,52.266666666666666,4.0,147.0,15,1133.0,953.0,1246.0,71.85448257879717,15,25.95808194478353,25.37700080871582,26.34070587158203,0.2881871849310927,1636.4781762150033,0,1,0,-6.886696542821412,39.2628079019184,3582.266884251645,0.0,0,22.34964942932129,27.576068878173828,1,1,8.367861701979994,0.8705223548692761,2,4,6,9,4,0.0024442733536792
15,tanzania,834008,Lindi,1975,0.6695151452403028,0.07879679828009911,0.011097702656673774,37769,137.06733859373875,Masoko (Kilwa),189.74208558924863,351.8247863247863,8.0,843.0,234,1001.6923076923076,848.0,1250.0,92.98901336983349,234,24.70078761761005,22.10643768310547,26.836111068725582,1.0160803737844468,64882.26558000169,0,1,0,-9.47807711666988,38.40194411955447,3521.6511233647666,0.0,0,5.69767427444458,6.963730335235596,0,1,135.50641833724166,0.082210490720674,0,0,0,0,3,4.6237596255033904e-05
15,tanzania,834009,Mtwara,1975,0.6881450271420633,0.06357784463423587,0.01082936970124996,44366,210.8898015567468,Masoko (Kilwa),148.65350330589277,268.98765432098764,8.0,708.0,81,1021.7037037037036,913.0,1212.0,75.2838979790802,81,25.21151257738655,22.637582778930664,26.595977783203125,0.8670145601400897,17845.48938162003,1,1,1,-10.775941552137732,39.11445788065552,4092.6742023218458,0.0,0,7.838461399078369,10.147541046142578,0,1,8.913728975713678,0.451474306476256,3,7,8,8,8,0.0004482925533126
15,tanzania,834010,Ruvuma,1975,0.8363776932296105,0.10888911391247959,0.017285303168719318,41848,329.29989729609093,Bagamoyo (Rungwe),242.63704417730733,732.7307692307693,265.0,1591.0,234,1199.8461538461538,939.0,1682.0,141.28153473775924,234,22.61608948666825,17.72704315185547,26.21931266784668,1.7381177728306778,62860.44623695029,1,0,1,-10.724968025534004,36.25204483292087,4005.367244239189,0.0,0,7.423357486724853,9.701986312866213,0,1,67.61478046197028,0.1344848765595176,0,0,1,2,6,9.5449529221972e-05
15,tanzania,834011,"Iringa, Njombe",1975,0.8439804322088292,0.12020867650374882,0.018576025688546133,59493,194.89868322456445,Bagamoyo (Rungwe),453.8835380605727,1300.457399103139,283.0,2569.0,223,1024.0313901345291,449.0,2111.0,361.3062796495669,223,20.170510651284804,12.932812690734863,25.366437911987305,2.612534209380722,57748.59621538842,0,0,0,-8.406875858570324,35.19485687781086,4098.6346530272,0.0,0,9.259414672851562,10.667630195617676,0,1,50.733410827828585,0.3307921967389796,0,0,5,8,17,0.0002943794501357
15,tanzania,834012,Mbeya,1975,0.7866267321824082,0.11375699535411901,0.020096236044111787,60486,118.58697646034835,Bagamoyo (Rungwe),287.51192859089343,1281.6216216216217,485.0,2569.0,222,984.027027027027,640.0,2313.0,268.21406199773264,222,21.255869444426114,12.932812690734863,24.688188552856445,1.845763487046904,61101.897182427056,0,0,1,-8.22473325633618,33.3601549392031,4066.818428889593,0.0,0,9.498154640197754,9.837475776672363,0,1,48.62454121404765,0.2762693494887812,0,1,2,4,21,0.0003436881826648
15,tanzania,834013,Singida,1975,0.7941514980023666,0.0790847529707567,0.01500420214737639,43308,202.9593144124726,Tabora,177.36333812311238,1259.7431693989072,824.0,1656.0,183,652.3005464480874,523.0,814.0,56.568661792278185,183,21.80381192275084,18.96812438964844,24.01247978210449,1.0745948258963365,48522.91036779486,0,0,0,-5.744374502304628,34.495691261197365,4085.039723945792,0.0,0,9.47826099395752,9.644808769226074,1,1,115.61754368163189,0.0787784924509921,0,0,0,0,2,4.121764306469592e-05
15,tanzania,834014,Tabora,1975,0.5991019148843321,0.07878989527271328,0.012714366477208989,41210,25.758542006352556,Tabora,87.27096615436882,1171.9242424242425,1042.0,1529.0,264,875.5530303030303,646.0,1075.0,116.03319237718794,264,23.12003270062533,20.631250381469727,24.13921165466309,0.6217057665205177,75500.42826178324,0,0,0,-5.262611219466378,32.8193206209496,4512.357440591531,0.0,0,10.779279708862305,9.229426383972168,1,1,20.15504188791737,0.2144366883098698,2,5,7,10,12,0.0001589394957918
15,tanzania,834015,"Katavi, Rukwa",1975,0.6519900160635732,0.07144218313393838,0.010310951925311451,28302,269.98209269313475,Tabora,290.38423961409666,1191.5652173913045,767.0,2054.0,276,980.9021739130436,840.0,1212.0,86.17933691562109,276,22.99809084076812,16.930936813354492,27.596620559692383,2.124000241049042,75586.08907648227,0,0,1,-6.952748736208695,31.31537933699648,4151.020568368143,0.0,1,7.977272510528564,9.267605781555176,1,1,39.68634890832376,0.2133227784784004,0,1,1,6,9,0.0001190695286654
15,tanzania,834016,Kigoma,1975,0.7151136669818394,0.07285690834955907,0.01451653897693011,42804,268.4819538738862,Tabora,204.69502794543715,1103.4885057471265,767.0,1578.0,174,1062.0,903.0,1367.0,84.2554954038437,174,22.091702362586712,19.22247886657715,25.2572078704834,1.256877301151604,44740.71827419318,0,0,1,-4.78619989980952,30.397240008377683,4040.8204457523257,0.0,0,7.890625,9.44252872467041,1,1,39.9841209526216,0.1317761793689671,0,2,3,3,3,6.705301380309873e-05
15,tanzania,834019,"Geita, Kagera, Mwanza, Shinyanga, Simiyu",1975,0.6560800621500001,0.09022612549995786,0.015167670194227096,211472,237.53428683063424,Tabora,146.73130358876674,1259.6987012987013,1043.0,1805.0,385,956.4415584415584,609.0,1971.0,222.39027900286885,385,21.856713272689223,18.375810623168945,24.13921165466309,1.2463828454968895,98395.69449879536,1,0,1,-2.905519672676864,32.598094495431084,4021.832117442256,0.0,1,9.628944396972656,10.173187255859377,1,1,40.42059816337851,0.299147641805575,0,1,4,6,22,0.0002235870188432
15,tanzania,834020,Mara,1975,0.8163248826986557,0.14987910965989432,0.024968129495073384,46382,278.6857124183494,Nairobi,197.04117807027367,1358.8539325842696,1134.0,1883.0,89,988.4606741573034,760.0,1436.0,139.75548922344638,89,21.497346792328223,17.977415084838867,23.09195709228516,1.3338267615512849,21139.108024833964,0,0,1,-1.8524449943067256,34.397441672183575,4074.373973632813,0.0,1,6.670731544494629,8.755905151367188,0,1,49.41537639138389,0.2383871127300015,0,1,2,3,3,0.0001419170570714
15,tanzania,834051,Zanzibar North,1975,0.5771118482394446,0.3912602081068883,0.018353689778162766,5638,22.58775342394278,Zanzibar,9.190877119308158,32.166666666666664,21.0,47.0,6,1655.6666666666667,1619.0,1697.0,25.66233729720572,6,26.217597325642902,26.058135986328125,26.371862411499023,0.1194082761319511,460.7110611263976,0,1,0,-5.919809418832426,39.28512551475673,3513.460286458333,0.0,0,6.104477405548096,9.291666984558104,0,0,26.877383836471967,0.383800366685177,0,3,4,12,0,0.0
15,tanzania,834052,Zanzibar South,1975,0.834844494679063,0.5864815597087915,0.01934064526113756,5063,26.309799129788534,Zanzibar,11.026343315604691,20.444444444444443,6.0,47.0,9,1499.3333333333333,1387.0,1665.0,87.65842800324451,9,26.093603981865776,25.903940200805664,26.56666755676269,0.1859670319163224,889.8607895437433,0,1,0,-6.241587373985173,39.42177836493816,3562.7869669596357,0.0,0,5.739837169647217,6.802469253540039,0,0,24.0441881101656,0.5381757494387728,1,3,7,8,0,0.0
15,tanzania,834053,Zanzibar Town/West,1975,0.8839839880274677,0.7018152349526576,0.04562317443947504,8032,7.108408766181701,Zanzibar,14.972892172189043,22.75,6.0,47.0,4,1487.5,1387.0,1665.0,107.39995344505508,4,26.19031143188477,25.903940200805664,26.56666755676269,0.2436698082182006,249.92949231072757,0,1,0,-6.171853561087508,39.24710706298553,3594.9219970703125,0.0,0,15.852631568908691,16.917160034179688,0,1,3.248172215641085,0.9878432898532274,3,4,7,9,1,0.0040011284412835
15,tanzania,834054,Pemba North,1975,0.5392454644397083,0.3679402621179422,0.022040731480609563,9608,73.49581601170716,Tanga,10.469449603489192,12.125,0.0,30.0,8,1454.0,1183.0,1621.0,156.55190832436378,8,25.676469564437863,25.42853736877441,25.91927146911621,0.1446035905487015,553.7777110960293,0,1,0,-5.041635232067668,39.76796734443603,3867.304402669271,0.0,0,6.28125,6.620689868927002,0,1,5.439469476792691,0.9884043266592104,3,4,4,7,1,0.00180577870861
15,tanzania,834055,Pemba South,1975,0.6060388636775763,0.43270071373640806,0.020160927242178793,9142,74.44383810796502,Tanga,8.881941729649485,18.33333333333333,7.0,30.0,6,1575.5,1183.0,1817.0,202.606967632738,6,25.608811378479004,25.42853736877441,25.7833309173584,0.1232018898981163,498.4724638683924,0,1,0,-5.322612952658151,39.74101711461534,3566.061593191964,0.0,0,6.6626505851745605,7.103448390960693,0,1,5.123176306894114,0.9878348853679556,3,4,4,7,3,0.0060183866059892
16,togo,768001,"Maritime, Lomé",1915,0.037383177570093455,0.006230529595015576,0.0,321,42.97608485301258,Dzodze,43.85687629477353,66.83870967741936,2.0,174.0,31,1044.1612903225807,954.0,1243.0,64.05295026027095,31,26.742280098699755,25.98212432861328,27.40653419494629,0.3515401533939077,6279.097174778583,0,1,1,6.4999951406547805,1.2791595112191871,3579.1978776487585,0.0,0,11.854275703430176,14.595237731933594,1,1,11.798792201730834,0.8512572749011301,1,9,15,21,8,0.0012740685129279
16,togo,768002,"Plateaux, Centrale, Kara",1915,0.0106951871657754,0.0,0.0,374,176.7878888809929,Abomey,134.61858300073663,287.02515723270443,89.0,713.0,159,1228.5345911949685,999.0,1639.0,127.53121605160116,159,26.61193053527448,23.158126831054688,28.19789695739746,0.8994962390580494,42081.27902578549,0,0,1,8.411680824873944,1.0413668752320322,3703.252241610529,0.0,0,7.632016658782959,8.387626647949219,1,1,98.40679867643732,0.1519922340180125,0,0,0,1,8,0.0001901082900806
16,togo,768003,Savanes,1915,0.013333333333333334,0.0,0.0,75,288.9733938011614,Ouagadougou,56.0494358240861,195.22727272727272,123.0,366.0,44,1037.090909090909,913.0,1135.0,55.26827882816778,44,28.29415442726829,27.23031616210937,28.815832138061523,0.3213523437071533,8480.637444132712,0,0,1,10.595357001302707,0.450927664345903,4316.830629254332,0.0,0,7.675000190734863,8.942307472229004,0,0,119.0667672756943,0.0,0,0,0,0,0,0.0
16,togo,768001,"Maritime, Lomé",1925,0.04735698647805438,0.011214989069558104,0.001415171546698971,1470,42.97608485301258,Dzodze,43.85687629477353,66.83870967741936,2.0,174.0,31,1044.1612903225807,954.0,1243.0,64.05295026027095,31,26.742280098699755,25.98212432861328,27.40653419494629,0.3515401533939077,6279.097174778583,0,1,1,6.4999951406547805,1.2791595112191871,3579.1978776487585,0.0,0,11.854275703430176,14.595237731933594,1,1,11.798792201730834,0.8512572749011301,1,9,15,21,8,0.0012740685129279
16,togo,768002,"Plateaux, Centrale, Kara",1925,0.0099779952555727,0.0018318409758158534,0.0005635521989730416,1905,176.7878888809929,Abomey,134.61858300073663,287.02515723270443,89.0,713.0,159,1228.5345911949685,999.0,1639.0,127.53121605160116,159,26.61193053527448,23.158126831054688,28.19789695739746,0.8994962390580494,42081.27902578549,0,0,1,8.411680824873944,1.0413668752320322,3703.252241610529,0.0,0,7.632016658782959,8.387626647949219,1,1,98.40679867643732,0.1519922340180125,0,0,0,1,8,0.0001901082900806
16,togo,768003,Savanes,1925,0.007040305042336875,0.0,0.0,443,288.9733938011614,Ouagadougou,56.0494358240861,195.22727272727272,123.0,366.0,44,1037.090909090909,913.0,1135.0,55.26827882816778,44,28.29415442726829,27.23031616210937,28.815832138061523,0.3213523437071533,8480.637444132712,0,0,1,10.595357001302707,0.450927664345903,4316.830629254332,0.0,0,7.675000190734863,8.942307472229004,0,0,119.0667672756943,0.0,0,0,0,0,0,0.0
16,togo,768001,"Maritime, Lomé",1935,0.07956046612584132,0.017278105877133597,0.004522998486423665,3069,42.97608485301258,Dzodze,43.85687629477353,66.83870967741936,2.0,174.0,31,1044.1612903225807,954.0,1243.0,64.05295026027095,31,26.742280098699755,25.98212432861328,27.40653419494629,0.3515401533939077,6279.097174778583,0,1,1,6.4999951406547805,1.2791595112191871,3579.1978776487585,0.0,0,11.854275703430176,14.595237731933594,1,1,11.798792201730834,0.8512572749011301,1,9,15,21,8,0.0012740685129279
16,togo,768002,"Plateaux, Centrale, Kara",1935,0.035236008329773846,0.007863047220186853,0.0028756009163214257,4172,176.7878888809929,Abomey,134.61858300073663,287.02515723270443,89.0,713.0,159,1228.5345911949685,999.0,1639.0,127.53121605160116,159,26.61193053527448,23.158126831054688,28.19789695739746,0.8994962390580494,42081.27902578549,0,0,1,8.411680824873944,1.0413668752320322,3703.252241610529,0.0,0,7.632016658782959,8.387626647949219,1,1,98.40679867643732,0.1519922340180125,0,0,0,1,8,0.0001901082900806
16,togo,768003,Savanes,1935,0.0050160047787904515,0.0011537242289995234,0.0,1040,288.9733938011614,Ouagadougou,56.0494358240861,195.22727272727272,123.0,366.0,44,1037.090909090909,913.0,1135.0,55.26827882816778,44,28.29415442726829,27.23031616210937,28.815832138061523,0.3213523437071533,8480.637444132712,0,0,1,10.595357001302707,0.450927664345903,4316.830629254332,0.0,0,7.675000190734863,8.942307472229004,0,0,119.0667672756943,0.0,0,0,0,0,0,0.0
16,togo,768001,"Maritime, Lomé",1945,0.1434905579437234,0.04884662834421569,0.010146712069796959,5574,42.97608485301258,Dzodze,43.85687629477353,66.83870967741936,2.0,174.0,31,1044.1612903225807,954.0,1243.0,64.05295026027095,31,26.742280098699755,25.98212432861328,27.40653419494629,0.3515401533939077,6279.097174778583,0,1,1,6.4999951406547805,1.2791595112191871,3579.1978776487585,0.0,0,11.854275703430176,14.595237731933594,1,1,11.798792201730834,0.8512572749011301,1,9,15,21,8,0.0012740685129279
16,togo,768002,"Plateaux, Centrale, Kara",1945,0.08804767548523136,0.024536314538390502,0.005974734232198221,7938,176.7878888809929,Abomey,134.61858300073663,287.02515723270443,89.0,713.0,159,1228.5345911949685,999.0,1639.0,127.53121605160116,159,26.61193053527448,23.158126831054688,28.19789695739746,0.8994962390580494,42081.27902578549,0,0,1,8.411680824873944,1.0413668752320322,3703.252241610529,0.0,0,7.632016658782959,8.387626647949219,1,1,98.40679867643732,0.1519922340180125,0,0,0,1,8,0.0001901082900806
16,togo,768003,Savanes,1945,0.03519354130190878,0.00653332473092834,0.0012463394165845828,1893,288.9733938011614,Ouagadougou,56.0494358240861,195.22727272727272,123.0,366.0,44,1037.090909090909,913.0,1135.0,55.26827882816778,44,28.29415442726829,27.23031616210937,28.815832138061523,0.3213523437071533,8480.637444132712,0,0,1,10.595357001302707,0.450927664345903,4316.830629254332,0.0,0,7.675000190734863,8.942307472229004,0,0,119.0667672756943,0.0,0,0,0,0,0,0.0
16,togo,768001,"Maritime, Lomé",1955,0.36375053784922157,0.16510368894088356,0.04500131151807461,8223,42.97608485301258,Dzodze,43.85687629477353,66.83870967741936,2.0,174.0,31,1044.1612903225807,954.0,1243.0,64.05295026027095,31,26.742280098699755,25.98212432861328,27.40653419494629,0.3515401533939077,6279.097174778583,0,1,1,6.4999951406547805,1.2791595112191871,3579.1978776487585,0.0,0,11.854275703430176,14.595237731933594,1,1,11.798792201730834,0.8512572749011301,1,9,15,21,8,0.0012740685129279
16,togo,768002,"Plateaux, Centrale, Kara",1955,0.2924303796375557,0.13831966252322564,0.03732892509432033,11373,176.7878888809929,Abomey,134.61858300073663,287.02515723270443,89.0,713.0,159,1228.5345911949685,999.0,1639.0,127.53121605160116,159,26.61193053527448,23.158126831054688,28.19789695739746,0.8994962390580494,42081.27902578549,0,0,1,8.411680824873944,1.0413668752320322,3703.252241610529,0.0,0,7.632016658782959,8.387626647949219,1,1,98.40679867643732,0.1519922340180125,0,0,0,1,8,0.0001901082900806
16,togo,768003,Savanes,1955,0.10656112679957963,0.04719030648770645,0.015152799052066792,2885,288.9733938011614,Ouagadougou,56.0494358240861,195.22727272727272,123.0,366.0,44,1037.090909090909,913.0,1135.0,55.26827882816778,44,28.29415442726829,27.23031616210937,28.815832138061523,0.3213523437071533,8480.637444132712,0,0,1,10.595357001302707,0.450927664345903,4316.830629254332,0.0,0,7.675000190734863,8.942307472229004,0,0,119.0667672756943,0.0,0,0,0,0,0,0.0
16,togo,768001,"Maritime, Lomé",1965,0.4820930849113252,0.20950415546995851,0.04554087453924936,14249,42.97608485301258,Dzodze,43.85687629477353,66.83870967741936,2.0,174.0,31,1044.1612903225807,954.0,1243.0,64.05295026027095,31,26.742280098699755,25.98212432861328,27.40653419494629,0.3515401533939077,6279.097174778583,0,1,1,6.4999951406547805,1.2791595112191871,3579.1978776487585,0.0,0,11.854275703430176,14.595237731933594,1,1,11.798792201730834,0.8512572749011301,1,9,15,21,8,0.0012740685129279
16,togo,768002,"Plateaux, Centrale, Kara",1965,0.43560642941442906,0.1841328273018836,0.03438629336848136,20358,176.7878888809929,Abomey,134.61858300073663,287.02515723270443,89.0,713.0,159,1228.5345911949685,999.0,1639.0,127.53121605160116,159,26.61193053527448,23.158126831054688,28.19789695739746,0.8994962390580494,42081.27902578549,0,0,1,8.411680824873944,1.0413668752320322,3703.252241610529,0.0,0,7.632016658782959,8.387626647949219,1,1,98.40679867643732,0.1519922340180125,0,0,0,1,8,0.0001901082900806
16,togo,768003,Savanes,1965,0.17833156650400261,0.07509445865088835,0.01785497594764912,4843,288.9733938011614,Ouagadougou,56.0494358240861,195.22727272727272,123.0,366.0,44,1037.090909090909,913.0,1135.0,55.26827882816778,44,28.29415442726829,27.23031616210937,28.815832138061523,0.3213523437071533,8480.637444132712,0,0,1,10.595357001302707,0.450927664345903,4316.830629254332,0.0,0,7.675000190734863,8.942307472229004,0,0,119.0667672756943,0.0,0,0,0,0,0,0.0
16,togo,768001,"Maritime, Lomé",1975,0.5289333100679822,0.2300055928009699,0.05608894799861377,22451,42.97608485301258,Dzodze,43.85687629477353,66.83870967741936,2.0,174.0,31,1044.1612903225807,954.0,1243.0,64.05295026027095,31,26.742280098699755,25.98212432861328,27.40653419494629,0.3515401533939077,6279.097174778583,0,1,1,6.4999951406547805,1.2791595112191871,3579.1978776487585,0.0,0,11.854275703430176,14.595237731933594,1,1,11.798792201730834,0.8512572749011301,1,9,15,21,8,0.0012740685129279
16,togo,768002,"Plateaux, Centrale, Kara",1975,0.44076014622457604,0.17495780871315128,0.043830424049444386,30620,176.7878888809929,Abomey,134.61858300073663,287.02515723270443,89.0,713.0,159,1228.5345911949685,999.0,1639.0,127.53121605160116,159,26.61193053527448,23.158126831054688,28.19789695739746,0.8994962390580494,42081.27902578549,0,0,1,8.411680824873944,1.0413668752320322,3703.252241610529,0.0,0,7.632016658782959,8.387626647949219,1,1,98.40679867643732,0.1519922340180125,0,0,0,1,8,0.0001901082900806
16,togo,768003,Savanes,1975,0.1859964230068069,0.07693742881792115,0.019790377768334783,7630,288.9733938011614,Ouagadougou,56.0494358240861,195.22727272727272,123.0,366.0,44,1037.090909090909,913.0,1135.0,55.26827882816778,44,28.29415442726829,27.23031616210937,28.815832138061523,0.3213523437071533,8480.637444132712,0,0,1,10.595357001302707,0.450927664345903,4316.830629254332,0.0,0,7.675000190734863,8.942307472229004,0,0,119.0667672756943,0.0,0,0,0,0,0,0.0
17,uganda,800101,Kalangala,1915,0.12796208530805686,0.052132701421800945,0.0,108,79.13067070250658,Kampala,5.253570214625479,1138.0,1134.0,1153.0,15,1900.5333333333333,1547.0,2141.0,180.8814958904187,15,21.700039672851563,21.53270721435547,21.846435546875,0.0791614204957449,496.5688449923212,0,0,0,-0.3724984169276661,32.288692205372804,3379.54765625,0.0,0,,,0,0,28.173360040616288,0.4600442026583021,0,4,10,19,0,0.0
17,uganda,800102,Kampala,1915,0.2826568265682657,0.1099630996309963,0.03505535055350553,247,6.151442258410858,Kampala,2.449489742783178,1172.0,1169.0,1175.0,3,1334.0,1248.0,1422.0,71.04927867332644,3,21.480708440144856,21.232187271118164,21.63214683532715,0.1771265310139477,180.18081201937548,0,0,0,0.320355380942775,32.592890443625784,3714.615071614584,0.0,0,46.69626235961914,51.3317756652832,1,1,0.9733156423870112,1.0,7,13,21,25,1,0.0055499805378414
17,uganda,800103,"Kiboga, Kyankwanzi",1915,0.12903225806451613,0.0,0.0,31,118.2199763918944,Kampala,69.97476299081906,1136.6153846153843,1058.0,1312.0,26,1171.423076923077,1071.0,1275.0,50.17291107676691,26,22.441899079542893,21.453187942504883,23.167726516723636,0.5188793810379497,4037.438116206676,0,0,0,1.0118110468706345,31.76442699603785,3716.022520727041,0.0,0,,,0,0,50.99444158136608,0.1436013528680177,0,0,5,11,0,0.0
17,uganda,800104,"Luwero, Nakasongola, Nakaseke",1915,0.12771662432966413,0.01764041772509173,0.004233700254022015,663,93.37812218721292,Kampala,31.828137537152227,1082.4878048780488,1037.0,1174.0,41,1174.6097560975609,1125.0,1258.0,35.66776097698373,41,22.66982185549852,21.76116752624512,23.29677391052246,0.42424527044861,9205.94574928728,1,0,0,1.111392854950313,32.36675776516306,3787.602525499132,0.0,0,5.830188751220703,6.5740742683410645,0,1,37.07230847289215,0.3630100904652861,0,2,8,18,3,0.0003258763501003
17,uganda,800105,"Masaka, Ssembabule, Bukomansimbi, Kalungu, Lwengo",1915,0.09606567864377866,0.03593133596332231,0.004264846998613925,751,124.35160436006774,Kampala,49.277900964199965,1221.53125,1134.0,1303.0,32,1023.625,783.0,1547.0,205.1767149922232,32,21.21808761358261,20.24125099182129,21.644227981567383,0.3574724487867193,5932.945780099783,0,0,0,-0.1900924568934393,31.536428589815763,3161.558949190028,0.0,0,8.903614044189453,8.993569374084473,1,1,24.223332866147285,0.457790272063194,1,4,9,11,5,0.0008427516760343
17,uganda,800106,"Mpigi, Wakiso, Butambala, Gomba",1915,0.132858837485172,0.03966488730723606,0.0066725978647686835,1087,48.526349695276,Kampala,31.880173673697897,1177.9032258064517,1110.0,1239.0,31,1199.2903225806451,877.0,1724.0,206.98390050348812,31,21.577727225518995,21.232187271118164,22.10247802734375,0.221247850753866,5192.886036492974,0,0,0,0.2243588073434714,32.11471179762344,3483.7825210813494,0.0,0,11.09325885772705,13.892516136169434,1,1,15.173250387471136,0.7991456627455438,2,7,19,22,7,0.0013479980016521
17,uganda,800107,"Mubende, Mityana",1915,0.08706032150246698,0.02482890339010027,0.0031831927423205475,577,100.27568657905375,Kampala,54.21315102394101,1233.5882352941176,1102.0,1335.0,34,1079.4117647058824,832.0,1246.0,109.4430062923053,34,21.59039581523222,21.12437438964844,22.36966896057129,0.2933072297140559,6213.532780652069,0,0,0,0.4990989129450571,31.668523871232978,3421.9189693827025,0.0,0,6.224719047546387,10.361905097961426,1,1,47.05580662925107,0.3811748354117122,0,2,6,11,2,0.000321878079766
17,uganda,800108,"Mukono, Kayunga, Buikwe, Buvuma",1915,0.1388036809815951,0.029141104294478526,0.004601226993865031,522,51.02220667206982,Kampala,46.000419006274655,1125.2380952380952,1037.0,1209.0,42,1398.0,1178.0,1744.0,161.0065068191197,42,22.11365077609108,21.232187271118164,23.47479248046875,0.5036348638191965,5098.2449679808415,1,0,0,0.5646686325212069,32.91428710833904,3972.923129377694,0.0,0,8.255985260009766,9.084639549255373,1,1,24.87731329304405,0.8105038849081191,1,16,25,27,8,0.0015691674390389
17,uganda,800110,"Rakai, Lyantonde",1915,0.07313163694650371,0.0242436385493889,0.0070126227208976155,459,164.32965874540187,Kampala,63.71807906709053,1239.08,1139.0,1331.0,25,1016.64,783.0,1590.0,224.8658053150812,25,20.69850151062012,19.81110382080078,21.347352981567383,0.4400394045369014,4206.055102079315,1,0,1,-0.6362172398026028,31.39516574653056,2932.162421875,0.0,0,5.4210524559021,8.30701732635498,0,1,14.388517836935725,0.5805037161349277,1,3,7,16,2,0.0004755049450044
17,uganda,800201,"Bugiri, Iganga, Mayuge, Namutumba, Luuka, Namayingo",1915,0.054653592669988746,0.00916251406526282,0.0016074586079408454,966,122.24169597180692,Kampala,36.43347257502958,1120.8823529411766,1058.0,1187.0,34,1268.2058823529412,957.0,1421.0,111.82964444709027,34,22.61588337842156,22.07500267028809,23.443145751953125,0.4002683673979892,5186.669204225286,0,0,0,0.584871912617374,33.6053586134519,4241.699474703881,0.0,0,6.290322780609131,7.169642925262451,1,1,15.656584174039285,0.7218813714688128,2,5,9,16,3,0.0005784058866827
17,uganda,800202,"Busia, Tororo, Butaleja",1915,0.03440574636325225,0.008571256111547052,0.0012072191706404298,1266,169.76431479500502,Kampala,57.37619143643119,1147.8125,1074.0,1263.0,16,1330.0,1130.0,1590.0,125.68164145968176,16,22.647011637687683,22.15627098083496,23.2171688079834,0.3738034756590108,2584.284149208256,0,0,1,0.6781581746324686,34.02287275481315,4329.740608723959,0.0,1,6.38095235824585,7.4285712242126465,1,0,52.60889566525182,0.046331954392034,0,0,7,14,0,0.0
17,uganda,800204,Jinja,1915,0.16568047337278108,0.07297830374753451,0.01972386587771203,53,80.21798258329115,Kampala,41.74362960075344,1139.428571428571,1076.0,1209.0,7,1317.7142857142858,1223.0,1381.0,59.18183670619194,7,22.20600891113281,21.612459182739254,22.521562576293945,0.2870852667075066,686.481462546874,1,0,0,0.5728567378982413,33.21009557496111,4177.89826311384,0.0,0,9.92934799194336,10.919282913208008,1,0,25.924604913531088,0.6241276004864622,0,9,19,26,0,0.0
17,uganda,800205,"Kamuli, Kaliro, Buyende",1915,0.05213549337260678,0.014531173294059892,0.004614629356897398,994,115.99361962143932,Kampala,22.100304080570613,1062.5217391304348,1036.0,1121.0,23,1256.391304347826,1178.0,1322.0,37.4244039544006,23,23.21480668109396,22.17768859863281,24.066335678100582,0.5022333471474449,4308.73323722007,1,0,0,1.1060908178437003,33.19702879038627,4084.82234375,0.0,0,5.8947367668151855,6.099999904632568,1,1,2.1143446466775653,0.7349763062861465,2,7,11,19,4,0.0009283470987358
17,uganda,800206,"Kapchorwa, Bukwo, Kween",1915,0.028187059577194105,0.012812299807815503,0.0064061499039077515,195,255.41829100355017,Kampala,785.7725851387,1791.3333333333333,1067.0,3545.0,12,1266.5,1036.0,1649.0,185.28963813446236,12,18.98470179239909,9.416937828063965,23.08924865722656,4.292144791745692,1732.1452427137808,0,0,1,1.365185496657934,34.57662362347867,4020.5939819335936,0.0,0,,,0,0,44.28020242908786,0.0160555480741208,0,1,1,4,0,0.0
17,uganda,800207,"Katakwi, Soroti, Kaberamaido, Amuria, Serere",1915,0.03033927794693345,0.0032622879512831664,0.002174858634188778,829,209.32019853296663,Kampala,44.41238350295063,1075.2244897959183,1036.0,1337.0,49,1208.8367346938776,943.0,1376.0,112.99599901509526,49,23.841163674179388,22.00300025939941,24.596267700195312,0.4029013458090589,10019.74172596774,0,0,0,1.836037284411386,33.62159887064809,4275.608006143162,0.0,0,8.425926208496094,7.71875,1,0,37.93352662843634,0.0746160455925143,0,1,1,3,0,0.0
17,uganda,800208,"Kumi, Bukedea, Ngora",1915,0.024251278305332358,0.004528853177501826,0.0,642,203.24075079228183,Kampala,87.53780488423627,1100.7222222222222,1041.0,1435.0,18,1235.388888888889,1058.0,1376.0,85.01773598549167,18,23.402000215318463,21.20775032043457,24.46329498291016,0.701523267209241,2845.676428051319,0,0,0,1.4383135784303944,33.96901651282972,4298.395744977679,0.0,0,,,1,1,24.127620261892307,0.4853175180650594,1,2,3,7,1,0.0003514102974401
17,uganda,800209,"Mbale, Sironko, Bududa, Manafwa, Bulambuli",1915,0.033125816616708936,0.004765198678041657,0.003535469986934133,957,217.16117467938295,Kampala,728.712169244851,1635.529411764706,1049.0,3545.0,17,1344.3529411764705,1058.0,1693.0,204.21065858467028,17,19.9762020111084,9.416937828063965,23.15889549255371,4.113802514241577,2473.416541001183,0,0,1,1.111579660580016,34.31836241363437,4274.129756532866,0.0,0,8.058252334594727,9.611940383911133,1,1,6.52929075402443,0.6514222877782025,1,1,2,7,1,0.000404299067069
17,uganda,800210,"Pallisa, Budaka, Kibuku",1915,0.07692307692307693,0.029585798816568046,0.005917159763313609,169,169.48062534228288,Kampala,26.960382456898166,1077.0666666666666,1041.0,1123.0,15,1262.4,1130.0,1376.0,66.23574060379588,15,23.446822357177734,23.049455642700195,23.99481010437012,0.3123810260249865,1996.354270064338,0,0,0,1.146749125556188,33.8073710275787,4262.301870492788,0.0,0,,,1,1,5.3649225255965,0.8190225378997426,1,4,9,10,1,0.0005009130969363
17,uganda,800301,"Adjumani, Moyo",1915,0.043076923076923075,0.02646153846153846,0.012307692307692308,342,350.8713440067105,Kampala,119.79943229436492,794.8518518518518,645.0,1060.0,27,1178.2222222222222,1070.0,1293.0,63.08626271392114,27,25.26921611362033,23.35099983215332,26.141000747680664,0.8018663586421036,4964.06974271891,1,0,1,3.339884103324535,31.73240832950039,4058.8004234577047,0.0,0,7.599999904632568,,0,1,34.690967274157664,0.2921859055238431,0,1,3,3,1,0.0002014476129121
17,uganda,800302,"Apac, Oyam, Kole",1915,0.04271356783919598,0.012730318257956449,0.0016750418760469012,305,203.3912626957728,Kampala,16.98392997957247,1061.6571428571428,1024.0,1102.0,35,1279.142857142857,1125.0,1402.0,81.83193329087642,35,23.35193236214774,23.004831314086918,23.72274780273437,0.1745823703376508,6539.920548849419,1,0,0,2.119976894561146,32.56852532722645,3995.151785236516,0.0,0,9.5,,0,0,67.18644938947168,0.0754912227864263,0,0,2,4,0,0.0
17,uganda,800303,"Arua, Yumbe, Koboko, Maracha",1915,0.0330937203309372,0.006781500067815,0.001356300013563,729,357.5558564515972,Kampala,230.8862476956997,963.125,645.0,1541.0,40,1277.375,1049.0,1500.0,121.2492654616926,40,24.580327844619752,20.50116539001465,26.06658172607422,1.3739501333466688,7905.159916508503,1,0,1,3.19192266335379,31.157996814832437,3926.036674167799,0.0,0,7.058823585510254,8.5,0,1,7.547650410976329,0.3664792472459535,1,2,4,6,2,0.0002529993094539
17,uganda,800304,"Gulu, Amuru, Nwoya, Omoro",1915,0.05989518342899925,0.01672073870726229,0.0049912652857499375,389,281.9746727890923,Kampala,142.4530875919204,905.7169811320756,637.0,1089.0,53,1230.4528301886792,988.0,1402.0,110.60546338100067,53,24.1930815858661,23.043540954589844,26.141000747680664,0.8162213853015542,11774.01065621148,1,0,1,2.778074031803363,32.0509997337959,3977.4674246651775,0.0,0,8.391304016113281,10.81666660308838,0,1,44.93446136293144,0.1775730717307587,0,1,2,3,2,0.0001698656522741
17,uganda,800305,"Kitgum, Pader, Agago, Lamwo",1915,0.04877065699314793,0.004030632809351068,0.002015316404675534,532,333.2177698467941,Kampala,207.3934566174904,1056.7941176470588,697.0,2233.0,68,1141.6764705882354,879.0,1411.0,126.2247576601626,68,23.71572965734145,17.208810806274414,25.997560501098636,1.163883450745466,16406.255958807047,0,0,1,3.249719677814448,33.02152374420987,4314.878732045491,0.0,0,6.099999904632568,8.800000190734863,0,0,81.33141505106902,0.0214989142372306,0,0,0,2,0,0.0
17,uganda,800306,"Kotido, Moroto, Nakapiripirit, Abim, Kaabong, Amudat, Napak",1915,0.015433841520798042,0.0018821757952192735,0.0018821757952192735,689,331.96029078082825,Kampala,168.0940425097214,1248.981308411215,795.0,1767.0,107,837.5327102803739,511.0,1154.0,154.5599915441002,107,22.594929935776182,19.09120750427246,25.03139305114746,1.0704317269904635,27477.129416534197,0,0,1,2.746327381383045,34.24466842655889,4292.929463446895,0.0,0,5.470588207244873,,0,0,145.09627200557148,0.0,0,0,0,0,0,0.0
17,uganda,800307,"Lira, Amolatar, Dokolo, Alebtong, Otuke",1915,0.03219666931007137,0.006502775574940524,0.0031720856463124504,591,211.6408471603378,Kampala,31.05572508698143,1068.0731707317073,1024.0,1182.0,41,1260.9512195121952,1056.0,1402.0,90.47650314011926,41,23.545922814345943,23.14949989318848,23.996252059936523,0.2237959216704672,7394.926144631539,1,0,0,2.1174915084859323,33.08136910864255,4166.317759874132,0.0,0,9.375,8.901638984680176,0,0,92.0803901045658,2.151300464472169e-05,0,0,0,2,0,0.0
17,uganda,800310,"Nebbi, Zombo",1915,0.031173092698933553,0.008203445447087777,0.0,519,287.942320471368,Kampala,385.8347428024887,1051.842105263158,637.0,1795.0,19,1150.4736842105262,970.0,1412.0,137.23562849541608,19,23.046703439009818,18.855165481567383,25.37133026123047,2.1514296961610744,2893.4818000940327,1,0,1,2.477776310603247,31.158573031091983,3534.937241908482,0.0,0,,,0,0,59.222673855495465,0.0011871848262255,0,0,6,12,0,0.0
17,uganda,800401,"Bundibugyo, Ntoroko",1915,0.02553916004540295,0.0,0.0,254,265.8097694130828,Kampala,733.9652012641109,1247.8333333333333,621.0,3598.0,18,1274.7777777777778,970.0,1798.0,204.2913375972754,18,20.821055597729156,7.947145938873291,24.712373733520508,4.007612897630343,2066.8387510290645,1,0,1,0.8717194862212138,30.22701429867698,3425.734810207201,0.0,0,,,0,0,31.296989604699423,0.3429004182418068,0,4,6,9,0,0.0
17,uganda,800402,"Bushenyi, Mbarara, Ntungamo, Ibanda, Isingiro, Kiruhura, Buhweju, Mitooma, Rubirizi, Sheema",1915,0.028318956448558804,0.007490006311803072,0.0008415737428992215,2363,238.4125815018874,Kampala,179.72334621687375,1352.3939393939395,912.0,1783.0,66,956.0151515151516,788.0,1252.0,126.72213607113632,66,20.69815077926173,17.725561141967773,23.24422645568848,1.0326360690117706,16353.366781585388,1,0,1,-0.4946461671146533,30.55099808652204,3398.106101707176,0.0,0,7.643243312835693,9.502439498901367,1,1,16.115922950033454,0.2589771579535179,1,2,3,3,3,0.0001834484629414
17,uganda,800403,Hoima,1915,0.04803202134756504,0.014809873248832555,0.008539026017344896,917,196.74278114929865,Kampala,199.26824466867103,961.0,615.0,1181.0,24,1162.2916666666667,923.0,1301.0,128.36519490846766,24,23.51743467648824,22.19050025939941,25.41823005676269,1.0592092109278546,3667.704499735511,0,0,1,1.3838750786892755,31.154369176601147,3646.982376453489,0.0,1,6.5652174949646,8.59615421295166,0,1,29.588800659456407,0.4553807910639527,0,3,11,17,2,0.0005453002007506
17,uganda,800404,"Kabale, Rubanda",1915,0.017843374821015532,0.00490142086132834,0.0022028857803722875,1756,331.5832247352107,Kampala,253.481576691921,1825.5833333333333,1434.0,2115.0,12,1088.3333333333333,852.0,1323.0,145.6470238472299,12,17.535862922668457,15.454646110534668,20.075040817260746,1.646361857835779,1731.1480571168793,1,0,1,-1.2225608090925215,29.976510788963576,3726.9104736328127,0.0,0,7.5,7.954545497894287,0,1,9.022754142990983,0.8126688164552753,1,3,6,12,1,0.0005776513429275
17,uganda,800405,"Kabarole, Kamwenge, Kyenjojo, Kyegegwa",1915,0.06596506455462732,0.026472821959422806,0.013670391667570793,796,216.92648608652104,Kampala,439.5885100542838,1382.3157894736842,880.0,3598.0,38,1197.6315789473683,899.0,1798.0,185.5283239906244,38,20.50137784606532,7.947145938873291,22.95648002624512,2.477111108842092,8318.538075127784,0,0,0,0.4756724258152109,30.60385805715685,3340.204467773437,0.0,0,6.4772725105285645,8.36111068725586,1,1,34.68723107003052,0.3392922998271681,0,2,2,5,2,0.000240426861299
17,uganda,800406,Kasese,1915,0.014943215780035863,0.002988643156007173,0.002988643156007173,335,283.49822465345466,Kampala,757.1614538049515,1459.9411764705883,912.0,3598.0,17,1149.235294117647,871.0,1798.0,279.0366894306964,17,20.08346773596371,7.947145938873291,23.24422645568848,4.305396022125078,3381.2668543671384,0,0,1,0.1178517238385829,30.00231578270192,3309.615823885289,0.0,1,7.44444465637207,8.224719047546387,1,0,42.32998428392414,0.1666470893465189,0,1,2,2,0,0.0
17,uganda,800407,"Kibaale, Kagadi, Kakumiro",1915,0.037037037037037035,0.012345679012345678,0.012345679012345678,81,178.32063365699182,Kampala,125.0253029945894,1174.0833333333333,705.0,1326.0,24,1219.625,1001.0,1279.0,59.7577139371981,24,22.12914220492045,21.096290588378903,24.18389320373535,0.6851690684660439,4242.698754534124,0,0,0,0.941806585961794,31.08023201750979,3520.099687292221,0.0,0,,6.0,0,1,31.119235363792345,0.4173775941145433,0,2,4,8,1,0.0002356990344721
17,uganda,800408,Kisoro,1915,0.0392156862745098,0.026143790849673203,0.013071895424836602,153,359.96416966083245,Kampala,253.70718029518463,2003.0,1588.0,2405.0,6,1344.8333333333333,1286.0,1445.0,64.0193113226175,6,16.452409903208416,14.688042640686035,18.75826835632324,1.3258871416698317,727.5557365246409,1,0,1,-1.217985087836692,29.681798126081013,3636.497612847222,0.0,0,,6.722222328186035,0,0,24.53103453572799,0.6195793253058456,1,3,7,8,0,0.0
17,uganda,800409,"Masindi, Buliisa, Kiryandongo",1915,0.06862745098039216,0.0196078431372549,0.0070028011204481795,470,195.1616878995365,Kampala,159.85343226247656,966.342105263158,633.0,1139.0,38,1187.6052631578948,1000.0,1295.0,72.93563834450359,38,23.721613281651543,22.765352249145508,25.54585838317871,0.8501763380431203,8697.87839840885,1,0,0,1.8879551793538236,31.817751039414883,3742.083972167969,0.0,0,6.358974456787109,7.583333492279053,0,1,14.457541572975895,0.4472785600129245,1,3,5,8,3,0.00034491169715
17,uganda,800412,"Rukungiri, Kanungu",1915,0.021131805157593123,0.0053724928366762174,0.0017908309455587394,549,325.3038148657524,Kampala,367.8554298687877,1387.2222222222222,912.0,2100.0,18,1072.611111111111,882.0,1323.0,125.817830784074,18,20.214378092024063,15.454646110534668,23.189790725708008,2.331989564740496,2846.242753633956,0,0,1,-0.7542210495441976,29.813499046622763,3664.575209673713,0.0,0,5.333333492279053,6.318181991577148,0,0,55.9628952622684,0.0355781033844445,0,0,3,6,0,0.0
17,uganda,800101,Kalangala,1925,0.2846153846153846,0.10923076923076923,0.03076923076923077,267,79.13067070250658,Kampala,5.253570214625479,1138.0,1134.0,1153.0,15,1900.5333333333333,1547.0,2141.0,180.8814958904187,15,21.700039672851563,21.53270721435547,21.846435546875,0.0791614204957449,496.5688449923212,0,0,0,-0.3724984169276661,32.288692205372804,3379.54765625,0.0,0,,,0,0,28.173360040616288,0.4600442026583021,0,4,10,19,0,0.0
17,uganda,800102,Kampala,1925,0.34829976890062725,0.12892043578738857,0.04456916474083856,576,6.151442258410858,Kampala,2.449489742783178,1172.0,1169.0,1175.0,3,1334.0,1248.0,1422.0,71.04927867332644,3,21.480708440144856,21.232187271118164,21.63214683532715,0.1771265310139477,180.18081201937548,0,0,0,0.320355380942775,32.592890443625784,3714.615071614584,0.0,0,46.69626235961914,51.3317756652832,1,1,0.9733156423870112,1.0,7,13,21,25,1,0.0055499805378414
17,uganda,800103,"Kiboga, Kyankwanzi",1925,0.1554054054054054,0.0472972972972973,0.013513513513513514,148,118.2199763918944,Kampala,69.97476299081906,1136.6153846153843,1058.0,1312.0,26,1171.423076923077,1071.0,1275.0,50.17291107676691,26,22.441899079542893,21.453187942504883,23.167726516723636,0.5188793810379497,4037.438116206676,0,0,0,1.0118110468706345,31.76442699603785,3716.022520727041,0.0,0,,,0,0,50.99444158136608,0.1436013528680177,0,0,5,11,0,0.0
17,uganda,800104,"Luwero, Nakasongola, Nakaseke",1925,0.16716435388488787,0.03249604777797295,0.004332806370396393,1618,93.37812218721292,Kampala,31.828137537152227,1082.4878048780488,1037.0,1174.0,41,1174.6097560975609,1125.0,1258.0,35.66776097698373,41,22.66982185549852,21.76116752624512,23.29677391052246,0.42424527044861,9205.94574928728,1,0,0,1.111392854950313,32.36675776516306,3787.602525499132,0.0,0,5.830188751220703,6.5740742683410645,0,1,37.07230847289215,0.3630100904652861,0,2,8,18,3,0.0003258763501003
17,uganda,800105,"Masaka, Ssembabule, Bukomansimbi, Kalungu, Lwengo",1925,0.13799051315222077,0.04372574385510996,0.009702457956015523,1949,124.35160436006774,Kampala,49.277900964199965,1221.53125,1134.0,1303.0,32,1023.625,783.0,1547.0,205.1767149922232,32,21.21808761358261,20.24125099182129,21.644227981567383,0.3574724487867193,5932.945780099783,0,0,0,-0.1900924568934393,31.536428589815763,3161.558949190028,0.0,0,8.903614044189453,8.993569374084473,1,1,24.223332866147285,0.457790272063194,1,4,9,11,5,0.0008427516760343
17,uganda,800106,"Mpigi, Wakiso, Butambala, Gomba",1925,0.2133966423605223,0.05908088858741733,0.015126335424792267,2513,48.526349695276,Kampala,31.880173673697897,1177.9032258064517,1110.0,1239.0,31,1199.2903225806451,877.0,1724.0,206.98390050348812,31,21.577727225518995,21.232187271118164,22.10247802734375,0.221247850753866,5192.886036492974,0,0,0,0.2243588073434714,32.11471179762344,3483.7825210813494,0.0,0,11.09325885772705,13.892516136169434,1,1,15.173250387471136,0.7991456627455438,2,7,19,22,7,0.0013479980016521
17,uganda,800107,"Mubende, Mityana",1925,0.18116830065359477,0.046296296296296294,0.011369825708061002,1380,100.27568657905375,Kampala,54.21315102394101,1233.5882352941176,1102.0,1335.0,34,1079.4117647058824,832.0,1246.0,109.4430062923053,34,21.59039581523222,21.12437438964844,22.36966896057129,0.2933072297140559,6213.532780652069,0,0,0,0.4990989129450571,31.668523871232978,3421.9189693827025,0.0,0,6.224719047546387,10.361905097961426,1,1,47.05580662925107,0.3811748354117122,0,2,6,11,2,0.000321878079766
17,uganda,800108,"Mukono, Kayunga, Buikwe, Buvuma",1925,0.19520369835307713,0.045882692863334296,0.009245882692863335,1490,51.02220667206982,Kampala,46.000419006274655,1125.2380952380952,1037.0,1209.0,42,1398.0,1178.0,1744.0,161.0065068191197,42,22.11365077609108,21.232187271118164,23.47479248046875,0.5036348638191965,5098.2449679808415,1,0,0,0.5646686325212069,32.91428710833904,3972.923129377694,0.0,0,8.255985260009766,9.084639549255373,1,1,24.87731329304405,0.8105038849081191,1,16,25,27,8,0.0015691674390389
17,uganda,800110,"Rakai, Lyantonde",1925,0.10149253731343283,0.025373134328358207,0.007555970149253731,1010,164.32965874540187,Kampala,63.71807906709053,1239.08,1139.0,1331.0,25,1016.64,783.0,1590.0,224.8658053150812,25,20.69850151062012,19.81110382080078,21.347352981567383,0.4400394045369014,4206.055102079315,1,0,1,-0.6362172398026028,31.39516574653056,2932.162421875,0.0,0,5.4210524559021,8.30701732635498,0,1,14.388517836935725,0.5805037161349277,1,3,7,16,2,0.0004755049450044
17,uganda,800201,"Bugiri, Iganga, Mayuge, Namutumba, Luuka, Namayingo",1925,0.08563860208904006,0.026338761626681917,0.0062008970229674,2744,122.24169597180692,Kampala,36.43347257502958,1120.8823529411766,1058.0,1187.0,34,1268.2058823529412,957.0,1421.0,111.82964444709027,34,22.61588337842156,22.07500267028809,23.443145751953125,0.4002683673979892,5186.669204225286,0,0,0,0.584871912617374,33.6053586134519,4241.699474703881,0.0,0,6.290322780609131,7.169642925262451,1,1,15.656584174039285,0.7218813714688128,2,5,9,16,3,0.0005784058866827
17,uganda,800202,"Busia, Tororo, Butaleja",1925,0.06361811085794211,0.014708868184176688,0.0033388228393529903,3538,169.76431479500502,Kampala,57.37619143643119,1147.8125,1074.0,1263.0,16,1330.0,1130.0,1590.0,125.68164145968176,16,22.647011637687683,22.15627098083496,23.2171688079834,0.3738034756590108,2584.284149208256,0,0,1,0.6781581746324686,34.02287275481315,4329.740608723959,0.0,1,6.38095235824585,7.4285712242126465,1,0,52.60889566525182,0.046331954392034,0,0,7,14,0,0.0
17,uganda,800204,Jinja,1925,0.16856060606060605,0.10511363636363637,0.05539772727272727,214,80.21798258329115,Kampala,41.74362960075344,1139.428571428571,1076.0,1209.0,7,1317.7142857142858,1223.0,1381.0,59.18183670619194,7,22.20600891113281,21.612459182739254,22.521562576293945,0.2870852667075066,686.481462546874,1,0,0,0.5728567378982413,33.21009557496111,4177.89826311384,0.0,0,9.92934799194336,10.919282913208008,1,0,25.924604913531088,0.6241276004864622,0,9,19,26,0,0.0
17,uganda,800205,"Kamuli, Kaliro, Buyende",1925,0.08357880680256077,0.02164094104709163,0.005223675425160048,2495,115.99361962143932,Kampala,22.100304080570613,1062.5217391304348,1036.0,1121.0,23,1256.391304347826,1178.0,1322.0,37.4244039544006,23,23.21480668109396,22.17768859863281,24.066335678100582,0.5022333471474449,4308.73323722007,1,0,0,1.1060908178437003,33.19702879038627,4084.82234375,0.0,0,5.8947367668151855,6.099999904632568,1,1,2.1143446466775653,0.7349763062861465,2,7,11,19,4,0.0009283470987358
17,uganda,800206,"Kapchorwa, Bukwo, Kween",1925,0.059238665526090674,0.0029940119760479044,0.0,558,255.41829100355017,Kampala,785.7725851387,1791.3333333333333,1067.0,3545.0,12,1266.5,1036.0,1649.0,185.28963813446236,12,18.98470179239909,9.416937828063965,23.08924865722656,4.292144791745692,1732.1452427137808,0,0,1,1.365185496657934,34.57662362347867,4020.5939819335936,0.0,0,,,0,0,44.28020242908786,0.0160555480741208,0,1,1,4,0,0.0
17,uganda,800207,"Katakwi, Soroti, Kaberamaido, Amuria, Serere",1925,0.057089180277586075,0.01042864810980753,0.003067249444061038,2396,209.32019853296663,Kampala,44.41238350295063,1075.2244897959183,1036.0,1337.0,49,1208.8367346938776,943.0,1376.0,112.99599901509526,49,23.841163674179388,22.00300025939941,24.596267700195312,0.4029013458090589,10019.74172596774,0,0,0,1.836037284411386,33.62159887064809,4275.608006143162,0.0,0,8.425926208496094,7.71875,1,0,37.93352662843634,0.0746160455925143,0,1,1,3,0,0.0
17,uganda,800208,"Kumi, Bukedea, Ngora",1925,0.06344732223581344,0.013189384672658618,0.004786470244109982,1787,203.24075079228183,Kampala,87.53780488423627,1100.7222222222222,1041.0,1435.0,18,1235.388888888889,1058.0,1376.0,85.01773598549167,18,23.402000215318463,21.20775032043457,24.46329498291016,0.701523267209241,2845.676428051319,0,0,0,1.4383135784303944,33.96901651282972,4298.395744977679,0.0,0,,,1,1,24.127620261892307,0.4853175180650594,1,2,3,7,1,0.0003514102974401
17,uganda,800209,"Mbale, Sironko, Bududa, Manafwa, Bulambuli",1925,0.06987940321273654,0.01191667858334525,0.00333667000333667,3273,217.16117467938295,Kampala,728.712169244851,1635.529411764706,1049.0,3545.0,17,1344.3529411764705,1058.0,1693.0,204.21065858467028,17,19.9762020111084,9.416937828063965,23.15889549255371,4.113802514241577,2473.416541001183,0,0,1,1.111579660580016,34.31836241363437,4274.129756532866,0.0,0,8.058252334594727,9.611940383911133,1,1,6.52929075402443,0.6514222877782025,1,1,2,7,1,0.000404299067069
17,uganda,800210,"Pallisa, Budaka, Kibuku",1925,0.09234507897934387,0.02187120291616039,0.00850546780072904,823,169.48062534228288,Kampala,26.960382456898166,1077.0666666666666,1041.0,1123.0,15,1262.4,1130.0,1376.0,66.23574060379588,15,23.446822357177734,23.049455642700195,23.99481010437012,0.3123810260249865,1996.354270064338,0,0,0,1.146749125556188,33.8073710275787,4262.301870492788,0.0,0,,,1,1,5.3649225255965,0.8190225378997426,1,4,9,10,1,0.0005009130969363
17,uganda,800301,"Adjumani, Moyo",1925,0.11127884408022429,0.05650204873840845,0.03234850118611171,874,350.8713440067105,Kampala,119.79943229436492,794.8518518518518,645.0,1060.0,27,1178.2222222222222,1070.0,1293.0,63.08626271392114,27,25.26921611362033,23.35099983215332,26.141000747680664,0.8018663586421036,4964.06974271891,1,0,1,3.339884103324535,31.73240832950039,4058.8004234577047,0.0,0,7.599999904632568,,0,1,34.690967274157664,0.2921859055238431,0,1,3,3,1,0.0002014476129121
17,uganda,800302,"Apac, Oyam, Kole",1925,0.07594588649362076,0.00973383194016718,0.002199736031676199,1102,203.3912626957728,Kampala,16.98392997957247,1061.6571428571428,1024.0,1102.0,35,1279.142857142857,1125.0,1402.0,81.83193329087642,35,23.35193236214774,23.004831314086918,23.72274780273437,0.1745823703376508,6539.920548849419,1,0,0,2.119976894561146,32.56852532722645,3995.151785236516,0.0,0,9.5,,0,0,67.18644938947168,0.0754912227864263,0,0,2,4,0,0.0
17,uganda,800303,"Arua, Yumbe, Koboko, Maracha",1925,0.0628862411628022,0.012013645127799476,0.006921441637415336,2009,357.5558564515972,Kampala,230.8862476956997,963.125,645.0,1541.0,40,1277.375,1049.0,1500.0,121.2492654616926,40,24.580327844619752,20.50116539001465,26.06658172607422,1.3739501333466688,7905.159916508503,1,0,1,3.19192266335379,31.157996814832437,3926.036674167799,0.0,0,7.058823585510254,8.5,0,1,7.547650410976329,0.3664792472459535,1,2,4,6,2,0.0002529993094539
17,uganda,800304,"Gulu, Amuru, Nwoya, Omoro",1925,0.1312170308967596,0.03749058025621703,0.014129615674453654,1044,281.9746727890923,Kampala,142.4530875919204,905.7169811320756,637.0,1089.0,53,1230.4528301886792,988.0,1402.0,110.60546338100067,53,24.1930815858661,23.043540954589844,26.141000747680664,0.8162213853015542,11774.01065621148,1,0,1,2.778074031803363,32.0509997337959,3977.4674246651775,0.0,0,8.391304016113281,10.81666660308838,0,1,44.93446136293144,0.1775730717307587,0,1,2,3,2,0.0001698656522741
17,uganda,800305,"Kitgum, Pader, Agago, Lamwo",1925,0.0784495405760173,0.021697166241989037,0.00772141147401745,1358,333.2177698467941,Kampala,207.3934566174904,1056.7941176470588,697.0,2233.0,68,1141.6764705882354,879.0,1411.0,126.2247576601626,68,23.71572965734145,17.208810806274414,25.997560501098636,1.163883450745466,16406.255958807047,0,0,1,3.249719677814448,33.02152374420987,4314.878732045491,0.0,0,6.099999904632568,8.800000190734863,0,0,81.33141505106902,0.0214989142372306,0,0,0,2,0,0.0
17,uganda,800306,"Kotido, Moroto, Nakapiripirit, Abim, Kaabong, Amudat, Napak",1925,0.03888888888888889,0.017274305555555557,0.015104166666666667,1438,331.96029078082825,Kampala,168.0940425097214,1248.981308411215,795.0,1767.0,107,837.5327102803739,511.0,1154.0,154.5599915441002,107,22.594929935776182,19.09120750427246,25.03139305114746,1.0704317269904635,27477.129416534197,0,0,1,2.746327381383045,34.24466842655889,4292.929463446895,0.0,0,5.470588207244873,,0,0,145.09627200557148,0.0,0,0,0,0,0,0.0
17,uganda,800307,"Lira, Amolatar, Dokolo, Alebtong, Otuke",1925,0.05862591085454717,0.007901958928740418,0.0,2011,211.6408471603378,Kampala,31.05572508698143,1068.0731707317073,1024.0,1182.0,41,1260.9512195121952,1056.0,1402.0,90.47650314011926,41,23.545922814345943,23.14949989318848,23.996252059936523,0.2237959216704672,7394.926144631539,1,0,0,2.1174915084859323,33.08136910864255,4166.317759874132,0.0,0,9.375,8.901638984680176,0,0,92.0803901045658,2.151300464472169e-05,0,0,0,2,0,0.0
17,uganda,800310,"Nebbi, Zombo",1925,0.08253836582330983,0.012277063459145582,0.007465781833264205,1270,287.942320471368,Kampala,385.8347428024887,1051.842105263158,637.0,1795.0,19,1150.4736842105262,970.0,1412.0,137.23562849541608,19,23.046703439009818,18.855165481567383,25.37133026123047,2.1514296961610744,2893.4818000940327,1,0,1,2.477776310603247,31.158573031091983,3534.937241908482,0.0,0,,,0,0,59.222673855495465,0.0011871848262255,0,0,6,12,0,0.0
17,uganda,800401,"Bundibugyo, Ntoroko",1925,0.02776470588235294,0.004705882352941176,0.002352941176470588,587,265.8097694130828,Kampala,733.9652012641109,1247.8333333333333,621.0,3598.0,18,1274.7777777777778,970.0,1798.0,204.2913375972754,18,20.821055597729156,7.947145938873291,24.712373733520508,4.007612897630343,2066.8387510290645,1,0,1,0.8717194862212138,30.22701429867698,3425.734810207201,0.0,0,,,0,0,31.296989604699423,0.3429004182418068,0,4,6,9,0,0.0
17,uganda,800402,"Bushenyi, Mbarara, Ntungamo, Ibanda, Isingiro, Kiruhura, Buhweju, Mitooma, Rubirizi, Sheema",1925,0.058190804679443875,0.010987447996301958,0.002489065889129894,5579,238.4125815018874,Kampala,179.72334621687375,1352.3939393939395,912.0,1783.0,66,956.0151515151516,788.0,1252.0,126.72213607113632,66,20.69815077926173,17.725561141967773,23.24422645568848,1.0326360690117706,16353.366781585388,1,0,1,-0.4946461671146533,30.55099808652204,3398.106101707176,0.0,0,7.643243312835693,9.502439498901367,1,1,16.115922950033454,0.2589771579535179,1,2,3,3,3,0.0001834484629414
17,uganda,800403,Hoima,1925,0.09423465947403911,0.03936277815239379,0.009861766689143629,1415,196.74278114929865,Kampala,199.26824466867103,961.0,615.0,1181.0,24,1162.2916666666667,923.0,1301.0,128.36519490846766,24,23.51743467648824,22.19050025939941,25.41823005676269,1.0592092109278546,3667.704499735511,0,0,1,1.3838750786892755,31.154369176601147,3646.982376453489,0.0,1,6.5652174949646,8.59615421295166,0,1,29.588800659456407,0.4553807910639527,0,3,11,17,2,0.0005453002007506
17,uganda,800404,"Kabale, Rubanda",1925,0.03367901480779777,0.007403898888168719,0.001994316198833325,3886,331.5832247352107,Kampala,253.481576691921,1825.5833333333333,1434.0,2115.0,12,1088.3333333333333,852.0,1323.0,145.6470238472299,12,17.535862922668457,15.454646110534668,20.075040817260746,1.646361857835779,1731.1480571168793,1,0,1,-1.2225608090925215,29.976510788963576,3726.9104736328127,0.0,0,7.5,7.954545497894287,0,1,9.022754142990983,0.8126688164552753,1,3,6,12,1,0.0005776513429275
17,uganda,800405,"Kabarole, Kamwenge, Kyenjojo, Kyegegwa",1925,0.09409391049156272,0.02714600146735143,0.005961115187087308,1947,216.92648608652104,Kampala,439.5885100542838,1382.3157894736842,880.0,3598.0,38,1197.6315789473683,899.0,1798.0,185.5283239906244,38,20.50137784606532,7.947145938873291,22.95648002624512,2.477111108842092,8318.538075127784,0,0,0,0.4756724258152109,30.60385805715685,3340.204467773437,0.0,0,6.4772725105285645,8.36111068725586,1,1,34.68723107003052,0.3392922998271681,0,2,2,5,2,0.000240426861299
17,uganda,800406,Kasese,1925,0.03915881073241479,0.01015228426395939,0.0029006526468455403,689,283.49822465345466,Kampala,757.1614538049515,1459.9411764705883,912.0,3598.0,17,1149.235294117647,871.0,1798.0,279.0366894306964,17,20.08346773596371,7.947145938873291,23.24422645568848,4.305396022125078,3381.2668543671384,0,0,1,0.1178517238385829,30.00231578270192,3309.615823885289,0.0,1,7.44444465637207,8.224719047546387,1,0,42.32998428392414,0.1666470893465189,0,1,2,2,0,0.0
17,uganda,800407,"Kibaale, Kagadi, Kakumiro",1925,0.14114114114114115,0.05105105105105105,0.03303303303303303,333,178.32063365699182,Kampala,125.0253029945894,1174.0833333333333,705.0,1326.0,24,1219.625,1001.0,1279.0,59.7577139371981,24,22.12914220492045,21.096290588378903,24.18389320373535,0.6851690684660439,4242.698754534124,0,0,0,0.941806585961794,31.08023201750979,3520.099687292221,0.0,0,,6.0,0,1,31.119235363792345,0.4173775941145433,0,2,4,8,1,0.0002356990344721
17,uganda,800408,Kisoro,1925,0.040169133192389,0.010570824524312896,0.008456659619450317,473,359.96416966083245,Kampala,253.70718029518463,2003.0,1588.0,2405.0,6,1344.8333333333333,1286.0,1445.0,64.0193113226175,6,16.452409903208416,14.688042640686035,18.75826835632324,1.3258871416698317,727.5557365246409,1,0,1,-1.217985087836692,29.681798126081013,3636.497612847222,0.0,0,,6.722222328186035,0,0,24.53103453572799,0.6195793253058456,1,3,7,8,0,0.0
17,uganda,800409,"Masindi, Buliisa, Kiryandongo",1925,0.09313350665239334,0.02676250191160728,0.004587857470561248,964,195.1616878995365,Kampala,159.85343226247656,966.342105263158,633.0,1139.0,38,1187.6052631578948,1000.0,1295.0,72.93563834450359,38,23.721613281651543,22.765352249145508,25.54585838317871,0.8501763380431203,8697.87839840885,1,0,0,1.8879551793538236,31.817751039414883,3742.083972167969,0.0,0,6.358974456787109,7.583333492279053,0,1,14.457541572975895,0.4472785600129245,1,3,5,8,3,0.00034491169715
17,uganda,800412,"Rukungiri, Kanungu",1925,0.05410561660561661,0.011446886446886446,0.008394383394383394,1285,325.3038148657524,Kampala,367.8554298687877,1387.2222222222222,912.0,2100.0,18,1072.611111111111,882.0,1323.0,125.817830784074,18,20.214378092024063,15.454646110534668,23.189790725708008,2.331989564740496,2846.242753633956,0,0,1,-0.7542210495441976,29.813499046622763,3664.575209673713,0.0,0,5.333333492279053,6.318181991577148,0,0,55.9628952622684,0.0355781033844445,0,0,3,6,0,0.0
17,uganda,800101,Kalangala,1935,0.38253638253638256,0.09563409563409564,0.033264033264033266,371,79.13067070250658,Kampala,5.253570214625479,1138.0,1134.0,1153.0,15,1900.5333333333333,1547.0,2141.0,180.8814958904187,15,21.700039672851563,21.53270721435547,21.846435546875,0.0791614204957449,496.5688449923212,0,0,0,-0.3724984169276661,32.288692205372804,3379.54765625,0.0,0,,,0,0,28.173360040616288,0.4600442026583021,0,4,10,19,0,0.0
17,uganda,800102,Kampala,1935,0.45768647134352747,0.19575113808801214,0.051943504143807634,822,6.151442258410858,Kampala,2.449489742783178,1172.0,1169.0,1175.0,3,1334.0,1248.0,1422.0,71.04927867332644,3,21.480708440144856,21.232187271118164,21.63214683532715,0.1771265310139477,180.18081201937548,0,0,0,0.320355380942775,32.592890443625784,3714.615071614584,0.0,0,46.69626235961914,51.3317756652832,1,1,0.9733156423870112,1.0,7,13,21,25,1,0.0055499805378414
17,uganda,800103,"Kiboga, Kyankwanzi",1935,0.24152542372881355,0.05508474576271186,0.012711864406779662,236,118.2199763918944,Kampala,69.97476299081906,1136.6153846153843,1058.0,1312.0,26,1171.423076923077,1071.0,1275.0,50.17291107676691,26,22.441899079542893,21.453187942504883,23.167726516723636,0.5188793810379497,4037.438116206676,0,0,0,1.0118110468706345,31.76442699603785,3716.022520727041,0.0,0,,,0,0,50.99444158136608,0.1436013528680177,0,0,5,11,0,0.0
17,uganda,800104,"Luwero, Nakasongola, Nakaseke",1935,0.24297902595094206,0.048062566654816924,0.011411304656949875,2690,93.37812218721292,Kampala,31.828137537152227,1082.4878048780488,1037.0,1174.0,41,1174.6097560975609,1125.0,1258.0,35.66776097698373,41,22.66982185549852,21.76116752624512,23.29677391052246,0.42424527044861,9205.94574928728,1,0,0,1.111392854950313,32.36675776516306,3787.602525499132,0.0,0,5.830188751220703,6.5740742683410645,0,1,37.07230847289215,0.3630100904652861,0,2,8,18,3,0.0003258763501003
17,uganda,800105,"Masaka, Ssembabule, Bukomansimbi, Kalungu, Lwengo",1935,0.20450063797703283,0.05282449831806055,0.012504349843405637,3662,124.35160436006774,Kampala,49.277900964199965,1221.53125,1134.0,1303.0,32,1023.625,783.0,1547.0,205.1767149922232,32,21.21808761358261,20.24125099182129,21.644227981567383,0.3574724487867193,5932.945780099783,0,0,0,-0.1900924568934393,31.536428589815763,3161.558949190028,0.0,0,8.903614044189453,8.993569374084473,1,1,24.223332866147285,0.457790272063194,1,4,9,11,5,0.0008427516760343
17,uganda,800106,"Mpigi, Wakiso, Butambala, Gomba",1935,0.3196323099562562,0.08722559316225532,0.024815046263632148,4319,48.526349695276,Kampala,31.880173673697897,1177.9032258064517,1110.0,1239.0,31,1199.2903225806451,877.0,1724.0,206.98390050348812,31,21.577727225518995,21.232187271118164,22.10247802734375,0.221247850753866,5192.886036492974,0,0,0,0.2243588073434714,32.11471179762344,3483.7825210813494,0.0,0,11.09325885772705,13.892516136169434,1,1,15.173250387471136,0.7991456627455438,2,7,19,22,7,0.0013479980016521
17,uganda,800107,"Mubende, Mityana",1935,0.21547346002621232,0.043782765399737876,0.011754587155963303,2305,100.27568657905375,Kampala,54.21315102394101,1233.5882352941176,1102.0,1335.0,34,1079.4117647058824,832.0,1246.0,109.4430062923053,34,21.59039581523222,21.12437438964844,22.36966896057129,0.2933072297140559,6213.532780652069,0,0,0,0.4990989129450571,31.668523871232978,3421.9189693827025,0.0,0,6.224719047546387,10.361905097961426,1,1,47.05580662925107,0.3811748354117122,0,2,6,11,2,0.000321878079766
17,uganda,800108,"Mukono, Kayunga, Buikwe, Buvuma",1935,0.26264077036069855,0.06237963114085197,0.01436265709156194,2663,51.02220667206982,Kampala,46.000419006274655,1125.2380952380952,1037.0,1209.0,42,1398.0,1178.0,1744.0,161.0065068191197,42,22.11365077609108,21.232187271118164,23.47479248046875,0.5036348638191965,5098.2449679808415,1,0,0,0.5646686325212069,32.91428710833904,3972.923129377694,0.0,0,8.255985260009766,9.084639549255373,1,1,24.87731329304405,0.8105038849081191,1,16,25,27,8,0.0015691674390389
17,uganda,800110,"Rakai, Lyantonde",1935,0.16393711103832295,0.04138006332569058,0.00982640026203734,1746,164.32965874540187,Kampala,63.71807906709053,1239.08,1139.0,1331.0,25,1016.64,783.0,1590.0,224.8658053150812,25,20.69850151062012,19.81110382080078,21.347352981567383,0.4400394045369014,4206.055102079315,1,0,1,-0.6362172398026028,31.39516574653056,2932.162421875,0.0,0,5.4210524559021,8.30701732635498,0,1,14.388517836935725,0.5805037161349277,1,3,7,16,2,0.0004755049450044
17,uganda,800201,"Bugiri, Iganga, Mayuge, Namutumba, Luuka, Namayingo",1935,0.1408589945443228,0.037677126432572955,0.0072498260774047085,4614,122.24169597180692,Kampala,36.43347257502958,1120.8823529411766,1058.0,1187.0,34,1268.2058823529412,957.0,1421.0,111.82964444709027,34,22.61588337842156,22.07500267028809,23.443145751953125,0.4002683673979892,5186.669204225286,0,0,0,0.584871912617374,33.6053586134519,4241.699474703881,0.0,0,6.290322780609131,7.169642925262451,1,1,15.656584174039285,0.7218813714688128,2,5,9,16,3,0.0005784058866827
17,uganda,800202,"Busia, Tororo, Butaleja",1935,0.1308546985553254,0.031207123833095693,0.0063893895778967475,6084,169.76431479500502,Kampala,57.37619143643119,1147.8125,1074.0,1263.0,16,1330.0,1130.0,1590.0,125.68164145968176,16,22.647011637687683,22.15627098083496,23.2171688079834,0.3738034756590108,2584.284149208256,0,0,1,0.6781581746324686,34.02287275481315,4329.740608723959,0.0,1,6.38095235824585,7.4285712242126465,1,0,52.60889566525182,0.046331954392034,0,0,7,14,0,0.0
17,uganda,800204,Jinja,1935,0.20222841225626742,0.07325905292479108,0.016713091922005572,377,80.21798258329115,Kampala,41.74362960075344,1139.428571428571,1076.0,1209.0,7,1317.7142857142858,1223.0,1381.0,59.18183670619194,7,22.20600891113281,21.612459182739254,22.521562576293945,0.2870852667075066,686.481462546874,1,0,0,0.5728567378982413,33.21009557496111,4177.89826311384,0.0,0,9.92934799194336,10.919282913208008,1,0,25.924604913531088,0.6241276004864622,0,9,19,26,0,0.0
17,uganda,800205,"Kamuli, Kaliro, Buyende",1935,0.14027109168755686,0.036825875723761566,0.006455620382900371,4406,115.99361962143932,Kampala,22.100304080570613,1062.5217391304348,1036.0,1121.0,23,1256.391304347826,1178.0,1322.0,37.4244039544006,23,23.21480668109396,22.17768859863281,24.066335678100582,0.5022333471474449,4308.73323722007,1,0,0,1.1060908178437003,33.19702879038627,4084.82234375,0.0,0,5.8947367668151855,6.099999904632568,1,1,2.1143446466775653,0.7349763062861465,2,7,11,19,4,0.0009283470987358
17,uganda,800206,"Kapchorwa, Bukwo, Kween",1935,0.12473966896854105,0.018305382001534583,0.006576783952647156,1069,255.41829100355017,Kampala,785.7725851387,1791.3333333333333,1067.0,3545.0,12,1266.5,1036.0,1649.0,185.28963813446236,12,18.98470179239909,9.416937828063965,23.08924865722656,4.292144791745692,1732.1452427137808,0,0,1,1.365185496657934,34.57662362347867,4020.5939819335936,0.0,0,,,0,0,44.28020242908786,0.0160555480741208,0,1,1,4,0,0.0
17,uganda,800207,"Katakwi, Soroti, Kaberamaido, Amuria, Serere",1935,0.13847103974590852,0.031959945299748556,0.008822621200758746,4258,209.32019853296663,Kampala,44.41238350295063,1075.2244897959183,1036.0,1337.0,49,1208.8367346938776,943.0,1376.0,112.99599901509526,49,23.841163674179388,22.00300025939941,24.596267700195312,0.4029013458090589,10019.74172596774,0,0,0,1.836037284411386,33.62159887064809,4275.608006143162,0.0,0,8.425926208496094,7.71875,1,0,37.93352662843634,0.0746160455925143,0,1,1,3,0,0.0
17,uganda,800208,"Kumi, Bukedea, Ngora",1935,0.14452063656359168,0.038717816017596066,0.010674084616379868,2973,203.24075079228183,Kampala,87.53780488423627,1100.7222222222222,1041.0,1435.0,18,1235.388888888889,1058.0,1376.0,85.01773598549167,18,23.402000215318463,21.20775032043457,24.46329498291016,0.701523267209241,2845.676428051319,0,0,0,1.4383135784303944,33.96901651282972,4298.395744977679,0.0,0,,,1,1,24.127620261892307,0.4853175180650594,1,2,3,7,1,0.0003514102974401
17,uganda,800209,"Mbale, Sironko, Bududa, Manafwa, Bulambuli",1935,0.13597558342091245,0.025899425576942456,0.0071982839291113,5627,217.16117467938295,Kampala,728.712169244851,1635.529411764706,1049.0,3545.0,17,1344.3529411764705,1058.0,1693.0,204.21065858467028,17,19.9762020111084,9.416937828063965,23.15889549255371,4.113802514241577,2473.416541001183,0,0,1,1.111579660580016,34.31836241363437,4274.129756532866,0.0,0,8.058252334594727,9.611940383911133,1,1,6.52929075402443,0.6514222877782025,1,1,2,7,1,0.000404299067069
17,uganda,800210,"Pallisa, Budaka, Kibuku",1935,0.15402843601895735,0.04087677725118483,0.016587677725118485,1688,169.48062534228288,Kampala,26.960382456898166,1077.0666666666666,1041.0,1123.0,15,1262.4,1130.0,1376.0,66.23574060379588,15,23.446822357177734,23.049455642700195,23.99481010437012,0.3123810260249865,1996.354270064338,0,0,0,1.146749125556188,33.8073710275787,4262.301870492788,0.0,0,,,1,1,5.3649225255965,0.8190225378997426,1,4,9,10,1,0.0005009130969363
17,uganda,800301,"Adjumani, Moyo",1935,0.18715357026410173,0.046190631453102926,0.018041517226388436,1556,350.8713440067105,Kampala,119.79943229436492,794.8518518518518,645.0,1060.0,27,1178.2222222222222,1070.0,1293.0,63.08626271392114,27,25.26921611362033,23.35099983215332,26.141000747680664,0.8018663586421036,4964.06974271891,1,0,1,3.339884103324535,31.73240832950039,4058.8004234577047,0.0,0,7.599999904632568,,0,1,34.690967274157664,0.2921859055238431,0,1,3,3,1,0.0002014476129121
17,uganda,800302,"Apac, Oyam, Kole",1935,0.17835481425322214,0.03414383190728907,0.004061518466370627,2356,203.3912626957728,Kampala,16.98392997957247,1061.6571428571428,1024.0,1102.0,35,1279.142857142857,1125.0,1402.0,81.83193329087642,35,23.35193236214774,23.004831314086918,23.72274780273437,0.1745823703376508,6539.920548849419,1,0,0,2.119976894561146,32.56852532722645,3995.151785236516,0.0,0,9.5,,0,0,67.18644938947168,0.0754912227864263,0,0,2,4,0,0.0
17,uganda,800303,"Arua, Yumbe, Koboko, Maracha",1935,0.11669450941084754,0.03056019601291903,0.008486468426328098,4492,357.5558564515972,Kampala,230.8862476956997,963.125,645.0,1541.0,40,1277.375,1049.0,1500.0,121.2492654616926,40,24.580327844619752,20.50116539001465,26.06658172607422,1.3739501333466688,7905.159916508503,1,0,1,3.19192266335379,31.157996814832437,3926.036674167799,0.0,0,7.058823585510254,8.5,0,1,7.547650410976329,0.3664792472459535,1,2,4,6,2,0.0002529993094539
17,uganda,800304,"Gulu, Amuru, Nwoya, Omoro",1935,0.2082588569595307,0.053347999450020625,0.015582748980246574,2144,281.9746727890923,Kampala,142.4530875919204,905.7169811320756,637.0,1089.0,53,1230.4528301886792,988.0,1402.0,110.60546338100067,53,24.1930815858661,23.043540954589844,26.141000747680664,0.8162213853015542,11774.01065621148,1,0,1,2.778074031803363,32.0509997337959,3977.4674246651775,0.0,0,8.391304016113281,10.81666660308838,0,1,44.93446136293144,0.1775730717307587,0,1,2,3,2,0.0001698656522741
17,uganda,800305,"Kitgum, Pader, Agago, Lamwo",1935,0.13221055755462402,0.023370553103090108,0.008161145528063211,2820,333.2177698467941,Kampala,207.3934566174904,1056.7941176470588,697.0,2233.0,68,1141.6764705882354,879.0,1411.0,126.2247576601626,68,23.71572965734145,17.208810806274414,25.997560501098636,1.163883450745466,16406.255958807047,0,0,1,3.249719677814448,33.02152374420987,4314.878732045491,0.0,0,6.099999904632568,8.800000190734863,0,0,81.33141505106902,0.0214989142372306,0,0,0,2,0,0.0
17,uganda,800306,"Kotido, Moroto, Nakapiripirit, Abim, Kaabong, Amudat, Napak",1935,0.0380686198920586,0.012673477255204318,0.004770624518118736,2507,331.96029078082825,Kampala,168.0940425097214,1248.981308411215,795.0,1767.0,107,837.5327102803739,511.0,1154.0,154.5599915441002,107,22.594929935776182,19.09120750427246,25.03139305114746,1.0704317269904635,27477.129416534197,0,0,1,2.746327381383045,34.24466842655889,4292.929463446895,0.0,0,5.470588207244873,,0,0,145.09627200557148,0.0,0,0,0,0,0,0.0
17,uganda,800307,"Lira, Amolatar, Dokolo, Alebtong, Otuke",1935,0.1341670835417709,0.02708854427213607,0.004252126063031516,3788,211.6408471603378,Kampala,31.05572508698143,1068.0731707317073,1024.0,1182.0,41,1260.9512195121952,1056.0,1402.0,90.47650314011926,41,23.545922814345943,23.14949989318848,23.996252059936523,0.2237959216704672,7394.926144631539,1,0,0,2.1174915084859323,33.08136910864255,4166.317759874132,0.0,0,9.375,8.901638984680176,0,0,92.0803901045658,2.151300464472169e-05,0,0,0,2,0,0.0
17,uganda,800310,"Nebbi, Zombo",1935,0.1537951219512195,0.035278048780487806,0.008195121951219513,2698,287.942320471368,Kampala,385.8347428024887,1051.842105263158,637.0,1795.0,19,1150.4736842105262,970.0,1412.0,137.23562849541608,19,23.046703439009818,18.855165481567383,25.37133026123047,2.1514296961610744,2893.4818000940327,1,0,1,2.477776310603247,31.158573031091983,3534.937241908482,0.0,0,,,0,0,59.222673855495465,0.0011871848262255,0,0,6,12,0,0.0
17,uganda,800401,"Bundibugyo, Ntoroko",1935,0.08349034385303815,0.012717852096090438,0.0054168629298162975,1140,265.8097694130828,Kampala,733.9652012641109,1247.8333333333333,621.0,3598.0,18,1274.7777777777778,970.0,1798.0,204.2913375972754,18,20.821055597729156,7.947145938873291,24.712373733520508,4.007612897630343,2066.8387510290645,1,0,1,0.8717194862212138,30.22701429867698,3425.734810207201,0.0,0,,,0,0,31.296989604699423,0.3429004182418068,0,4,6,9,0,0.0
17,uganda,800402,"Bushenyi, Mbarara, Ntungamo, Ibanda, Isingiro, Kiruhura, Buhweju, Mitooma, Rubirizi, Sheema",1935,0.10274363103513807,0.024345599487882213,0.008241895635996279,9964,238.4125815018874,Kampala,179.72334621687375,1352.3939393939395,912.0,1783.0,66,956.0151515151516,788.0,1252.0,126.72213607113632,66,20.69815077926173,17.725561141967773,23.24422645568848,1.0326360690117706,16353.366781585388,1,0,1,-0.4946461671146533,30.55099808652204,3398.106101707176,0.0,0,7.643243312835693,9.502439498901367,1,1,16.115922950033454,0.2589771579535179,1,2,3,3,3,0.0001834484629414
17,uganda,800403,Hoima,1935,0.1797865068096966,0.05437240363884945,0.014934006415312616,2235,196.74278114929865,Kampala,199.26824466867103,961.0,615.0,1181.0,24,1162.2916666666667,923.0,1301.0,128.36519490846766,24,23.51743467648824,22.19050025939941,25.41823005676269,1.0592092109278546,3667.704499735511,0,0,1,1.3838750786892755,31.154369176601147,3646.982376453489,0.0,1,6.5652174949646,8.59615421295166,0,1,29.588800659456407,0.4553807910639527,0,3,11,17,2,0.0005453002007506
17,uganda,800404,"Kabale, Rubanda",1935,0.09039433478632355,0.021099734986170043,0.005865060171172868,6710,331.5832247352107,Kampala,253.481576691921,1825.5833333333333,1434.0,2115.0,12,1088.3333333333333,852.0,1323.0,145.6470238472299,12,17.535862922668457,15.454646110534668,20.075040817260746,1.646361857835779,1731.1480571168793,1,0,1,-1.2225608090925215,29.976510788963576,3726.9104736328127,0.0,0,7.5,7.954545497894287,0,1,9.022754142990983,0.8126688164552753,1,3,6,12,1,0.0005776513429275
17,uganda,800405,"Kabarole, Kamwenge, Kyenjojo, Kyegegwa",1935,0.14382161493356285,0.040373339071493895,0.014255742643498843,3378,216.92648608652104,Kampala,439.5885100542838,1382.3157894736842,880.0,3598.0,38,1197.6315789473683,899.0,1798.0,185.5283239906244,38,20.50137784606532,7.947145938873291,22.95648002624512,2.477111108842092,8318.538075127784,0,0,0,0.4756724258152109,30.60385805715685,3340.204467773437,0.0,0,6.4772725105285645,8.36111068725586,1,1,34.68723107003052,0.3392922998271681,0,2,2,5,2,0.000240426861299
17,uganda,800406,Kasese,1935,0.06135770234986945,0.015230635335073977,0.005802146794313896,1382,283.49822465345466,Kampala,757.1614538049515,1459.9411764705883,912.0,3598.0,17,1149.235294117647,871.0,1798.0,279.0366894306964,17,20.08346773596371,7.947145938873291,23.24422645568848,4.305396022125078,3381.2668543671384,0,0,1,0.1178517238385829,30.00231578270192,3309.615823885289,0.0,1,7.44444465637207,8.224719047546387,1,0,42.32998428392414,0.1666470893465189,0,1,2,2,0,0.0
17,uganda,800407,"Kibaale, Kagadi, Kakumiro",1935,0.16117216117216118,0.04945054945054945,0.02197802197802198,546,178.32063365699182,Kampala,125.0253029945894,1174.0833333333333,705.0,1326.0,24,1219.625,1001.0,1279.0,59.7577139371981,24,22.12914220492045,21.096290588378903,24.18389320373535,0.6851690684660439,4242.698754534124,0,0,0,0.941806585961794,31.08023201750979,3520.099687292221,0.0,0,,6.0,0,1,31.119235363792345,0.4173775941145433,0,2,4,8,1,0.0002356990344721
17,uganda,800408,Kisoro,1935,0.07142857142857142,0.018633540372670808,0.012422360248447204,966,359.96416966083245,Kampala,253.70718029518463,2003.0,1588.0,2405.0,6,1344.8333333333333,1286.0,1445.0,64.0193113226175,6,16.452409903208416,14.688042640686035,18.75826835632324,1.3258871416698317,727.5557365246409,1,0,1,-1.217985087836692,29.681798126081013,3636.497612847222,0.0,0,,6.722222328186035,0,0,24.53103453572799,0.6195793253058456,1,3,7,8,0,0.0
17,uganda,800409,"Masindi, Buliisa, Kiryandongo",1935,0.1782995505824085,0.044850041273044115,0.012840502613959462,1624,195.1616878995365,Kampala,159.85343226247656,966.342105263158,633.0,1139.0,38,1187.6052631578948,1000.0,1295.0,72.93563834450359,38,23.721613281651543,22.765352249145508,25.54585838317871,0.8501763380431203,8697.87839840885,1,0,0,1.8879551793538236,31.817751039414883,3742.083972167969,0.0,0,6.358974456787109,7.583333492279053,0,1,14.457541572975895,0.4472785600129245,1,3,5,8,3,0.00034491169715
17,uganda,800412,"Rukungiri, Kanungu",1935,0.12291073968705547,0.025471194879089616,0.006178876244665718,2218,325.3038148657524,Kampala,367.8554298687877,1387.2222222222222,912.0,2100.0,18,1072.611111111111,882.0,1323.0,125.817830784074,18,20.214378092024063,15.454646110534668,23.189790725708008,2.331989564740496,2846.242753633956,0,0,1,-0.7542210495441976,29.813499046622763,3664.575209673713,0.0,0,5.333333492279053,6.318181991577148,0,0,55.9628952622684,0.0355781033844445,0,0,3,6,0,0.0
17,uganda,800101,Kalangala,1945,0.5191082802547771,0.17436305732484075,0.08917197452229299,473,79.13067070250658,Kampala,5.253570214625479,1138.0,1134.0,1153.0,15,1900.5333333333333,1547.0,2141.0,180.8814958904187,15,21.700039672851563,21.53270721435547,21.846435546875,0.0791614204957449,496.5688449923212,0,0,0,-0.3724984169276661,32.288692205372804,3379.54765625,0.0,0,,,0,0,28.173360040616288,0.4600442026583021,0,4,10,19,0,0.0
17,uganda,800102,Kampala,1945,0.6384471143829432,0.29557608167233834,0.09493714841308425,1398,6.151442258410858,Kampala,2.449489742783178,1172.0,1169.0,1175.0,3,1334.0,1248.0,1422.0,71.04927867332644,3,21.480708440144856,21.232187271118164,21.63214683532715,0.1771265310139477,180.18081201937548,0,0,0,0.320355380942775,32.592890443625784,3714.615071614584,0.0,0,46.69626235961914,51.3317756652832,1,1,0.9733156423870112,1.0,7,13,21,25,1,0.0055499805378414
17,uganda,800103,"Kiboga, Kyankwanzi",1945,0.33695652173913043,0.13043478260869565,0.028985507246376812,276,118.2199763918944,Kampala,69.97476299081906,1136.6153846153843,1058.0,1312.0,26,1171.423076923077,1071.0,1275.0,50.17291107676691,26,22.441899079542893,21.453187942504883,23.167726516723636,0.5188793810379497,4037.438116206676,0,0,0,1.0118110468706345,31.76442699603785,3716.022520727041,0.0,0,,,0,0,50.99444158136608,0.1436013528680177,0,0,5,11,0,0.0
17,uganda,800104,"Luwero, Nakasongola, Nakaseke",1945,0.37616299318374047,0.08908403403154386,0.020423901686651078,3863,93.37812218721292,Kampala,31.828137537152227,1082.4878048780488,1037.0,1174.0,41,1174.6097560975609,1125.0,1258.0,35.66776097698373,41,22.66982185549852,21.76116752624512,23.29677391052246,0.42424527044861,9205.94574928728,1,0,0,1.111392854950313,32.36675776516306,3787.602525499132,0.0,0,5.830188751220703,6.5740742683410645,0,1,37.07230847289215,0.3630100904652861,0,2,8,18,3,0.0003258763501003
17,uganda,800105,"Masaka, Ssembabule, Bukomansimbi, Kalungu, Lwengo",1945,0.35405518589176865,0.09535774665363796,0.024304747723853395,5574,124.35160436006774,Kampala,49.277900964199965,1221.53125,1134.0,1303.0,32,1023.625,783.0,1547.0,205.1767149922232,32,21.21808761358261,20.24125099182129,21.644227981567383,0.3574724487867193,5932.945780099783,0,0,0,-0.1900924568934393,31.536428589815763,3161.558949190028,0.0,0,8.903614044189453,8.993569374084473,1,1,24.223332866147285,0.457790272063194,1,4,9,11,5,0.0008427516760343
17,uganda,800106,"Mpigi, Wakiso, Butambala, Gomba",1945,0.4664070796460177,0.1432920353982301,0.03740884955752213,6233,48.526349695276,Kampala,31.880173673697897,1177.9032258064517,1110.0,1239.0,31,1199.2903225806451,877.0,1724.0,206.98390050348812,31,21.577727225518995,21.232187271118164,22.10247802734375,0.221247850753866,5192.886036492974,0,0,0,0.2243588073434714,32.11471179762344,3483.7825210813494,0.0,0,11.09325885772705,13.892516136169434,1,1,15.173250387471136,0.7991456627455438,2,7,19,22,7,0.0013479980016521
17,uganda,800107,"Mubende, Mityana",1945,0.3402699809394501,0.08250868168881693,0.018956108514582626,3630,100.27568657905375,Kampala,54.21315102394101,1233.5882352941176,1102.0,1335.0,34,1079.4117647058824,832.0,1246.0,109.4430062923053,34,21.59039581523222,21.12437438964844,22.36966896057129,0.2933072297140559,6213.532780652069,0,0,0,0.4990989129450571,31.668523871232978,3421.9189693827025,0.0,0,6.224719047546387,10.361905097961426,1,1,47.05580662925107,0.3811748354117122,0,2,6,11,2,0.000321878079766
17,uganda,800108,"Mukono, Kayunga, Buikwe, Buvuma",1945,0.3649831101705262,0.10251922998656954,0.023320174189084695,4273,51.02220667206982,Kampala,46.000419006274655,1125.2380952380952,1037.0,1209.0,42,1398.0,1178.0,1744.0,161.0065068191197,42,22.11365077609108,21.232187271118164,23.47479248046875,0.5036348638191965,5098.2449679808415,1,0,0,0.5646686325212069,32.91428710833904,3972.923129377694,0.0,0,8.255985260009766,9.084639549255373,1,1,24.87731329304405,0.8105038849081191,1,16,25,27,8,0.0015691674390389
17,uganda,800110,"Rakai, Lyantonde",1945,0.29965643975711087,0.07578299776286354,0.028084052412911474,2387,164.32965874540187,Kampala,63.71807906709053,1239.08,1139.0,1331.0,25,1016.64,783.0,1590.0,224.8658053150812,25,20.69850151062012,19.81110382080078,21.347352981567383,0.4400394045369014,4206.055102079315,1,0,1,-0.6362172398026028,31.39516574653056,2932.162421875,0.0,0,5.4210524559021,8.30701732635498,0,1,14.388517836935725,0.5805037161349277,1,3,7,16,2,0.0004755049450044
17,uganda,800201,"Bugiri, Iganga, Mayuge, Namutumba, Luuka, Namayingo",1945,0.2579813805631244,0.06376021798365122,0.012488646684831971,7475,122.24169597180692,Kampala,36.43347257502958,1120.8823529411766,1058.0,1187.0,34,1268.2058823529412,957.0,1421.0,111.82964444709027,34,22.61588337842156,22.07500267028809,23.443145751953125,0.4002683673979892,5186.669204225286,0,0,0,0.584871912617374,33.6053586134519,4241.699474703881,0.0,0,6.290322780609131,7.169642925262451,1,1,15.656584174039285,0.7218813714688128,2,5,9,16,3,0.0005784058866827
17,uganda,800202,"Busia, Tororo, Butaleja",1945,0.24372273476562145,0.0578683254250872,0.013979836249214488,9037,169.76431479500502,Kampala,57.37619143643119,1147.8125,1074.0,1263.0,16,1330.0,1130.0,1590.0,125.68164145968176,16,22.647011637687683,22.15627098083496,23.2171688079834,0.3738034756590108,2584.284149208256,0,0,1,0.6781581746324686,34.02287275481315,4329.740608723959,0.0,1,6.38095235824585,7.4285712242126465,1,0,52.60889566525182,0.046331954392034,0,0,7,14,0,0.0
17,uganda,800204,Jinja,1945,0.37375178316690444,0.11864003804089396,0.039229671897289584,884,80.21798258329115,Kampala,41.74362960075344,1139.428571428571,1076.0,1209.0,7,1317.7142857142858,1223.0,1381.0,59.18183670619194,7,22.20600891113281,21.612459182739254,22.521562576293945,0.2870852667075066,686.481462546874,1,0,0,0.5728567378982413,33.21009557496111,4177.89826311384,0.0,0,9.92934799194336,10.919282913208008,1,0,25.924604913531088,0.6241276004864622,0,9,19,26,0,0.0
17,uganda,800205,"Kamuli, Kaliro, Buyende",1945,0.22545216758066194,0.05414121598525718,0.00894675048672106,6584,115.99361962143932,Kampala,22.100304080570613,1062.5217391304348,1036.0,1121.0,23,1256.391304347826,1178.0,1322.0,37.4244039544006,23,23.21480668109396,22.17768859863281,24.066335678100582,0.5022333471474449,4308.73323722007,1,0,0,1.1060908178437003,33.19702879038627,4084.82234375,0.0,0,5.8947367668151855,6.099999904632568,1,1,2.1143446466775653,0.7349763062861465,2,7,11,19,4,0.0009283470987358
17,uganda,800206,"Kapchorwa, Bukwo, Kween",1945,0.29515175404020494,0.053212455656286954,0.009459992116673236,1489,255.41829100355017,Kampala,785.7725851387,1791.3333333333333,1067.0,3545.0,12,1266.5,1036.0,1649.0,185.28963813446236,12,18.98470179239909,9.416937828063965,23.08924865722656,4.292144791745692,1732.1452427137808,0,0,1,1.365185496657934,34.57662362347867,4020.5939819335936,0.0,0,,,0,0,44.28020242908786,0.0160555480741208,0,1,1,4,0,0.0
17,uganda,800207,"Katakwi, Soroti, Kaberamaido, Amuria, Serere",1945,0.2525740931993866,0.060526398147278816,0.017212781272493975,6030,209.32019853296663,Kampala,44.41238350295063,1075.2244897959183,1036.0,1337.0,49,1208.8367346938776,943.0,1376.0,112.99599901509526,49,23.841163674179388,22.00300025939941,24.596267700195312,0.4029013458090589,10019.74172596774,0,0,0,1.836037284411386,33.62159887064809,4275.608006143162,0.0,0,8.425926208496094,7.71875,1,0,37.93352662843634,0.0746160455925143,0,1,1,3,0,0.0
17,uganda,800208,"Kumi, Bukedea, Ngora",1945,0.2589498175664957,0.062106710380202,0.019327375601501773,3631,203.24075079228183,Kampala,87.53780488423627,1100.7222222222222,1041.0,1435.0,18,1235.388888888889,1058.0,1376.0,85.01773598549167,18,23.402000215318463,21.20775032043457,24.46329498291016,0.701523267209241,2845.676428051319,0,0,0,1.4383135784303944,33.96901651282972,4298.395744977679,0.0,0,,,1,1,24.127620261892307,0.4853175180650594,1,2,3,7,1,0.0003514102974401
17,uganda,800209,"Mbale, Sironko, Bududa, Manafwa, Bulambuli",1945,0.2825561387842223,0.0601463637749657,0.01690153115675299,7558,217.16117467938295,Kampala,728.712169244851,1635.529411764706,1049.0,3545.0,17,1344.3529411764705,1058.0,1693.0,204.21065858467028,17,19.9762020111084,9.416937828063965,23.15889549255371,4.113802514241577,2473.416541001183,0,0,1,1.111579660580016,34.31836241363437,4274.129756532866,0.0,0,8.058252334594727,9.611940383911133,1,1,6.52929075402443,0.6514222877782025,1,1,2,7,1,0.000404299067069
17,uganda,800210,"Pallisa, Budaka, Kibuku",1945,0.23657870791628755,0.06187443130118289,0.028662420382165606,2198,169.48062534228288,Kampala,26.960382456898166,1077.0666666666666,1041.0,1123.0,15,1262.4,1130.0,1376.0,66.23574060379588,15,23.446822357177734,23.049455642700195,23.99481010437012,0.3123810260249865,1996.354270064338,0,0,0,1.146749125556188,33.8073710275787,4262.301870492788,0.0,0,,,1,1,5.3649225255965,0.8190225378997426,1,4,9,10,1,0.0005009130969363
17,uganda,800301,"Adjumani, Moyo",1945,0.28526347127121165,0.08371539148556117,0.03274784161952962,2799,350.8713440067105,Kampala,119.79943229436492,794.8518518518518,645.0,1060.0,27,1178.2222222222222,1070.0,1293.0,63.08626271392114,27,25.26921611362033,23.35099983215332,26.141000747680664,0.8018663586421036,4964.06974271891,1,0,1,3.339884103324535,31.73240832950039,4058.8004234577047,0.0,0,7.599999904632568,,0,1,34.690967274157664,0.2921859055238431,0,1,3,3,1,0.0002014476129121
17,uganda,800302,"Apac, Oyam, Kole",1945,0.2786985235351028,0.05552517561940016,0.01516426197787406,3171,203.3912626957728,Kampala,16.98392997957247,1061.6571428571428,1024.0,1102.0,35,1279.142857142857,1125.0,1402.0,81.83193329087642,35,23.35193236214774,23.004831314086918,23.72274780273437,0.1745823703376508,6539.920548849419,1,0,0,2.119976894561146,32.56852532722645,3995.151785236516,0.0,0,9.5,,0,0,67.18644938947168,0.0754912227864263,0,0,2,4,0,0.0
17,uganda,800303,"Arua, Yumbe, Koboko, Maracha",1945,0.19430813201035374,0.05121602674719586,0.016770923209663502,7453,357.5558564515972,Kampala,230.8862476956997,963.125,645.0,1541.0,40,1277.375,1049.0,1500.0,121.2492654616926,40,24.580327844619752,20.50116539001465,26.06658172607422,1.3739501333466688,7905.159916508503,1,0,1,3.19192266335379,31.157996814832437,3926.036674167799,0.0,0,7.058823585510254,8.5,0,1,7.547650410976329,0.3664792472459535,1,2,4,6,2,0.0002529993094539
17,uganda,800304,"Gulu, Amuru, Nwoya, Omoro",1945,0.32907405741024026,0.09427397342451783,0.022256216443204656,3281,281.9746727890923,Kampala,142.4530875919204,905.7169811320756,637.0,1089.0,53,1230.4528301886792,988.0,1402.0,110.60546338100067,53,24.1930815858661,23.043540954589844,26.141000747680664,0.8162213853015542,11774.01065621148,1,0,1,2.778074031803363,32.0509997337959,3977.4674246651775,0.0,0,8.391304016113281,10.81666660308838,0,1,44.93446136293144,0.1775730717307587,0,1,2,3,2,0.0001698656522741
17,uganda,800305,"Kitgum, Pader, Agago, Lamwo",1945,0.23796711509715995,0.057951017592273196,0.020121881108428195,4549,333.2177698467941,Kampala,207.3934566174904,1056.7941176470588,697.0,2233.0,68,1141.6764705882354,879.0,1411.0,126.2247576601626,68,23.71572965734145,17.208810806274414,25.997560501098636,1.163883450745466,16406.255958807047,0,0,1,3.249719677814448,33.02152374420987,4314.878732045491,0.0,0,6.099999904632568,8.800000190734863,0,0,81.33141505106902,0.0214989142372306,0,0,0,2,0,0.0
17,uganda,800306,"Kotido, Moroto, Nakapiripirit, Abim, Kaabong, Amudat, Napak",1945,0.05081532816958826,0.015898899306971057,0.00550346514472075,5919,331.96029078082825,Kampala,168.0940425097214,1248.981308411215,795.0,1767.0,107,837.5327102803739,511.0,1154.0,154.5599915441002,107,22.594929935776182,19.09120750427246,25.03139305114746,1.0704317269904635,27477.129416534197,0,0,1,2.746327381383045,34.24466842655889,4292.929463446895,0.0,0,5.470588207244873,,0,0,145.09627200557148,0.0,0,0,0,0,0,0.0
17,uganda,800307,"Lira, Amolatar, Dokolo, Alebtong, Otuke",1945,0.2500698427306043,0.05500320454881596,0.01326190202297415,5742,211.6408471603378,Kampala,31.05572508698143,1068.0731707317073,1024.0,1182.0,41,1260.9512195121952,1056.0,1402.0,90.47650314011926,41,23.545922814345943,23.14949989318848,23.996252059936523,0.2237959216704672,7394.926144631539,1,0,0,2.1174915084859323,33.08136910864255,4166.317759874132,0.0,0,9.375,8.901638984680176,0,0,92.0803901045658,2.151300464472169e-05,0,0,0,2,0,0.0
17,uganda,800310,"Nebbi, Zombo",1945,0.25100345846060634,0.06442329538282887,0.017039860651806224,4203,287.942320471368,Kampala,385.8347428024887,1051.842105263158,637.0,1795.0,19,1150.4736842105262,970.0,1412.0,137.23562849541608,19,23.046703439009818,18.855165481567383,25.37133026123047,2.1514296961610744,2893.4818000940327,1,0,1,2.477776310603247,31.158573031091983,3534.937241908482,0.0,0,,,0,0,59.222673855495465,0.0011871848262255,0,0,6,12,0,0.0
17,uganda,800401,"Bundibugyo, Ntoroko",1945,0.1436753847215513,0.025602097853840315,0.011800427851770065,1964,265.8097694130828,Kampala,733.9652012641109,1247.8333333333333,621.0,3598.0,18,1274.7777777777778,970.0,1798.0,204.2913375972754,18,20.821055597729156,7.947145938873291,24.712373733520508,4.007612897630343,2066.8387510290645,1,0,1,0.8717194862212138,30.22701429867698,3425.734810207201,0.0,0,,,0,0,31.296989604699423,0.3429004182418068,0,4,6,9,0,0.0
17,uganda,800402,"Bushenyi, Mbarara, Ntungamo, Ibanda, Isingiro, Kiruhura, Buhweju, Mitooma, Rubirizi, Sheema",1945,0.182202210811221,0.044285786558065414,0.01610047302253813,15768,238.4125815018874,Kampala,179.72334621687375,1352.3939393939395,912.0,1783.0,66,956.0151515151516,788.0,1252.0,126.72213607113632,66,20.69815077926173,17.725561141967773,23.24422645568848,1.0326360690117706,16353.366781585388,1,0,1,-0.4946461671146533,30.55099808652204,3398.106101707176,0.0,0,7.643243312835693,9.502439498901367,1,1,16.115922950033454,0.2589771579535179,1,2,3,3,3,0.0001834484629414
17,uganda,800403,Hoima,1945,0.33205778992581025,0.08106208512299883,0.02471690745802421,2983,196.74278114929865,Kampala,199.26824466867103,961.0,615.0,1181.0,24,1162.2916666666667,923.0,1301.0,128.36519490846766,24,23.51743467648824,22.19050025939941,25.41823005676269,1.0592092109278546,3667.704499735511,0,0,1,1.3838750786892755,31.154369176601147,3646.982376453489,0.0,1,6.5652174949646,8.59615421295166,0,1,29.588800659456407,0.4553807910639527,0,3,11,17,2,0.0005453002007506
17,uganda,800404,"Kabale, Rubanda",1945,0.17360408769908625,0.03844969966668719,0.011142673714019365,10977,331.5832247352107,Kampala,253.481576691921,1825.5833333333333,1434.0,2115.0,12,1088.3333333333333,852.0,1323.0,145.6470238472299,12,17.535862922668457,15.454646110534668,20.075040817260746,1.646361857835779,1731.1480571168793,1,0,1,-1.2225608090925215,29.976510788963576,3726.9104736328127,0.0,0,7.5,7.954545497894287,0,1,9.022754142990983,0.8126688164552753,1,3,6,12,1,0.0005776513429275
17,uganda,800405,"Kabarole, Kamwenge, Kyenjojo, Kyegegwa",1945,0.2512035573848811,0.060949615964132155,0.020506412847745396,4980,216.92648608652104,Kampala,439.5885100542838,1382.3157894736842,880.0,3598.0,38,1197.6315789473683,899.0,1798.0,185.5283239906244,38,20.50137784606532,7.947145938873291,22.95648002624512,2.477111108842092,8318.538075127784,0,0,0,0.4756724258152109,30.60385805715685,3340.204467773437,0.0,0,6.4772725105285645,8.36111068725586,1,1,34.68723107003052,0.3392922998271681,0,2,2,5,2,0.000240426861299
17,uganda,800406,Kasese,1945,0.14882138114209828,0.026809428950863214,0.008715139442231075,2415,283.49822465345466,Kampala,757.1614538049515,1459.9411764705883,912.0,3598.0,17,1149.235294117647,871.0,1798.0,279.0366894306964,17,20.08346773596371,7.947145938873291,23.24422645568848,4.305396022125078,3381.2668543671384,0,0,1,0.1178517238385829,30.00231578270192,3309.615823885289,0.0,1,7.44444465637207,8.224719047546387,1,0,42.32998428392414,0.1666470893465189,0,1,2,2,0,0.0
17,uganda,800407,"Kibaale, Kagadi, Kakumiro",1945,0.2859042553191489,0.06648936170212766,0.0425531914893617,752,178.32063365699182,Kampala,125.0253029945894,1174.0833333333333,705.0,1326.0,24,1219.625,1001.0,1279.0,59.7577139371981,24,22.12914220492045,21.096290588378903,24.18389320373535,0.6851690684660439,4242.698754534124,0,0,0,0.941806585961794,31.08023201750979,3520.099687292221,0.0,0,,6.0,0,1,31.119235363792345,0.4173775941145433,0,2,4,8,1,0.0002356990344721
17,uganda,800408,Kisoro,1945,0.14952681388012617,0.044794952681388014,0.022082018927444796,1585,359.96416966083245,Kampala,253.70718029518463,2003.0,1588.0,2405.0,6,1344.8333333333333,1286.0,1445.0,64.0193113226175,6,16.452409903208416,14.688042640686035,18.75826835632324,1.3258871416698317,727.5557365246409,1,0,1,-1.217985087836692,29.681798126081013,3636.497612847222,0.0,0,,6.722222328186035,0,0,24.53103453572799,0.6195793253058456,1,3,7,8,0,0.0
17,uganda,800409,"Masindi, Buliisa, Kiryandongo",1945,0.3348069171759199,0.09329085944610584,0.019308282408009362,2184,195.1616878995365,Kampala,159.85343226247656,966.342105263158,633.0,1139.0,38,1187.6052631578948,1000.0,1295.0,72.93563834450359,38,23.721613281651543,22.765352249145508,25.54585838317871,0.8501763380431203,8697.87839840885,1,0,0,1.8879551793538236,31.817751039414883,3742.083972167969,0.0,0,6.358974456787109,7.583333492279053,0,1,14.457541572975895,0.4472785600129245,1,3,5,8,3,0.00034491169715
17,uganda,800412,"Rukungiri, Kanungu",1945,0.22768655930954637,0.055888853804862644,0.022366066729817915,3736,325.3038148657524,Kampala,367.8554298687877,1387.2222222222222,912.0,2100.0,18,1072.611111111111,882.0,1323.0,125.817830784074,18,20.214378092024063,15.454646110534668,23.189790725708008,2.331989564740496,2846.242753633956,0,0,1,-0.7542210495441976,29.813499046622763,3664.575209673713,0.0,0,5.333333492279053,6.318181991577148,0,0,55.9628952622684,0.0355781033844445,0,0,3,6,0,0.0
17,uganda,800101,Kalangala,1955,0.6484705882352941,0.2536470588235294,0.06258823529411765,846,79.13067070250658,Kampala,5.253570214625479,1138.0,1134.0,1153.0,15,1900.5333333333333,1547.0,2141.0,180.8814958904187,15,21.700039672851563,21.53270721435547,21.846435546875,0.0791614204957449,496.5688449923212,0,0,0,-0.3724984169276661,32.288692205372804,3379.54765625,0.0,0,,,0,0,28.173360040616288,0.4600442026583021,0,4,10,19,0,0.0
17,uganda,800102,Kampala,1955,0.7792808714372932,0.45300600880434433,0.11333183380996754,3049,6.151442258410858,Kampala,2.449489742783178,1172.0,1169.0,1175.0,3,1334.0,1248.0,1422.0,71.04927867332644,3,21.480708440144856,21.232187271118164,21.63214683532715,0.1771265310139477,180.18081201937548,0,0,0,0.320355380942775,32.592890443625784,3714.615071614584,0.0,0,46.69626235961914,51.3317756652832,1,1,0.9733156423870112,1.0,7,13,21,25,1,0.0055499805378414
17,uganda,800103,"Kiboga, Kyankwanzi",1955,0.4368421052631579,0.10877192982456141,0.028070175438596492,570,118.2199763918944,Kampala,69.97476299081906,1136.6153846153843,1058.0,1312.0,26,1171.423076923077,1071.0,1275.0,50.17291107676691,26,22.441899079542893,21.453187942504883,23.167726516723636,0.5188793810379497,4037.438116206676,0,0,0,1.0118110468706345,31.76442699603785,3716.022520727041,0.0,0,,,0,0,50.99444158136608,0.1436013528680177,0,0,5,11,0,0.0
17,uganda,800104,"Luwero, Nakasongola, Nakaseke",1955,0.5037607778389286,0.14193114413257507,0.025866813428728673,6342,93.37812218721292,Kampala,31.828137537152227,1082.4878048780488,1037.0,1174.0,41,1174.6097560975609,1125.0,1258.0,35.66776097698373,41,22.66982185549852,21.76116752624512,23.29677391052246,0.42424527044861,9205.94574928728,1,0,0,1.111392854950313,32.36675776516306,3787.602525499132,0.0,0,5.830188751220703,6.5740742683410645,0,1,37.07230847289215,0.3630100904652861,0,2,8,18,3,0.0003258763501003
17,uganda,800105,"Masaka, Ssembabule, Bukomansimbi, Kalungu, Lwengo",1955,0.510705178728731,0.1511892067318837,0.03188835829199314,9398,124.35160436006774,Kampala,49.277900964199965,1221.53125,1134.0,1303.0,32,1023.625,783.0,1547.0,205.1767149922232,32,21.21808761358261,20.24125099182129,21.644227981567383,0.3574724487867193,5932.945780099783,0,0,0,-0.1900924568934393,31.536428589815763,3161.558949190028,0.0,0,8.903614044189453,8.993569374084473,1,1,24.223332866147285,0.457790272063194,1,4,9,11,5,0.0008427516760343
17,uganda,800106,"Mpigi, Wakiso, Butambala, Gomba",1955,0.6017287014061208,0.21822994210090985,0.040057899090157154,10802,48.526349695276,Kampala,31.880173673697897,1177.9032258064517,1110.0,1239.0,31,1199.2903225806451,877.0,1724.0,206.98390050348812,31,21.577727225518995,21.232187271118164,22.10247802734375,0.221247850753866,5192.886036492974,0,0,0,0.2243588073434714,32.11471179762344,3483.7825210813494,0.0,0,11.09325885772705,13.892516136169434,1,1,15.173250387471136,0.7991456627455438,2,7,19,22,7,0.0013479980016521
17,uganda,800107,"Mubende, Mityana",1955,0.4562975027144408,0.11442166443124481,0.02118860573545379,5944,100.27568657905375,Kampala,54.21315102394101,1233.5882352941176,1102.0,1335.0,34,1079.4117647058824,832.0,1246.0,109.4430062923053,34,21.59039581523222,21.12437438964844,22.36966896057129,0.2933072297140559,6213.532780652069,0,0,0,0.4990989129450571,31.668523871232978,3421.9189693827025,0.0,0,6.224719047546387,10.361905097961426,1,1,47.05580662925107,0.3811748354117122,0,2,6,11,2,0.000321878079766
17,uganda,800108,"Mukono, Kayunga, Buikwe, Buvuma",1955,0.5190769098417068,0.1684553509979353,0.02881968341362698,8214,51.02220667206982,Kampala,46.000419006274655,1125.2380952380952,1037.0,1209.0,42,1398.0,1178.0,1744.0,161.0065068191197,42,22.11365077609108,21.232187271118164,23.47479248046875,0.5036348638191965,5098.2449679808415,1,0,0,0.5646686325212069,32.91428710833904,3972.923129377694,0.0,0,8.255985260009766,9.084639549255373,1,1,24.87731329304405,0.8105038849081191,1,16,25,27,8,0.0015691674390389
17,uganda,800110,"Rakai, Lyantonde",1955,0.4339803065153904,0.11552477192256998,0.029359315638487583,3722,164.32965874540187,Kampala,63.71807906709053,1239.08,1139.0,1331.0,25,1016.64,783.0,1590.0,224.8658053150812,25,20.69850151062012,19.81110382080078,21.347352981567383,0.4400394045369014,4206.055102079315,1,0,1,-0.6362172398026028,31.39516574653056,2932.162421875,0.0,0,5.4210524559021,8.30701732635498,0,1,14.388517836935725,0.5805037161349277,1,3,7,16,2,0.0004755049450044
17,uganda,800201,"Bugiri, Iganga, Mayuge, Namutumba, Luuka, Namayingo",1955,0.39164133367020104,0.11097074955786111,0.020423964335487658,10428,122.24169597180692,Kampala,36.43347257502958,1120.8823529411766,1058.0,1187.0,34,1268.2058823529412,957.0,1421.0,111.82964444709027,34,22.61588337842156,22.07500267028809,23.443145751953125,0.4002683673979892,5186.669204225286,0,0,0,0.584871912617374,33.6053586134519,4241.699474703881,0.0,0,6.290322780609131,7.169642925262451,1,1,15.656584174039285,0.7218813714688128,2,5,9,16,3,0.0005784058866827
17,uganda,800202,"Busia, Tororo, Butaleja",1955,0.36647369222885473,0.12009196293782806,0.0241333462598507,12067,169.76431479500502,Kampala,57.37619143643119,1147.8125,1074.0,1263.0,16,1330.0,1130.0,1590.0,125.68164145968176,16,22.647011637687683,22.15627098083496,23.2171688079834,0.3738034756590108,2584.284149208256,0,0,1,0.6781581746324686,34.02287275481315,4329.740608723959,0.0,1,6.38095235824585,7.4285712242126465,1,0,52.60889566525182,0.046331954392034,0,0,7,14,0,0.0
17,uganda,800204,Jinja,1955,0.5996660221480049,0.2574705572156794,0.055062401124978025,2448,80.21798258329115,Kampala,41.74362960075344,1139.428571428571,1076.0,1209.0,7,1317.7142857142858,1223.0,1381.0,59.18183670619194,7,22.20600891113281,21.612459182739254,22.521562576293945,0.2870852667075066,686.481462546874,1,0,0,0.5728567378982413,33.21009557496111,4177.89826311384,0.0,0,9.92934799194336,10.919282913208008,1,0,25.924604913531088,0.6241276004864622,0,9,19,26,0,0.0
17,uganda,800205,"Kamuli, Kaliro, Buyende",1955,0.34546391269729754,0.10510046367851623,0.02115825956629666,8305,115.99361962143932,Kampala,22.100304080570613,1062.5217391304348,1036.0,1121.0,23,1256.391304347826,1178.0,1322.0,37.4244039544006,23,23.21480668109396,22.17768859863281,24.066335678100582,0.5022333471474449,4308.73323722007,1,0,0,1.1060908178437003,33.19702879038627,4084.82234375,0.0,0,5.8947367668151855,6.099999904632568,1,1,2.1143446466775653,0.7349763062861465,2,7,11,19,4,0.0009283470987358
17,uganda,800206,"Kapchorwa, Bukwo, Kween",1955,0.41691162061532433,0.10278267685675094,0.023711542230060747,2362,255.41829100355017,Kampala,785.7725851387,1791.3333333333333,1067.0,3545.0,12,1266.5,1036.0,1649.0,185.28963813446236,12,18.98470179239909,9.416937828063965,23.08924865722656,4.292144791745692,1732.1452427137808,0,0,1,1.365185496657934,34.57662362347867,4020.5939819335936,0.0,0,,,0,0,44.28020242908786,0.0160555480741208,0,1,1,4,0,0.0
17,uganda,800207,"Katakwi, Soroti, Kaberamaido, Amuria, Serere",1955,0.37295792694376634,0.1278428860194625,0.036450796946969614,8592,209.32019853296663,Kampala,44.41238350295063,1075.2244897959183,1036.0,1337.0,49,1208.8367346938776,943.0,1376.0,112.99599901509526,49,23.841163674179388,22.00300025939941,24.596267700195312,0.4029013458090589,10019.74172596774,0,0,0,1.836037284411386,33.62159887064809,4275.608006143162,0.0,0,8.425926208496094,7.71875,1,0,37.93352662843634,0.0746160455925143,0,1,1,3,0,0.0
17,uganda,800208,"Kumi, Bukedea, Ngora",1955,0.42120847031916847,0.1445141001817402,0.03555165301913377,4736,203.24075079228183,Kampala,87.53780488423627,1100.7222222222222,1041.0,1435.0,18,1235.388888888889,1058.0,1376.0,85.01773598549167,18,23.402000215318463,21.20775032043457,24.46329498291016,0.701523267209241,2845.676428051319,0,0,0,1.4383135784303944,33.96901651282972,4298.395744977679,0.0,0,,,1,1,24.127620261892307,0.4853175180650594,1,2,3,7,1,0.0003514102974401
17,uganda,800209,"Mbale, Sironko, Bududa, Manafwa, Bulambuli",1955,0.4312021642085808,0.11142246037128399,0.027365612633493065,11202,217.16117467938295,Kampala,728.712169244851,1635.529411764706,1049.0,3545.0,17,1344.3529411764705,1058.0,1693.0,204.21065858467028,17,19.9762020111084,9.416937828063965,23.15889549255371,4.113802514241577,2473.416541001183,0,0,1,1.111579660580016,34.31836241363437,4274.129756532866,0.0,0,8.058252334594727,9.611940383911133,1,1,6.52929075402443,0.6514222877782025,1,1,2,7,1,0.000404299067069
17,uganda,800210,"Pallisa, Budaka, Kibuku",1955,0.3640585923544123,0.12290103608431582,0.052161486245087534,2799,169.48062534228288,Kampala,26.960382456898166,1077.0666666666666,1041.0,1123.0,15,1262.4,1130.0,1376.0,66.23574060379588,15,23.446822357177734,23.049455642700195,23.99481010437012,0.3123810260249865,1996.354270064338,0,0,0,1.146749125556188,33.8073710275787,4262.301870492788,0.0,0,,,1,1,5.3649225255965,0.8190225378997426,1,4,9,10,1,0.0005009130969363
17,uganda,800301,"Adjumani, Moyo",1955,0.39140005313294624,0.1261907472769365,0.03723101445975179,4350,350.8713440067105,Kampala,119.79943229436492,794.8518518518518,645.0,1060.0,27,1178.2222222222222,1070.0,1293.0,63.08626271392114,27,25.26921611362033,23.35099983215332,26.141000747680664,0.8018663586421036,4964.06974271891,1,0,1,3.339884103324535,31.73240832950039,4058.8004234577047,0.0,0,7.599999904632568,,0,1,34.690967274157664,0.2921859055238431,0,1,3,3,1,0.0002014476129121
17,uganda,800302,"Apac, Oyam, Kole",1955,0.420289660361135,0.11923634995700774,0.026547721410146174,5009,203.3912626957728,Kampala,16.98392997957247,1061.6571428571428,1024.0,1102.0,35,1279.142857142857,1125.0,1402.0,81.83193329087642,35,23.35193236214774,23.004831314086918,23.72274780273437,0.1745823703376508,6539.920548849419,1,0,0,2.119976894561146,32.56852532722645,3995.151785236516,0.0,0,9.5,,0,0,67.18644938947168,0.0754912227864263,0,0,2,4,0,0.0
17,uganda,800303,"Arua, Yumbe, Koboko, Maracha",1955,0.307350838253485,0.09263337047207137,0.02423960627089054,11441,357.5558564515972,Kampala,230.8862476956997,963.125,645.0,1541.0,40,1277.375,1049.0,1500.0,121.2492654616926,40,24.580327844619752,20.50116539001465,26.06658172607422,1.3739501333466688,7905.159916508503,1,0,1,3.19192266335379,31.157996814832437,3926.036674167799,0.0,0,7.058823585510254,8.5,0,1,7.547650410976329,0.3664792472459535,1,2,4,6,2,0.0002529993094539
17,uganda,800304,"Gulu, Amuru, Nwoya, Omoro",1955,0.4658359553775744,0.1529962814645309,0.03502216819221968,5524,281.9746727890923,Kampala,142.4530875919204,905.7169811320756,637.0,1089.0,53,1230.4528301886792,988.0,1402.0,110.60546338100067,53,24.1930815858661,23.043540954589844,26.141000747680664,0.8162213853015542,11774.01065621148,1,0,1,2.778074031803363,32.0509997337959,3977.4674246651775,0.0,0,8.391304016113281,10.81666660308838,0,1,44.93446136293144,0.1775730717307587,0,1,2,3,2,0.0001698656522741
17,uganda,800305,"Kitgum, Pader, Agago, Lamwo",1955,0.30028219218773206,0.07920689143026882,0.021936729541066388,7027,333.2177698467941,Kampala,207.3934566174904,1056.7941176470588,697.0,2233.0,68,1141.6764705882354,879.0,1411.0,126.2247576601626,68,23.71572965734145,17.208810806274414,25.997560501098636,1.163883450745466,16406.255958807047,0,0,1,3.249719677814448,33.02152374420987,4314.878732045491,0.0,0,6.099999904632568,8.800000190734863,0,0,81.33141505106902,0.0214989142372306,0,0,0,2,0,0.0
17,uganda,800306,"Kotido, Moroto, Nakapiripirit, Abim, Kaabong, Amudat, Napak",1955,0.08143309985173067,0.03017792320670791,0.011874328953422976,9748,331.96029078082825,Kampala,168.0940425097214,1248.981308411215,795.0,1767.0,107,837.5327102803739,511.0,1154.0,154.5599915441002,107,22.594929935776182,19.09120750427246,25.03139305114746,1.0704317269904635,27477.129416534197,0,0,1,2.746327381383045,34.24466842655889,4292.929463446895,0.0,0,5.470588207244873,,0,0,145.09627200557148,0.0,0,0,0,0,0,0.0
17,uganda,800307,"Lira, Amolatar, Dokolo, Alebtong, Otuke",1955,0.3664339569952527,0.10266406031834684,0.02750069812901424,8519,211.6408471603378,Kampala,31.05572508698143,1068.0731707317073,1024.0,1182.0,41,1260.9512195121952,1056.0,1402.0,90.47650314011926,41,23.545922814345943,23.14949989318848,23.996252059936523,0.2237959216704672,7394.926144631539,1,0,0,2.1174915084859323,33.08136910864255,4166.317759874132,0.0,0,9.375,8.901638984680176,0,0,92.0803901045658,2.151300464472169e-05,0,0,0,2,0,0.0
17,uganda,800310,"Nebbi, Zombo",1955,0.33321060999079577,0.09908794243159569,0.021303656597774244,6361,287.942320471368,Kampala,385.8347428024887,1051.842105263158,637.0,1795.0,19,1150.4736842105262,970.0,1412.0,137.23562849541608,19,23.046703439009818,18.855165481567383,25.37133026123047,2.1514296961610744,2893.4818000940327,1,0,1,2.477776310603247,31.158573031091983,3534.937241908482,0.0,0,,,0,0,59.222673855495465,0.0011871848262255,0,0,6,12,0,0.0
17,uganda,800401,"Bundibugyo, Ntoroko",1955,0.24694109237690787,0.06475213387713913,0.015136862464785772,3104,265.8097694130828,Kampala,733.9652012641109,1247.8333333333333,621.0,3598.0,18,1274.7777777777778,970.0,1798.0,204.2913375972754,18,20.821055597729156,7.947145938873291,24.712373733520508,4.007612897630343,2066.8387510290645,1,0,1,0.8717194862212138,30.22701429867698,3425.734810207201,0.0,0,,,0,0,31.296989604699423,0.3429004182418068,0,4,6,9,0,0.0
17,uganda,800402,"Bushenyi, Mbarara, Ntungamo, Ibanda, Isingiro, Kiruhura, Buhweju, Mitooma, Rubirizi, Sheema",1955,0.28836216981468776,0.08779429668198709,0.029254190641990092,25172,238.4125815018874,Kampala,179.72334621687375,1352.3939393939395,912.0,1783.0,66,956.0151515151516,788.0,1252.0,126.72213607113632,66,20.69815077926173,17.725561141967773,23.24422645568848,1.0326360690117706,16353.366781585388,1,0,1,-0.4946461671146533,30.55099808652204,3398.106101707176,0.0,0,7.643243312835693,9.502439498901367,1,1,16.115922950033454,0.2589771579535179,1,2,3,3,3,0.0001834484629414
17,uganda,800403,Hoima,1955,0.4857409187567363,0.15243671531358327,0.030586384689329723,3964,196.74278114929865,Kampala,199.26824466867103,961.0,615.0,1181.0,24,1162.2916666666667,923.0,1301.0,128.36519490846766,24,23.51743467648824,22.19050025939941,25.41823005676269,1.0592092109278546,3667.704499735511,0,0,1,1.3838750786892755,31.154369176601147,3646.982376453489,0.0,1,6.5652174949646,8.59615421295166,0,1,29.588800659456407,0.4553807910639527,0,3,11,17,2,0.0005453002007506
17,uganda,800404,"Kabale, Rubanda",1955,0.23081435626969407,0.06568038080765191,0.01813529398618902,17273,331.5832247352107,Kampala,253.481576691921,1825.5833333333333,1434.0,2115.0,12,1088.3333333333333,852.0,1323.0,145.6470238472299,12,17.535862922668457,15.454646110534668,20.075040817260746,1.646361857835779,1731.1480571168793,1,0,1,-1.2225608090925215,29.976510788963576,3726.9104736328127,0.0,0,7.5,7.954545497894287,0,1,9.022754142990983,0.8126688164552753,1,3,6,12,1,0.0005776513429275
17,uganda,800405,"Kabarole, Kamwenge, Kyenjojo, Kyegegwa",1955,0.3357763468502429,0.10448517506890287,0.02952626960487449,7464,216.92648608652104,Kampala,439.5885100542838,1382.3157894736842,880.0,3598.0,38,1197.6315789473683,899.0,1798.0,185.5283239906244,38,20.50137784606532,7.947145938873291,22.95648002624512,2.477111108842092,8318.538075127784,0,0,0,0.4756724258152109,30.60385805715685,3340.204467773437,0.0,0,6.4772725105285645,8.36111068725586,1,1,34.68723107003052,0.3392922998271681,0,2,2,5,2,0.000240426861299
17,uganda,800406,Kasese,1955,0.2251154469185948,0.060129107129904984,0.0193418921205967,4145,283.49822465345466,Kampala,757.1614538049515,1459.9411764705883,912.0,3598.0,17,1149.235294117647,871.0,1798.0,279.0366894306964,17,20.08346773596371,7.947145938873291,23.24422645568848,4.305396022125078,3381.2668543671384,0,0,1,0.1178517238385829,30.00231578270192,3309.615823885289,0.0,1,7.44444465637207,8.224719047546387,1,0,42.32998428392414,0.1666470893465189,0,1,2,2,0,0.0
17,uganda,800407,"Kibaale, Kagadi, Kakumiro",1955,0.39301700984780663,0.10205908683974933,0.046553267681289166,1117,178.32063365699182,Kampala,125.0253029945894,1174.0833333333333,705.0,1326.0,24,1219.625,1001.0,1279.0,59.7577139371981,24,22.12914220492045,21.096290588378903,24.18389320373535,0.6851690684660439,4242.698754534124,0,0,0,0.941806585961794,31.08023201750979,3520.099687292221,0.0,0,,6.0,0,1,31.119235363792345,0.4173775941145433,0,2,4,8,1,0.0002356990344721
17,uganda,800408,Kisoro,1955,0.1969017529555646,0.06481858948226661,0.038320423970648186,2453,359.96416966083245,Kampala,253.70718029518463,2003.0,1588.0,2405.0,6,1344.8333333333333,1286.0,1445.0,64.0193113226175,6,16.452409903208416,14.688042640686035,18.75826835632324,1.3258871416698317,727.5557365246409,1,0,1,-1.217985087836692,29.681798126081013,3636.497612847222,0.0,0,,6.722222328186035,0,0,24.53103453572799,0.6195793253058456,1,3,7,8,0,0.0
17,uganda,800409,"Masindi, Buliisa, Kiryandongo",1955,0.4508631860552606,0.13790076495422815,0.037244492747565104,3268,195.1616878995365,Kampala,159.85343226247656,966.342105263158,633.0,1139.0,38,1187.6052631578948,1000.0,1295.0,72.93563834450359,38,23.721613281651543,22.765352249145508,25.54585838317871,0.8501763380431203,8697.87839840885,1,0,0,1.8879551793538236,31.817751039414883,3742.083972167969,0.0,0,6.358974456787109,7.583333492279053,0,1,14.457541572975895,0.4472785600129245,1,3,5,8,3,0.00034491169715
17,uganda,800412,"Rukungiri, Kanungu",1955,0.34475356467594503,0.09568827033251354,0.028901241061655033,6909,325.3038148657524,Kampala,367.8554298687877,1387.2222222222222,912.0,2100.0,18,1072.611111111111,882.0,1323.0,125.817830784074,18,20.214378092024063,15.454646110534668,23.189790725708008,2.331989564740496,2846.242753633956,0,0,1,-0.7542210495441976,29.813499046622763,3664.575209673713,0.0,0,5.333333492279053,6.318181991577148,0,0,55.9628952622684,0.0355781033844445,0,0,3,6,0,0.0
17,uganda,800101,Kalangala,1965,0.6660117878192534,0.22649452708391804,0.05136121246140893,1714,79.13067070250658,Kampala,5.253570214625479,1138.0,1134.0,1153.0,15,1900.5333333333333,1547.0,2141.0,180.8814958904187,15,21.700039672851563,21.53270721435547,21.846435546875,0.0791614204957449,496.5688449923212,0,0,0,-0.3724984169276661,32.288692205372804,3379.54765625,0.0,0,,,0,0,28.173360040616288,0.4600442026583021,0,4,10,19,0,0.0
17,uganda,800102,Kampala,1965,0.8410624889569468,0.5041168502267507,0.11378762000117792,8403,6.151442258410858,Kampala,2.449489742783178,1172.0,1169.0,1175.0,3,1334.0,1248.0,1422.0,71.04927867332644,3,21.480708440144856,21.232187271118164,21.63214683532715,0.1771265310139477,180.18081201937548,0,0,0,0.320355380942775,32.592890443625784,3714.615071614584,0.0,0,46.69626235961914,51.3317756652832,1,1,0.9733156423870112,1.0,7,13,21,25,1,0.0055499805378414
17,uganda,800103,"Kiboga, Kyankwanzi",1965,0.45251396648044695,0.10614525139664804,0.03192338387869114,1253,118.2199763918944,Kampala,69.97476299081906,1136.6153846153843,1058.0,1312.0,26,1171.423076923077,1071.0,1275.0,50.17291107676691,26,22.441899079542893,21.453187942504883,23.167726516723636,0.5188793810379497,4037.438116206676,0,0,0,1.0118110468706345,31.76442699603785,3716.022520727041,0.0,0,,,0,0,50.99444158136608,0.1436013528680177,0,0,5,11,0,0.0
17,uganda,800104,"Luwero, Nakasongola, Nakaseke",1965,0.5324614185044062,0.14802936460065025,0.019478322275020964,13254,93.37812218721292,Kampala,31.828137537152227,1082.4878048780488,1037.0,1174.0,41,1174.6097560975609,1125.0,1258.0,35.66776097698373,41,22.66982185549852,21.76116752624512,23.29677391052246,0.42424527044861,9205.94574928728,1,0,0,1.111392854950313,32.36675776516306,3787.602525499132,0.0,0,5.830188751220703,6.5740742683410645,0,1,37.07230847289215,0.3630100904652861,0,2,8,18,3,0.0003258763501003
17,uganda,800105,"Masaka, Ssembabule, Bukomansimbi, Kalungu, Lwengo",1965,0.5632715756736768,0.16169666053514878,0.025923046289799558,18652,124.35160436006774,Kampala,49.277900964199965,1221.53125,1134.0,1303.0,32,1023.625,783.0,1547.0,205.1767149922232,32,21.21808761358261,20.24125099182129,21.644227981567383,0.3574724487867193,5932.945780099783,0,0,0,-0.1900924568934393,31.536428589815763,3161.558949190028,0.0,0,8.903614044189453,8.993569374084473,1,1,24.223332866147285,0.457790272063194,1,4,9,11,5,0.0008427516760343
17,uganda,800106,"Mpigi, Wakiso, Butambala, Gomba",1965,0.668084669747795,0.24787833961102537,0.03982949759937066,21079,48.526349695276,Kampala,31.880173673697897,1177.9032258064517,1110.0,1239.0,31,1199.2903225806451,877.0,1724.0,206.98390050348812,31,21.577727225518995,21.232187271118164,22.10247802734375,0.221247850753866,5192.886036492974,0,0,0,0.2243588073434714,32.11471179762344,3483.7825210813494,0.0,0,11.09325885772705,13.892516136169434,1,1,15.173250387471136,0.7991456627455438,2,7,19,22,7,0.0013479980016521
17,uganda,800107,"Mubende, Mityana",1965,0.4902402344503143,0.13062121621100528,0.020360158870936645,12349,100.27568657905375,Kampala,54.21315102394101,1233.5882352941176,1102.0,1335.0,34,1079.4117647058824,832.0,1246.0,109.4430062923053,34,21.59039581523222,21.12437438964844,22.36966896057129,0.2933072297140559,6213.532780652069,0,0,0,0.4990989129450571,31.668523871232978,3421.9189693827025,0.0,0,6.224719047546387,10.361905097961426,1,1,47.05580662925107,0.3811748354117122,0,2,6,11,2,0.000321878079766
17,uganda,800108,"Mukono, Kayunga, Buikwe, Buvuma",1965,0.5673200928553005,0.17458482966607805,0.024999503978095673,17953,51.02220667206982,Kampala,46.000419006274655,1125.2380952380952,1037.0,1209.0,42,1398.0,1178.0,1744.0,161.0065068191197,42,22.11365077609108,21.232187271118164,23.47479248046875,0.5036348638191965,5098.2449679808415,1,0,0,0.5646686325212069,32.91428710833904,3972.923129377694,0.0,0,8.255985260009766,9.084639549255373,1,1,24.87731329304405,0.8105038849081191,1,16,25,27,8,0.0015691674390389
17,uganda,800110,"Rakai, Lyantonde",1965,0.47317859800975826,0.11463186040742068,0.02020563993715026,7029,164.32965874540187,Kampala,63.71807906709053,1239.08,1139.0,1331.0,25,1016.64,783.0,1590.0,224.8658053150812,25,20.69850151062012,19.81110382080078,21.347352981567383,0.4400394045369014,4206.055102079315,1,0,1,-0.6362172398026028,31.39516574653056,2932.162421875,0.0,0,5.4210524559021,8.30701732635498,0,1,14.388517836935725,0.5805037161349277,1,3,7,16,2,0.0004755049450044
17,uganda,800201,"Bugiri, Iganga, Mayuge, Namutumba, Luuka, Namayingo",1965,0.4347286719127979,0.13842839361697729,0.019890087623899533,20461,122.24169597180692,Kampala,36.43347257502958,1120.8823529411766,1058.0,1187.0,34,1268.2058823529412,957.0,1421.0,111.82964444709027,34,22.61588337842156,22.07500267028809,23.443145751953125,0.4002683673979892,5186.669204225286,0,0,0,0.584871912617374,33.6053586134519,4241.699474703881,0.0,0,6.290322780609131,7.169642925262451,1,1,15.656584174039285,0.7218813714688128,2,5,9,16,3,0.0005784058866827
17,uganda,800202,"Busia, Tororo, Butaleja",1965,0.41553674251429445,0.15328017149327283,0.027214886389736192,20688,169.76431479500502,Kampala,57.37619143643119,1147.8125,1074.0,1263.0,16,1330.0,1130.0,1590.0,125.68164145968176,16,22.647011637687683,22.15627098083496,23.2171688079834,0.3738034756590108,2584.284149208256,0,0,1,0.6781581746324686,34.02287275481315,4329.740608723959,0.0,1,6.38095235824585,7.4285712242126465,1,0,52.60889566525182,0.046331954392034,0,0,7,14,0,0.0
17,uganda,800204,Jinja,1965,0.6159470471711788,0.2589824940009341,0.05079477557856763,6795,80.21798258329115,Kampala,41.74362960075344,1139.428571428571,1076.0,1209.0,7,1317.7142857142858,1223.0,1381.0,59.18183670619194,7,22.20600891113281,21.612459182739254,22.521562576293945,0.2870852667075066,686.481462546874,1,0,0,0.5728567378982413,33.21009557496111,4177.89826311384,0.0,0,9.92934799194336,10.919282913208008,1,0,25.924604913531088,0.6241276004864622,0,9,19,26,0,0.0
17,uganda,800205,"Kamuli, Kaliro, Buyende",1965,0.3873592917388867,0.11733474229527632,0.021501704285520982,15111,115.99361962143932,Kampala,22.100304080570613,1062.5217391304348,1036.0,1121.0,23,1256.391304347826,1178.0,1322.0,37.4244039544006,23,23.21480668109396,22.17768859863281,24.066335678100582,0.5022333471474449,4308.73323722007,1,0,0,1.1060908178437003,33.19702879038627,4084.82234375,0.0,0,5.8947367668151855,6.099999904632568,1,1,2.1143446466775653,0.7349763062861465,2,7,11,19,4,0.0009283470987358
17,uganda,800206,"Kapchorwa, Bukwo, Kween",1965,0.5219091155153228,0.16531833629063789,0.029683317794953534,3880,255.41829100355017,Kampala,785.7725851387,1791.3333333333333,1067.0,3545.0,12,1266.5,1036.0,1649.0,185.28963813446236,12,18.98470179239909,9.416937828063965,23.08924865722656,4.292144791745692,1732.1452427137808,0,0,1,1.365185496657934,34.57662362347867,4020.5939819335936,0.0,0,,,0,0,44.28020242908786,0.0160555480741208,0,1,1,4,0,0.0
17,uganda,800207,"Katakwi, Soroti, Kaberamaido, Amuria, Serere",1965,0.4070664991241156,0.13471287704811483,0.031847528025205664,15375,209.32019853296663,Kampala,44.41238350295063,1075.2244897959183,1036.0,1337.0,49,1208.8367346938776,943.0,1376.0,112.99599901509526,49,23.841163674179388,22.00300025939941,24.596267700195312,0.4029013458090589,10019.74172596774,0,0,0,1.836037284411386,33.62159887064809,4275.608006143162,0.0,0,8.425926208496094,7.71875,1,0,37.93352662843634,0.0746160455925143,0,1,1,3,0,0.0
17,uganda,800208,"Kumi, Bukedea, Ngora",1965,0.4626578582796167,0.16015387962125463,0.03764555019979162,8451,203.24075079228183,Kampala,87.53780488423627,1100.7222222222222,1041.0,1435.0,18,1235.388888888889,1058.0,1376.0,85.01773598549167,18,23.402000215318463,21.20775032043457,24.46329498291016,0.701523267209241,2845.676428051319,0,0,0,1.4383135784303944,33.96901651282972,4298.395744977679,0.0,0,,,1,1,24.127620261892307,0.4853175180650594,1,2,3,7,1,0.0003514102974401
17,uganda,800209,"Mbale, Sironko, Bududa, Manafwa, Bulambuli",1965,0.4949756637268874,0.16453961417104143,0.03322390737191016,18516,217.16117467938295,Kampala,728.712169244851,1635.529411764706,1049.0,3545.0,17,1344.3529411764705,1058.0,1693.0,204.21065858467028,17,19.9762020111084,9.416937828063965,23.15889549255371,4.113802514241577,2473.416541001183,0,0,1,1.111579660580016,34.31836241363437,4274.129756532866,0.0,0,8.058252334594727,9.611940383911133,1,1,6.52929075402443,0.6514222877782025,1,1,2,7,1,0.000404299067069
17,uganda,800210,"Pallisa, Budaka, Kibuku",1965,0.39509954058192953,0.13457120980091883,0.05608728943338438,5224,169.48062534228288,Kampala,26.960382456898166,1077.0666666666666,1041.0,1123.0,15,1262.4,1130.0,1376.0,66.23574060379588,15,23.446822357177734,23.049455642700195,23.99481010437012,0.3123810260249865,1996.354270064338,0,0,0,1.146749125556188,33.8073710275787,4262.301870492788,0.0,0,,,1,1,5.3649225255965,0.8190225378997426,1,4,9,10,1,0.0005009130969363
17,uganda,800301,"Adjumani, Moyo",1965,0.3801292158597085,0.11160250740299196,0.026785370918740146,8205,350.8713440067105,Kampala,119.79943229436492,794.8518518518518,645.0,1060.0,27,1178.2222222222222,1070.0,1293.0,63.08626271392114,27,25.26921611362033,23.35099983215332,26.141000747680664,0.8018663586421036,4964.06974271891,1,0,1,3.339884103324535,31.73240832950039,4058.8004234577047,0.0,0,7.599999904632568,,0,1,34.690967274157664,0.2921859055238431,0,1,3,3,1,0.0002014476129121
17,uganda,800302,"Apac, Oyam, Kole",1965,0.51202689064946,0.15017124512289123,0.023878960291792154,8501,203.3912626957728,Kampala,16.98392997957247,1061.6571428571428,1024.0,1102.0,35,1279.142857142857,1125.0,1402.0,81.83193329087642,35,23.35193236214774,23.004831314086918,23.72274780273437,0.1745823703376508,6539.920548849419,1,0,0,2.119976894561146,32.56852532722645,3995.151785236516,0.0,0,9.5,,0,0,67.18644938947168,0.0754912227864263,0,0,2,4,0,0.0
17,uganda,800303,"Arua, Yumbe, Koboko, Maracha",1965,0.3433144115389277,0.10546038543897217,0.024791927598884895,19756,357.5558564515972,Kampala,230.8862476956997,963.125,645.0,1541.0,40,1277.375,1049.0,1500.0,121.2492654616926,40,24.580327844619752,20.50116539001465,26.06658172607422,1.3739501333466688,7905.159916508503,1,0,1,3.19192266335379,31.157996814832437,3926.036674167799,0.0,0,7.058823585510254,8.5,0,1,7.547650410976329,0.3664792472459535,1,2,4,6,2,0.0002529993094539
17,uganda,800304,"Gulu, Amuru, Nwoya, Omoro",1965,0.4868142289300054,0.1530639010512298,0.03232380299025443,9833,281.9746727890923,Kampala,142.4530875919204,905.7169811320756,637.0,1089.0,53,1230.4528301886792,988.0,1402.0,110.60546338100067,53,24.1930815858661,23.043540954589844,26.141000747680664,0.8162213853015542,11774.01065621148,1,0,1,2.778074031803363,32.0509997337959,3977.4674246651775,0.0,0,8.391304016113281,10.81666660308838,0,1,44.93446136293144,0.1775730717307587,0,1,2,3,2,0.0001698656522741
17,uganda,800305,"Kitgum, Pader, Agago, Lamwo",1965,0.3458180354664104,0.09034981806832089,0.022061782848319084,12673,333.2177698467941,Kampala,207.3934566174904,1056.7941176470588,697.0,2233.0,68,1141.6764705882354,879.0,1411.0,126.2247576601626,68,23.71572965734145,17.208810806274414,25.997560501098636,1.163883450745466,16406.255958807047,0,0,1,3.249719677814448,33.02152374420987,4314.878732045491,0.0,0,6.099999904632568,8.800000190734863,0,0,81.33141505106902,0.0214989142372306,0,0,0,2,0,0.0
17,uganda,800306,"Kotido, Moroto, Nakapiripirit, Abim, Kaabong, Amudat, Napak",1965,0.09732695496700491,0.03606597651105182,0.010802732415703883,17512,331.96029078082825,Kampala,168.0940425097214,1248.981308411215,795.0,1767.0,107,837.5327102803739,511.0,1154.0,154.5599915441002,107,22.594929935776182,19.09120750427246,25.03139305114746,1.0704317269904635,27477.129416534197,0,0,1,2.746327381383045,34.24466842655889,4292.929463446895,0.0,0,5.470588207244873,,0,0,145.09627200557148,0.0,0,0,0,0,0,0.0
17,uganda,800307,"Lira, Amolatar, Dokolo, Alebtong, Otuke",1965,0.43119289951617207,0.13492482108786394,0.030253895693736283,14606,211.6408471603378,Kampala,31.05572508698143,1068.0731707317073,1024.0,1182.0,41,1260.9512195121952,1056.0,1402.0,90.47650314011926,41,23.545922814345943,23.14949989318848,23.996252059936523,0.2237959216704672,7394.926144631539,1,0,0,2.1174915084859323,33.08136910864255,4166.317759874132,0.0,0,9.375,8.901638984680176,0,0,92.0803901045658,2.151300464472169e-05,0,0,0,2,0,0.0
17,uganda,800310,"Nebbi, Zombo",1965,0.37294019758801084,0.10433144288979639,0.016430600319430763,10983,287.942320471368,Kampala,385.8347428024887,1051.842105263158,637.0,1795.0,19,1150.4736842105262,970.0,1412.0,137.23562849541608,19,23.046703439009818,18.855165481567383,25.37133026123047,2.1514296961610744,2893.4818000940327,1,0,1,2.477776310603247,31.158573031091983,3534.937241908482,0.0,0,,,0,0,59.222673855495465,0.0011871848262255,0,0,6,12,0,0.0
17,uganda,800401,"Bundibugyo, Ntoroko",1965,0.3161338661338661,0.09887612387612388,0.015534465534465535,5125,265.8097694130828,Kampala,733.9652012641109,1247.8333333333333,621.0,3598.0,18,1274.7777777777778,970.0,1798.0,204.2913375972754,18,20.821055597729156,7.947145938873291,24.712373733520508,4.007612897630343,2066.8387510290645,1,0,1,0.8717194862212138,30.22701429867698,3425.734810207201,0.0,0,,,0,0,31.296989604699423,0.3429004182418068,0,4,6,9,0,0.0
17,uganda,800402,"Bushenyi, Mbarara, Ntungamo, Ibanda, Isingiro, Kiruhura, Buhweju, Mitooma, Rubirizi, Sheema",1965,0.3888549536302878,0.1369821584548868,0.03246576241914399,50337,238.4125815018874,Kampala,179.72334621687375,1352.3939393939395,912.0,1783.0,66,956.0151515151516,788.0,1252.0,126.72213607113632,66,20.69815077926173,17.725561141967773,23.24422645568848,1.0326360690117706,16353.366781585388,1,0,1,-0.4946461671146533,30.55099808652204,3398.106101707176,0.0,0,7.643243312835693,9.502439498901367,1,1,16.115922950033454,0.2589771579535179,1,2,3,3,3,0.0001834484629414
17,uganda,800403,Hoima,1965,0.5180308455747596,0.17344291876956044,0.028209321340964842,8211,196.74278114929865,Kampala,199.26824466867103,961.0,615.0,1181.0,24,1162.2916666666667,923.0,1301.0,128.36519490846766,24,23.51743467648824,22.19050025939941,25.41823005676269,1.0592092109278546,3667.704499735511,0,0,1,1.3838750786892755,31.154369176601147,3646.982376453489,0.0,1,6.5652174949646,8.59615421295166,0,1,29.588800659456407,0.4553807910639527,0,3,11,17,2,0.0005453002007506
17,uganda,800404,"Kabale, Rubanda",1965,0.2861787924706721,0.0952327433525429,0.021578802546980788,24992,331.5832247352107,Kampala,253.481576691921,1825.5833333333333,1434.0,2115.0,12,1088.3333333333333,852.0,1323.0,145.6470238472299,12,17.535862922668457,15.454646110534668,20.075040817260746,1.646361857835779,1731.1480571168793,1,0,1,-1.2225608090925215,29.976510788963576,3726.9104736328127,0.0,0,7.5,7.954545497894287,0,1,9.022754142990983,0.8126688164552753,1,3,6,12,1,0.0005776513429275
17,uganda,800405,"Kabarole, Kamwenge, Kyenjojo, Kyegegwa",1965,0.39511723757123984,0.14568091134381142,0.031322513426281985,13919,216.92648608652104,Kampala,439.5885100542838,1382.3157894736842,880.0,3598.0,38,1197.6315789473683,899.0,1798.0,185.5283239906244,38,20.50137784606532,7.947145938873291,22.95648002624512,2.477111108842092,8318.538075127784,0,0,0,0.4756724258152109,30.60385805715685,3340.204467773437,0.0,0,6.4772725105285645,8.36111068725586,1,1,34.68723107003052,0.3392922998271681,0,2,2,5,2,0.000240426861299
17,uganda,800406,Kasese,1965,0.32642572523540014,0.10503540519276161,0.02607801832440801,7907,283.49822465345466,Kampala,757.1614538049515,1459.9411764705883,912.0,3598.0,17,1149.235294117647,871.0,1798.0,279.0366894306964,17,20.08346773596371,7.947145938873291,23.24422645568848,4.305396022125078,3381.2668543671384,0,0,1,0.1178517238385829,30.00231578270192,3309.615823885289,0.0,1,7.44444465637207,8.224719047546387,1,0,42.32998428392414,0.1666470893465189,0,1,2,2,0,0.0
17,uganda,800407,"Kibaale, Kagadi, Kakumiro",1965,0.45852119026149685,0.12759242560865644,0.04869251577998197,2218,178.32063365699182,Kampala,125.0253029945894,1174.0833333333333,705.0,1326.0,24,1219.625,1001.0,1279.0,59.7577139371981,24,22.12914220492045,21.096290588378903,24.18389320373535,0.6851690684660439,4242.698754534124,0,0,0,0.941806585961794,31.08023201750979,3520.099687292221,0.0,0,,6.0,0,1,31.119235363792345,0.4173775941145433,0,2,4,8,1,0.0002356990344721
17,uganda,800408,Kisoro,1965,0.21536351165980797,0.07736625514403292,0.03731138545953361,3645,359.96416966083245,Kampala,253.70718029518463,2003.0,1588.0,2405.0,6,1344.8333333333333,1286.0,1445.0,64.0193113226175,6,16.452409903208416,14.688042640686035,18.75826835632324,1.3258871416698317,727.5557365246409,1,0,1,-1.217985087836692,29.681798126081013,3636.497612847222,0.0,0,,6.722222328186035,0,0,24.53103453572799,0.6195793253058456,1,3,7,8,0,0.0
17,uganda,800409,"Masindi, Buliisa, Kiryandongo",1965,0.48914966051085035,0.17375758382624243,0.02847144297152856,7199,195.1616878995365,Kampala,159.85343226247656,966.342105263158,633.0,1139.0,38,1187.6052631578948,1000.0,1295.0,72.93563834450359,38,23.721613281651543,22.765352249145508,25.54585838317871,0.8501763380431203,8697.87839840885,1,0,0,1.8879551793538236,31.817751039414883,3742.083972167969,0.0,0,6.358974456787109,7.583333492279053,0,1,14.457541572975895,0.4472785600129245,1,3,5,8,3,0.00034491169715
17,uganda,800412,"Rukungiri, Kanungu",1965,0.4413329708315532,0.15246824872800716,0.03326989552180837,12604,325.3038148657524,Kampala,367.8554298687877,1387.2222222222222,912.0,2100.0,18,1072.611111111111,882.0,1323.0,125.817830784074,18,20.214378092024063,15.454646110534668,23.189790725708008,2.331989564740496,2846.242753633956,0,0,1,-0.7542210495441976,29.813499046622763,3664.575209673713,0.0,0,5.333333492279053,6.318181991577148,0,0,55.9628952622684,0.0355781033844445,0,0,3,6,0,0.0
17,uganda,800101,Kalangala,1975,0.6335384615384615,0.28923076923076924,0.08338461538461539,702,79.13067070250658,Kampala,5.253570214625479,1138.0,1134.0,1153.0,15,1900.5333333333333,1547.0,2141.0,180.8814958904187,15,21.700039672851563,21.53270721435547,21.846435546875,0.0791614204957449,496.5688449923212,0,0,0,-0.3724984169276661,32.288692205372804,3379.54765625,0.0,0,,,0,0,28.173360040616288,0.4600442026583021,0,4,10,19,0,0.0
17,uganda,800102,Kampala,1975,0.8647209004470003,0.5741367464820988,0.20679067321475525,11741,6.151442258410858,Kampala,2.449489742783178,1172.0,1169.0,1175.0,3,1334.0,1248.0,1422.0,71.04927867332644,3,21.480708440144856,21.232187271118164,21.63214683532715,0.1771265310139477,180.18081201937548,0,0,0,0.320355380942775,32.592890443625784,3714.615071614584,0.0,0,46.69626235961914,51.3317756652832,1,1,0.9733156423870112,1.0,7,13,21,25,1,0.0055499805378414
17,uganda,800103,"Kiboga, Kyankwanzi",1975,0.4832134292565947,0.1530775379696243,0.030775379696243006,2502,118.2199763918944,Kampala,69.97476299081906,1136.6153846153843,1058.0,1312.0,26,1171.423076923077,1071.0,1275.0,50.17291107676691,26,22.441899079542893,21.453187942504883,23.167726516723636,0.5188793810379497,4037.438116206676,0,0,0,1.0118110468706345,31.76442699603785,3716.022520727041,0.0,0,,,0,0,50.99444158136608,0.1436013528680177,0,0,5,11,0,0.0
17,uganda,800104,"Luwero, Nakasongola, Nakaseke",1975,0.5765434718037934,0.18591250477362414,0.03692451309033819,11682,93.37812218721292,Kampala,31.828137537152227,1082.4878048780488,1037.0,1174.0,41,1174.6097560975609,1125.0,1258.0,35.66776097698373,41,22.66982185549852,21.76116752624512,23.29677391052246,0.42424527044861,9205.94574928728,1,0,0,1.111392854950313,32.36675776516306,3787.602525499132,0.0,0,5.830188751220703,6.5740742683410645,0,1,37.07230847289215,0.3630100904652861,0,2,8,18,3,0.0003258763501003
17,uganda,800105,"Masaka, Ssembabule, Bukomansimbi, Kalungu, Lwengo",1975,0.6127786729455899,0.19704777535555898,0.047042038521592944,19320,124.35160436006774,Kampala,49.277900964199965,1221.53125,1134.0,1303.0,32,1023.625,783.0,1547.0,205.1767149922232,32,21.21808761358261,20.24125099182129,21.644227981567383,0.3574724487867193,5932.945780099783,0,0,0,-0.1900924568934393,31.536428589815763,3161.558949190028,0.0,0,8.903614044189453,8.993569374084473,1,1,24.223332866147285,0.457790272063194,1,4,9,11,5,0.0008427516760343
17,uganda,800106,"Mpigi, Wakiso, Butambala, Gomba",1975,0.713961715962882,0.3144054313130614,0.08175134152246741,19615,48.526349695276,Kampala,31.880173673697897,1177.9032258064517,1110.0,1239.0,31,1199.2903225806451,877.0,1724.0,206.98390050348812,31,21.577727225518995,21.232187271118164,22.10247802734375,0.221247850753866,5192.886036492974,0,0,0,0.2243588073434714,32.11471179762344,3483.7825210813494,0.0,0,11.09325885772705,13.892516136169434,1,1,15.173250387471136,0.7991456627455438,2,7,19,22,7,0.0013479980016521
17,uganda,800107,"Mubende, Mityana",1975,0.5344623796591207,0.16885167507285867,0.04106251860941433,10904,100.27568657905375,Kampala,54.21315102394101,1233.5882352941176,1102.0,1335.0,34,1079.4117647058824,832.0,1246.0,109.4430062923053,34,21.59039581523222,21.12437438964844,22.36966896057129,0.2933072297140559,6213.532780652069,0,0,0,0.4990989129450571,31.668523871232978,3421.9189693827025,0.0,0,6.224719047546387,10.361905097961426,1,1,47.05580662925107,0.3811748354117122,0,2,6,11,2,0.000321878079766
17,uganda,800108,"Mukono, Kayunga, Buikwe, Buvuma",1975,0.6096518419421151,0.21472466038002633,0.042010637256501455,17740,51.02220667206982,Kampala,46.000419006274655,1125.2380952380952,1037.0,1209.0,42,1398.0,1178.0,1744.0,161.0065068191197,42,22.11365077609108,21.232187271118164,23.47479248046875,0.5036348638191965,5098.2449679808415,1,0,0,0.5646686325212069,32.91428710833904,3972.923129377694,0.0,0,8.255985260009766,9.084639549255373,1,1,24.87731329304405,0.8105038849081191,1,16,25,27,8,0.0015691674390389
17,uganda,800110,"Rakai, Lyantonde",1975,0.5210778754048182,0.14052827919815253,0.03921782976455637,7247,164.32965874540187,Kampala,63.71807906709053,1239.08,1139.0,1331.0,25,1016.64,783.0,1590.0,224.8658053150812,25,20.69850151062012,19.81110382080078,21.347352981567383,0.4400394045369014,4206.055102079315,1,0,1,-0.6362172398026028,31.39516574653056,2932.162421875,0.0,0,5.4210524559021,8.30701732635498,0,1,14.388517836935725,0.5805037161349277,1,3,7,16,2,0.0004755049450044
17,uganda,800201,"Bugiri, Iganga, Mayuge, Namutumba, Luuka, Namayingo",1975,0.45571929129248145,0.1495509777605635,0.030084940415604538,21135,122.24169597180692,Kampala,36.43347257502958,1120.8823529411766,1058.0,1187.0,34,1268.2058823529412,957.0,1421.0,111.82964444709027,34,22.61588337842156,22.07500267028809,23.443145751953125,0.4002683673979892,5186.669204225286,0,0,0,0.584871912617374,33.6053586134519,4241.699474703881,0.0,0,6.290322780609131,7.169642925262451,1,1,15.656584174039285,0.7218813714688128,2,5,9,16,3,0.0005784058866827
17,uganda,800202,"Busia, Tororo, Butaleja",1975,0.4715522283307989,0.1760673763013218,0.04723944320973213,16022,169.76431479500502,Kampala,57.37619143643119,1147.8125,1074.0,1263.0,16,1330.0,1130.0,1590.0,125.68164145968176,16,22.647011637687683,22.15627098083496,23.2171688079834,0.3738034756590108,2584.284149208256,0,0,1,0.6781581746324686,34.02287275481315,4329.740608723959,0.0,1,6.38095235824585,7.4285712242126465,1,0,52.60889566525182,0.046331954392034,0,0,7,14,0,0.0
17,uganda,800204,Jinja,1975,0.6490514256537903,0.29542227115344727,0.08356070397140715,6441,80.21798258329115,Kampala,41.74362960075344,1139.428571428571,1076.0,1209.0,7,1317.7142857142858,1223.0,1381.0,59.18183670619194,7,22.20600891113281,21.612459182739254,22.521562576293945,0.2870852667075066,686.481462546874,1,0,0,0.5728567378982413,33.21009557496111,4177.89826311384,0.0,0,9.92934799194336,10.919282913208008,1,0,25.924604913531088,0.6241276004864622,0,9,19,26,0,0.0
17,uganda,800205,"Kamuli, Kaliro, Buyende",1975,0.43147939515171024,0.14272028449022447,0.035254715318173806,12941,115.99361962143932,Kampala,22.100304080570613,1062.5217391304348,1036.0,1121.0,23,1256.391304347826,1178.0,1322.0,37.4244039544006,23,23.21480668109396,22.17768859863281,24.066335678100582,0.5022333471474449,4308.73323722007,1,0,0,1.1060908178437003,33.19702879038627,4084.82234375,0.0,0,5.8947367668151855,6.099999904632568,1,1,2.1143446466775653,0.7349763062861465,2,7,11,19,4,0.0009283470987358
17,uganda,800206,"Kapchorwa, Bukwo, Kween",1975,0.6523006184632322,0.22096298934688988,0.045008580772593336,3238,255.41829100355017,Kampala,785.7725851387,1791.3333333333333,1067.0,3545.0,12,1266.5,1036.0,1649.0,185.28963813446236,12,18.98470179239909,9.416937828063965,23.08924865722656,4.292144791745692,1732.1452427137808,0,0,1,1.365185496657934,34.57662362347867,4020.5939819335936,0.0,0,,,0,0,44.28020242908786,0.0160555480741208,0,1,1,4,0,0.0
17,uganda,800207,"Katakwi, Soroti, Kaberamaido, Amuria, Serere",1975,0.44647374549932406,0.1607393824202594,0.04920292861827576,14727,209.32019853296663,Kampala,44.41238350295063,1075.2244897959183,1036.0,1337.0,49,1208.8367346938776,943.0,1376.0,112.99599901509526,49,23.841163674179388,22.00300025939941,24.596267700195312,0.4029013458090589,10019.74172596774,0,0,0,1.836037284411386,33.62159887064809,4275.608006143162,0.0,0,8.425926208496094,7.71875,1,0,37.93352662843634,0.0746160455925143,0,1,1,3,0,0.0
17,uganda,800208,"Kumi, Bukedea, Ngora",1975,0.4472865254422363,0.16306780956540728,0.058418868748635076,7259,203.24075079228183,Kampala,87.53780488423627,1100.7222222222222,1041.0,1435.0,18,1235.388888888889,1058.0,1376.0,85.01773598549167,18,23.402000215318463,21.20775032043457,24.46329498291016,0.701523267209241,2845.676428051319,0,0,0,1.4383135784303944,33.96901651282972,4298.395744977679,0.0,0,,,1,1,24.127620261892307,0.4853175180650594,1,2,3,7,1,0.0003514102974401
17,uganda,800209,"Mbale, Sironko, Bududa, Manafwa, Bulambuli",1975,0.5712559685546205,0.1842192734851083,0.04442451262299839,17963,217.16117467938295,Kampala,728.712169244851,1635.529411764706,1049.0,3545.0,17,1344.3529411764705,1058.0,1693.0,204.21065858467028,17,19.9762020111084,9.416937828063965,23.15889549255371,4.113802514241577,2473.416541001183,0,0,1,1.111579660580016,34.31836241363437,4274.129756532866,0.0,0,8.058252334594727,9.611940383911133,1,1,6.52929075402443,0.6514222877782025,1,1,2,7,1,0.000404299067069
17,uganda,800210,"Pallisa, Budaka, Kibuku",1975,0.39928057553956836,0.1499229188078109,0.048432682425488184,7784,169.48062534228288,Kampala,26.960382456898166,1077.0666666666666,1041.0,1123.0,15,1262.4,1130.0,1376.0,66.23574060379588,15,23.446822357177734,23.049455642700195,23.99481010437012,0.3123810260249865,1996.354270064338,0,0,0,1.146749125556188,33.8073710275787,4262.301870492788,0.0,0,,,1,1,5.3649225255965,0.8190225378997426,1,4,9,10,1,0.0005009130969363
17,uganda,800301,"Adjumani, Moyo",1975,0.4724250338372381,0.18487523114169702,0.04327353832662943,5959,350.8713440067105,Kampala,119.79943229436492,794.8518518518518,645.0,1060.0,27,1178.2222222222222,1070.0,1293.0,63.08626271392114,27,25.26921611362033,23.35099983215332,26.141000747680664,0.8018663586421036,4964.06974271891,1,0,1,3.339884103324535,31.73240832950039,4058.8004234577047,0.0,0,7.599999904632568,,0,1,34.690967274157664,0.2921859055238431,0,1,3,3,1,0.0002014476129121
17,uganda,800302,"Apac, Oyam, Kole",1975,0.5260412092255266,0.12745700785188568,0.03574628045460135,10351,203.3912626957728,Kampala,16.98392997957247,1061.6571428571428,1024.0,1102.0,35,1279.142857142857,1125.0,1402.0,81.83193329087642,35,23.35193236214774,23.004831314086918,23.72274780273437,0.1745823703376508,6539.920548849419,1,0,0,2.119976894561146,32.56852532722645,3995.151785236516,0.0,0,9.5,,0,0,67.18644938947168,0.0754912227864263,0,0,2,4,0,0.0
17,uganda,800303,"Arua, Yumbe, Koboko, Maracha",1975,0.4022343229315935,0.1503110406797377,0.042989362240167237,17789,357.5558564515972,Kampala,230.8862476956997,963.125,645.0,1541.0,40,1277.375,1049.0,1500.0,121.2492654616926,40,24.580327844619752,20.50116539001465,26.06658172607422,1.3739501333466688,7905.159916508503,1,0,1,3.19192266335379,31.157996814832437,3926.036674167799,0.0,0,7.058823585510254,8.5,0,1,7.547650410976329,0.3664792472459535,1,2,4,6,2,0.0002529993094539
17,uganda,800304,"Gulu, Amuru, Nwoya, Omoro",1975,0.45425338452212566,0.14725197009496868,0.043857344918165286,9888,281.9746727890923,Kampala,142.4530875919204,905.7169811320756,637.0,1089.0,53,1230.4528301886792,988.0,1402.0,110.60546338100067,53,24.1930815858661,23.043540954589844,26.141000747680664,0.8162213853015542,11774.01065621148,1,0,1,2.778074031803363,32.0509997337959,3977.4674246651775,0.0,0,8.391304016113281,10.81666660308838,0,1,44.93446136293144,0.1775730717307587,0,1,2,3,2,0.0001698656522741
17,uganda,800305,"Kitgum, Pader, Agago, Lamwo",1975,0.4232072104769682,0.11983939751383722,0.02563288267852282,13355,333.2177698467941,Kampala,207.3934566174904,1056.7941176470588,697.0,2233.0,68,1141.6764705882354,879.0,1411.0,126.2247576601626,68,23.71572965734145,17.208810806274414,25.997560501098636,1.163883450745466,16406.255958807047,0,0,1,3.249719677814448,33.02152374420987,4314.878732045491,0.0,0,6.099999904632568,8.800000190734863,0,0,81.33141505106902,0.0214989142372306,0,0,0,2,0,0.0
17,uganda,800306,"Kotido, Moroto, Nakapiripirit, Abim, Kaabong, Amudat, Napak",1975,0.11550214384926626,0.05108400265716529,0.012669847212995954,17212,331.96029078082825,Kampala,168.0940425097214,1248.981308411215,795.0,1767.0,107,837.5327102803739,511.0,1154.0,154.5599915441002,107,22.594929935776182,19.09120750427246,25.03139305114746,1.0704317269904635,27477.129416534197,0,0,1,2.746327381383045,34.24466842655889,4292.929463446895,0.0,0,5.470588207244873,,0,0,145.09627200557148,0.0,0,0,0,0,0,0.0
17,uganda,800307,"Lira, Amolatar, Dokolo, Alebtong, Otuke",1975,0.5063131680890106,0.1450135438208138,0.04580141554772377,13562,211.6408471603378,Kampala,31.05572508698143,1068.0731707317073,1024.0,1182.0,41,1260.9512195121952,1056.0,1402.0,90.47650314011926,41,23.545922814345943,23.14949989318848,23.996252059936523,0.2237959216704672,7394.926144631539,1,0,0,2.1174915084859323,33.08136910864255,4166.317759874132,0.0,0,9.375,8.901638984680176,0,0,92.0803901045658,2.151300464472169e-05,0,0,0,2,0,0.0
17,uganda,800310,"Nebbi, Zombo",1975,0.354625262832773,0.103089844260445,0.02482804499934663,8526,287.942320471368,Kampala,385.8347428024887,1051.842105263158,637.0,1795.0,19,1150.4736842105262,970.0,1412.0,137.23562849541608,19,23.046703439009818,18.855165481567383,25.37133026123047,2.1514296961610744,2893.4818000940327,1,0,1,2.477776310603247,31.158573031091983,3534.937241908482,0.0,0,,,0,0,59.222673855495465,0.0011871848262255,0,0,6,12,0,0.0
17,uganda,800401,"Bundibugyo, Ntoroko",1975,0.3685311284046693,0.12132782101167315,0.023103112840466927,4411,265.8097694130828,Kampala,733.9652012641109,1247.8333333333333,621.0,3598.0,18,1274.7777777777778,970.0,1798.0,204.2913375972754,18,20.821055597729156,7.947145938873291,24.712373733520508,4.007612897630343,2066.8387510290645,1,0,1,0.8717194862212138,30.22701429867698,3425.734810207201,0.0,0,,,0,0,31.296989604699423,0.3429004182418068,0,4,6,9,0,0.0
17,uganda,800402,"Bushenyi, Mbarara, Ntungamo, Ibanda, Isingiro, Kiruhura, Buhweju, Mitooma, Rubirizi, Sheema",1975,0.47135118740982085,0.1628097312076144,0.056046546375774116,44885,238.4125815018874,Kampala,179.72334621687375,1352.3939393939395,912.0,1783.0,66,956.0151515151516,788.0,1252.0,126.72213607113632,66,20.69815077926173,17.725561141967773,23.24422645568848,1.0326360690117706,16353.366781585388,1,0,1,-0.4946461671146533,30.55099808652204,3398.106101707176,0.0,0,7.643243312835693,9.502439498901367,1,1,16.115922950033454,0.2589771579535179,1,2,3,3,3,0.0001834484629414
17,uganda,800403,Hoima,1975,0.5180683424709492,0.20540671011344436,0.04810178959346229,6161,196.74278114929865,Kampala,199.26824466867103,961.0,615.0,1181.0,24,1162.2916666666667,923.0,1301.0,128.36519490846766,24,23.51743467648824,22.19050025939941,25.41823005676269,1.0592092109278546,3667.704499735511,0,0,1,1.3838750786892755,31.154369176601147,3646.982376453489,0.0,1,6.5652174949646,8.59615421295166,0,1,29.588800659456407,0.4553807910639527,0,3,11,17,2,0.0005453002007506
17,uganda,800404,"Kabale, Rubanda",1975,0.3880613533677947,0.13669092850353512,0.045852267548599626,15201,331.5832247352107,Kampala,253.481576691921,1825.5833333333333,1434.0,2115.0,12,1088.3333333333333,852.0,1323.0,145.6470238472299,12,17.535862922668457,15.454646110534668,20.075040817260746,1.646361857835779,1731.1480571168793,1,0,1,-1.2225608090925215,29.976510788963576,3726.9104736328127,0.0,0,7.5,7.954545497894287,0,1,9.022754142990983,0.8126688164552753,1,3,6,12,1,0.0005776513429275
17,uganda,800405,"Kabarole, Kamwenge, Kyenjojo, Kyegegwa",1975,0.40569268626804333,0.1346051396534666,0.03820492655825871,15350,216.92648608652104,Kampala,439.5885100542838,1382.3157894736842,880.0,3598.0,38,1197.6315789473683,899.0,1798.0,185.5283239906244,38,20.50137784606532,7.947145938873291,22.95648002624512,2.477111108842092,8318.538075127784,0,0,0,0.4756724258152109,30.60385805715685,3340.204467773437,0.0,0,6.4772725105285645,8.36111068725586,1,1,34.68723107003052,0.3392922998271681,0,2,2,5,2,0.000240426861299
17,uganda,800406,Kasese,1975,0.4782949729565197,0.18471516542180805,0.05841860029501979,8555,283.49822465345466,Kampala,757.1614538049515,1459.9411764705883,912.0,3598.0,17,1149.235294117647,871.0,1798.0,279.0366894306964,17,20.08346773596371,7.947145938873291,23.24422645568848,4.305396022125078,3381.2668543671384,0,0,1,0.1178517238385829,30.00231578270192,3309.615823885289,0.0,1,7.44444465637207,8.224719047546387,1,0,42.32998428392414,0.1666470893465189,0,1,2,2,0,0.0
17,uganda,800407,"Kibaale, Kagadi, Kakumiro",1975,0.418450184501845,0.13628536285362855,0.04059040590405904,4065,178.32063365699182,Kampala,125.0253029945894,1174.0833333333333,705.0,1326.0,24,1219.625,1001.0,1279.0,59.7577139371981,24,22.12914220492045,21.096290588378903,24.18389320373535,0.6851690684660439,4242.698754534124,0,0,0,0.941806585961794,31.08023201750979,3520.099687292221,0.0,0,,6.0,0,1,31.119235363792345,0.4173775941145433,0,2,4,8,1,0.0002356990344721
17,uganda,800408,Kisoro,1975,0.277379949452401,0.09983150800336985,0.04296545914069082,4748,359.96416966083245,Kampala,253.70718029518463,2003.0,1588.0,2405.0,6,1344.8333333333333,1286.0,1445.0,64.0193113226175,6,16.452409903208416,14.688042640686035,18.75826835632324,1.3258871416698317,727.5557365246409,1,0,1,-1.217985087836692,29.681798126081013,3636.497612847222,0.0,0,,6.722222328186035,0,0,24.53103453572799,0.6195793253058456,1,3,7,8,0,0.0
17,uganda,800409,"Masindi, Buliisa, Kiryandongo",1975,0.4699537750385208,0.1928779318609827,0.056069166238657764,6507,195.1616878995365,Kampala,159.85343226247656,966.342105263158,633.0,1139.0,38,1187.6052631578948,1000.0,1295.0,72.93563834450359,38,23.721613281651543,22.765352249145508,25.54585838317871,0.8501763380431203,8697.87839840885,1,0,0,1.8879551793538236,31.817751039414883,3742.083972167969,0.0,0,6.358974456787109,7.583333492279053,0,1,14.457541572975895,0.4472785600129245,1,3,5,8,3,0.00034491169715
17,uganda,800412,"Rukungiri, Kanungu",1975,0.5065391372242827,0.1680562914215071,0.05465547530743705,10688,325.3038148657524,Kampala,367.8554298687877,1387.2222222222222,912.0,2100.0,18,1072.611111111111,882.0,1323.0,125.817830784074,18,20.214378092024063,15.454646110534668,23.189790725708008,2.331989564740496,2846.242753633956,0,0,1,-0.7542210495441976,29.813499046622763,3664.575209673713,0.0,0,5.333333492279053,6.318181991577148,0,0,55.9628952622684,0.0355781033844445,0,0,3,6,0,0.0
18,zambia,894001,Central,1975,0.6414543822242172,0.3224479108218307,0.06265664160401002,26733,305.9782121231689,Lubumbashi,214.59720710907547,1129.7578347578349,498.0,1577.0,351,948.045584045584,777.0,1192.0,94.38185865955444,351,20.85400380300321,18.28441619873047,24.813352584838867,1.2963259700524374,94696.12325680137,1,0,1,-14.182781555766812,28.604469832163165,4043.340468211266,0.0,1,8.341751098632812,12.79887866973877,1,1,31.3538744316948,0.1300710787471838,0,2,4,4,9,9.50408495139064e-05
18,zambia,894001,Central,1965,0.598394909298129,0.28867888688384463,0.0549434894102004,21058,305.9782121231689,Lubumbashi,214.59720710907547,1129.7578347578349,498.0,1577.0,351,948.045584045584,777.0,1192.0,94.38185865955444,351,20.85400380300321,18.28441619873047,24.813352584838867,1.2963259700524374,94696.12325680137,1,0,1,-14.182781555766812,28.604469832163165,4043.340468211266,0.0,1,8.341751098632812,12.79887866973877,1,1,31.3538744316948,0.1300710787471838,0,2,4,4,9,9.50408495139064e-05
18,zambia,894001,Central,1955,0.5291848804319876,0.27024942144510156,0.06008399760006857,11667,305.9782121231689,Lubumbashi,214.59720710907547,1129.7578347578349,498.0,1577.0,351,948.045584045584,777.0,1192.0,94.38185865955444,351,20.85400380300321,18.28441619873047,24.813352584838867,1.2963259700524374,94696.12325680137,1,0,1,-14.182781555766812,28.604469832163165,4043.340468211266,0.0,1,8.341751098632812,12.79887866973877,1,1,31.3538744316948,0.1300710787471838,0,2,4,4,9,9.50408495139064e-05
18,zambia,894001,Central,1945,0.3065320041972718,0.14782266526757606,0.03515215110178384,7624,305.9782121231689,Lubumbashi,214.59720710907547,1129.7578347578349,498.0,1577.0,351,948.045584045584,777.0,1192.0,94.38185865955444,351,20.85400380300321,18.28441619873047,24.813352584838867,1.2963259700524374,94696.12325680137,1,0,1,-14.182781555766812,28.604469832163165,4043.340468211266,0.0,1,8.341751098632812,12.79887866973877,1,1,31.3538744316948,0.1300710787471838,0,2,4,4,9,9.50408495139064e-05
18,zambia,894001,Central,1935,0.18244849445324882,0.07468304278922346,0.022979397781299524,5048,305.9782121231689,Lubumbashi,214.59720710907547,1129.7578347578349,498.0,1577.0,351,948.045584045584,777.0,1192.0,94.38185865955444,351,20.85400380300321,18.28441619873047,24.813352584838867,1.2963259700524374,94696.12325680137,1,0,1,-14.182781555766812,28.604469832163165,4043.340468211266,0.0,1,8.341751098632812,12.79887866973877,1,1,31.3538744316948,0.1300710787471838,0,2,4,4,9,9.50408495139064e-05
18,zambia,894001,Central,1925,0.1254416961130742,0.037102473498233215,0.012367491166077738,1698,305.9782121231689,Lubumbashi,214.59720710907547,1129.7578347578349,498.0,1577.0,351,948.045584045584,777.0,1192.0,94.38185865955444,351,20.85400380300321,18.28441619873047,24.813352584838867,1.2963259700524374,94696.12325680137,1,0,1,-14.182781555766812,28.604469832163165,4043.340468211266,0.0,1,8.341751098632812,12.79887866973877,1,1,31.3538744316948,0.1300710787471838,0,2,4,4,9,9.50408495139064e-05
18,zambia,894001,Central,1915,0.06015037593984962,0.015037593984962405,0.0015037593984962407,665,305.9782121231689,Lubumbashi,214.59720710907547,1129.7578347578349,498.0,1577.0,351,948.045584045584,777.0,1192.0,94.38185865955444,351,20.85400380300321,18.28441619873047,24.813352584838867,1.2963259700524374,94696.12325680137,1,0,1,-14.182781555766812,28.604469832163165,4043.340468211266,0.0,1,8.341751098632812,12.79887866973877,1,1,31.3538744316948,0.1300710787471838,0,2,4,4,9,9.50408495139064e-05
18,zambia,894002,Copperbelt,1975,0.8059585993422326,0.5345923181094394,0.10935011979701474,67197,166.1949724105148,Lubumbashi,56.657272843625314,1244.3387096774193,1134.0,1373.0,124,1150.5645161290322,1006.0,1240.0,66.99641804766492,124,19.96820732855028,19.084062576293945,20.97547721862793,0.4503648154780066,30865.77739360215,1,0,1,-13.10653996537032,27.852157594728464,4101.9580838563015,0.0,1,12.916559219360352,18.144603729248047,1,1,10.700271404582136,0.0982686506952611,1,1,1,1,1,3.2398341608181145e-05
18,zambia,894002,Copperbelt,1965,0.7737641163712512,0.4865567272455314,0.08028569291750803,53484,166.1949724105148,Lubumbashi,56.657272843625314,1244.3387096774193,1134.0,1373.0,124,1150.5645161290322,1006.0,1240.0,66.99641804766492,124,19.96820732855028,19.084062576293945,20.97547721862793,0.4503648154780066,30865.77739360215,1,0,1,-13.10653996537032,27.852157594728464,4101.9580838563015,0.0,1,12.916559219360352,18.144603729248047,1,1,10.700271404582136,0.0982686506952611,1,1,1,1,1,3.2398341608181145e-05
18,zambia,894002,Copperbelt,1955,0.7073561011292461,0.45636172450052576,0.0892881634892333,21873,166.1949724105148,Lubumbashi,56.657272843625314,1244.3387096774193,1134.0,1373.0,124,1150.5645161290322,1006.0,1240.0,66.99641804766492,124,19.96820732855028,19.084062576293945,20.97547721862793,0.4503648154780066,30865.77739360215,1,0,1,-13.10653996537032,27.852157594728464,4101.9580838563015,0.0,1,12.916559219360352,18.144603729248047,1,1,10.700271404582136,0.0982686506952611,1,1,1,1,1,3.2398341608181145e-05
18,zambia,894002,Copperbelt,1945,0.460142806976472,0.27589839634788715,0.06250731593117172,8543,166.1949724105148,Lubumbashi,56.657272843625314,1244.3387096774193,1134.0,1373.0,124,1150.5645161290322,1006.0,1240.0,66.99641804766492,124,19.96820732855028,19.084062576293945,20.97547721862793,0.4503648154780066,30865.77739360215,1,0,1,-13.10653996537032,27.852157594728464,4101.9580838563015,0.0,1,12.916559219360352,18.144603729248047,1,1,10.700271404582136,0.0982686506952611,1,1,1,1,1,3.2398341608181145e-05
18,zambia,894002,Copperbelt,1935,0.27723311546840956,0.12363834422657952,0.031862745098039214,3672,166.1949724105148,Lubumbashi,56.657272843625314,1244.3387096774193,1134.0,1373.0,124,1150.5645161290322,1006.0,1240.0,66.99641804766492,124,19.96820732855028,19.084062576293945,20.97547721862793,0.4503648154780066,30865.77739360215,1,0,1,-13.10653996537032,27.852157594728464,4101.9580838563015,0.0,1,12.916559219360352,18.144603729248047,1,1,10.700271404582136,0.0982686506952611,1,1,1,1,1,3.2398341608181145e-05
18,zambia,894002,Copperbelt,1925,0.15789473684210525,0.06698564593301436,0.0215311004784689,836,166.1949724105148,Lubumbashi,56.657272843625314,1244.3387096774193,1134.0,1373.0,124,1150.5645161290322,1006.0,1240.0,66.99641804766492,124,19.96820732855028,19.084062576293945,20.97547721862793,0.4503648154780066,30865.77739360215,1,0,1,-13.10653996537032,27.852157594728464,4101.9580838563015,0.0,1,12.916559219360352,18.144603729248047,1,1,10.700271404582136,0.0982686506952611,1,1,1,1,1,3.2398341608181145e-05
18,zambia,894002,Copperbelt,1915,0.10483870967741936,0.036290322580645164,0.004032258064516129,248,166.1949724105148,Lubumbashi,56.657272843625314,1244.3387096774193,1134.0,1373.0,124,1150.5645161290322,1006.0,1240.0,66.99641804766492,124,19.96820732855028,19.084062576293945,20.97547721862793,0.4503648154780066,30865.77739360215,1,0,1,-13.10653996537032,27.852157594728464,4101.9580838563015,0.0,1,12.916559219360352,18.144603729248047,1,1,10.700271404582136,0.0982686506952611,1,1,1,1,1,3.2398341608181145e-05
18,zambia,894003,"Eastern, Muchinga, Northern",1975,0.5084797953479558,0.24547586337581126,0.04931545786157563,84436,326.51190376197485,Bagamoyo (Rungwe),288.74288273595016,1121.344,472.0,2175.0,750,1086.4053333333334,814.0,1438.0,154.34487262260737,750,21.670102043151857,14.77022933959961,27.080833435058597,1.684753533071967,217968.3280937441,0,0,1,-11.262932457741057,31.464426535465314,3906.254119321595,0.0,0,7.681737422943115,11.127240180969238,0,1,86.06499711197685,0.151416769439756,0,0,0,1,18,8.258080500694828e-05
18,zambia,894003,"Eastern, Muchinga, Northern",1965,0.515910154422087,0.24277469527820486,0.04878891191478931,89754,326.51190376197485,Bagamoyo (Rungwe),288.74288273595016,1121.344,472.0,2175.0,750,1086.4053333333334,814.0,1438.0,154.34487262260737,750,21.670102043151857,14.77022933959961,27.080833435058597,1.684753533071967,217968.3280937441,0,0,1,-11.262932457741057,31.464426535465314,3906.254119321595,0.0,0,7.681737422943115,11.127240180969238,0,1,86.06499711197685,0.151416769439756,0,0,0,1,18,8.258080500694828e-05
18,zambia,894003,"Eastern, Muchinga, Northern",1955,0.47960212609594777,0.24769701423663926,0.05651928697168054,58511,326.51190376197485,Bagamoyo (Rungwe),288.74288273595016,1121.344,472.0,2175.0,750,1086.4053333333334,814.0,1438.0,154.34487262260737,750,21.670102043151857,14.77022933959961,27.080833435058597,1.684753533071967,217968.3280937441,0,0,1,-11.262932457741057,31.464426535465314,3906.254119321595,0.0,0,7.681737422943115,11.127240180969238,0,1,86.06499711197685,0.151416769439756,0,0,0,1,18,8.258080500694828e-05
18,zambia,894003,"Eastern, Muchinga, Northern",1945,0.2869064814177958,0.14631909576541258,0.036889286287456725,43617,326.51190376197485,Bagamoyo (Rungwe),288.74288273595016,1121.344,472.0,2175.0,750,1086.4053333333334,814.0,1438.0,154.34487262260737,750,21.670102043151857,14.77022933959961,27.080833435058597,1.684753533071967,217968.3280937441,0,0,1,-11.262932457741057,31.464426535465314,3906.254119321595,0.0,0,7.681737422943115,11.127240180969238,0,1,86.06499711197685,0.151416769439756,0,0,0,1,18,8.258080500694828e-05
18,zambia,894003,"Eastern, Muchinga, Northern",1935,0.16881998277347116,0.06870734777711522,0.022460743390975948,30186,326.51190376197485,Bagamoyo (Rungwe),288.74288273595016,1121.344,472.0,2175.0,750,1086.4053333333334,814.0,1438.0,154.34487262260737,750,21.670102043151857,14.77022933959961,27.080833435058597,1.684753533071967,217968.3280937441,0,0,1,-11.262932457741057,31.464426535465314,3906.254119321595,0.0,0,7.681737422943115,11.127240180969238,0,1,86.06499711197685,0.151416769439756,0,0,0,1,18,8.258080500694828e-05
18,zambia,894003,"Eastern, Muchinga, Northern",1925,0.10459183673469388,0.033345481049562684,0.01020408163265306,10976,326.51190376197485,Bagamoyo (Rungwe),288.74288273595016,1121.344,472.0,2175.0,750,1086.4053333333334,814.0,1438.0,154.34487262260737,750,21.670102043151857,14.77022933959961,27.080833435058597,1.684753533071967,217968.3280937441,0,0,1,-11.262932457741057,31.464426535465314,3906.254119321595,0.0,0,7.681737422943115,11.127240180969238,0,1,86.06499711197685,0.151416769439756,0,0,0,1,18,8.258080500694828e-05
18,zambia,894003,"Eastern, Muchinga, Northern",1915,0.07194580705442653,0.02242466713384723,0.008642840457836955,4281,326.51190376197485,Bagamoyo (Rungwe),288.74288273595016,1121.344,472.0,2175.0,750,1086.4053333333334,814.0,1438.0,154.34487262260737,750,21.670102043151857,14.77022933959961,27.080833435058597,1.684753533071967,217968.3280937441,0,0,1,-11.262932457741057,31.464426535465314,3906.254119321595,0.0,0,7.681737422943115,11.127240180969238,0,1,86.06499711197685,0.151416769439756,0,0,0,1,18,8.258080500694828e-05
18,zambia,894004,Luapula,1975,0.5547504351698175,0.262032951463385,0.0460267983645711,24703,214.40292772285488,Lubumbashi,123.420234217622,1164.8410256410257,921.0,1499.0,195,1233.825641025641,1059.0,1438.0,87.73485907200146,195,21.437764779115334,19.764768600463867,24.58683586120605,1.1997879745576914,48160.39206425986,0,0,1,-10.719099521459302,29.205269281103675,4031.678141557634,0.0,0,8.085837364196777,11.482014656066896,0,1,31.475687380115712,0.275831153504467,0,1,3,6,8,0.0001661116045177
18,zambia,894004,Luapula,1965,0.5541948037083667,0.25081072832017093,0.04021212468047766,26211,214.40292772285488,Lubumbashi,123.420234217622,1164.8410256410257,921.0,1499.0,195,1233.825641025641,1059.0,1438.0,87.73485907200146,195,21.437764779115334,19.764768600463867,24.58683586120605,1.1997879745576914,48160.39206425986,0,0,1,-10.719099521459302,29.205269281103675,4031.678141557634,0.0,0,8.085837364196777,11.482014656066896,0,1,31.475687380115712,0.275831153504467,0,1,3,6,8,0.0001661116045177
18,zambia,894004,Luapula,1955,0.5154356277155271,0.2612622913331809,0.0462497141550423,17492,214.40292772285488,Lubumbashi,123.420234217622,1164.8410256410257,921.0,1499.0,195,1233.825641025641,1059.0,1438.0,87.73485907200146,195,21.437764779115334,19.764768600463867,24.58683586120605,1.1997879745576914,48160.39206425986,0,0,1,-10.719099521459302,29.205269281103675,4031.678141557634,0.0,0,8.085837364196777,11.482014656066896,0,1,31.475687380115712,0.275831153504467,0,1,3,6,8,0.0001661116045177
18,zambia,894004,Luapula,1945,0.3065912117177097,0.1478029294274301,0.032207057256990676,12016,214.40292772285488,Lubumbashi,123.420234217622,1164.8410256410257,921.0,1499.0,195,1233.825641025641,1059.0,1438.0,87.73485907200146,195,21.437764779115334,19.764768600463867,24.58683586120605,1.1997879745576914,48160.39206425986,0,0,1,-10.719099521459302,29.205269281103675,4031.678141557634,0.0,0,8.085837364196777,11.482014656066896,0,1,31.475687380115712,0.275831153504467,0,1,3,6,8,0.0001661116045177
18,zambia,894004,Luapula,1935,0.19193398109942766,0.07254092905630241,0.021429522161586584,7513,214.40292772285488,Lubumbashi,123.420234217622,1164.8410256410257,921.0,1499.0,195,1233.825641025641,1059.0,1438.0,87.73485907200146,195,21.437764779115334,19.764768600463867,24.58683586120605,1.1997879745576914,48160.39206425986,0,0,1,-10.719099521459302,29.205269281103675,4031.678141557634,0.0,0,8.085837364196777,11.482014656066896,0,1,31.475687380115712,0.275831153504467,0,1,3,6,8,0.0001661116045177
18,zambia,894004,Luapula,1925,0.11560693641618497,0.029985549132947976,0.008670520231213872,2768,214.40292772285488,Lubumbashi,123.420234217622,1164.8410256410257,921.0,1499.0,195,1233.825641025641,1059.0,1438.0,87.73485907200146,195,21.437764779115334,19.764768600463867,24.58683586120605,1.1997879745576914,48160.39206425986,0,0,1,-10.719099521459302,29.205269281103675,4031.678141557634,0.0,0,8.085837364196777,11.482014656066896,0,1,31.475687380115712,0.275831153504467,0,1,3,6,8,0.0001661116045177
18,zambia,894004,Luapula,1915,0.06155632984901278,0.010452961672473868,0.003484320557491289,861,214.40292772285488,Lubumbashi,123.420234217622,1164.8410256410257,921.0,1499.0,195,1233.825641025641,1059.0,1438.0,87.73485907200146,195,21.437764779115334,19.764768600463867,24.58683586120605,1.1997879745576914,48160.39206425986,0,0,1,-10.719099521459302,29.205269281103675,4031.678141557634,0.0,0,8.085837364196777,11.482014656066896,0,1,31.475687380115712,0.275831153504467,0,1,3,6,8,0.0001661116045177
18,zambia,894005,Lusaka,1975,0.7740819375638909,0.4967104400933134,0.12382375298157322,38151,343.07337725258617,Harare,272.3521274556891,835.8842105263158,384.0,1255.0,95,805.4842105263158,701.0,879.0,38.36195021602436,95,22.540858359085885,20.30008125305176,25.17677116394043,1.6146520465088243,21535.27639758617,1,0,1,-15.369768967543108,29.21315802538656,3745.196389150802,0.0,1,16.05748176574707,21.727399826049805,1,1,107.12748454215512,0.1499420242436516,0,0,0,0,2,9.28708767454768e-05
18,zambia,894005,Lusaka,1965,0.7284807798418246,0.44390288762185026,0.09807798418245356,21748,343.07337725258617,Harare,272.3521274556891,835.8842105263158,384.0,1255.0,95,805.4842105263158,701.0,879.0,38.36195021602436,95,22.540858359085885,20.30008125305176,25.17677116394043,1.6146520465088243,21535.27639758617,1,0,1,-15.369768967543108,29.21315802538656,3745.196389150802,0.0,1,16.05748176574707,21.727399826049805,1,1,107.12748454215512,0.1499420242436516,0,0,0,0,2,9.28708767454768e-05
18,zambia,894005,Lusaka,1955,0.644871321265854,0.407462135205024,0.09481590937076714,8121,343.07337725258617,Harare,272.3521274556891,835.8842105263158,384.0,1255.0,95,805.4842105263158,701.0,879.0,38.36195021602436,95,22.540858359085885,20.30008125305176,25.17677116394043,1.6146520465088243,21535.27639758617,1,0,1,-15.369768967543108,29.21315802538656,3745.196389150802,0.0,1,16.05748176574707,21.727399826049805,1,1,107.12748454215512,0.1499420242436516,0,0,0,0,2,9.28708767454768e-05
18,zambia,894005,Lusaka,1945,0.3746792130025663,0.22127174222982607,0.05873966353008269,3507,343.07337725258617,Harare,272.3521274556891,835.8842105263158,384.0,1255.0,95,805.4842105263158,701.0,879.0,38.36195021602436,95,22.540858359085885,20.30008125305176,25.17677116394043,1.6146520465088243,21535.27639758617,1,0,1,-15.369768967543108,29.21315802538656,3745.196389150802,0.0,1,16.05748176574707,21.727399826049805,1,1,107.12748454215512,0.1499420242436516,0,0,0,0,2,9.28708767454768e-05
18,zambia,894005,Lusaka,1935,0.22185741088180114,0.10928705440900563,0.03189493433395872,2132,343.07337725258617,Harare,272.3521274556891,835.8842105263158,384.0,1255.0,95,805.4842105263158,701.0,879.0,38.36195021602436,95,22.540858359085885,20.30008125305176,25.17677116394043,1.6146520465088243,21535.27639758617,1,0,1,-15.369768967543108,29.21315802538656,3745.196389150802,0.0,1,16.05748176574707,21.727399826049805,1,1,107.12748454215512,0.1499420242436516,0,0,0,0,2,9.28708767454768e-05
18,zambia,894005,Lusaka,1925,0.10344827586206896,0.043478260869565216,0.014992503748125937,667,343.07337725258617,Harare,272.3521274556891,835.8842105263158,384.0,1255.0,95,805.4842105263158,701.0,879.0,38.36195021602436,95,22.540858359085885,20.30008125305176,25.17677116394043,1.6146520465088243,21535.27639758617,1,0,1,-15.369768967543108,29.21315802538656,3745.196389150802,0.0,1,16.05748176574707,21.727399826049805,1,1,107.12748454215512,0.1499420242436516,0,0,0,0,2,9.28708767454768e-05
18,zambia,894005,Lusaka,1915,0.07630522088353414,0.028112449799196786,0.008032128514056224,249,343.07337725258617,Harare,272.3521274556891,835.8842105263158,384.0,1255.0,95,805.4842105263158,701.0,879.0,38.36195021602436,95,22.540858359085885,20.30008125305176,25.17677116394043,1.6146520465088243,21535.27639758617,1,0,1,-15.369768967543108,29.21315802538656,3745.196389150802,0.0,1,16.05748176574707,21.727399826049805,1,1,107.12748454215512,0.1499420242436516,0,0,0,0,2,9.28708767454768e-05
18,zambia,894008,North Western,1975,0.5291570438799076,0.2799653579676674,0.05929561200923787,17320,303.0852663989133,Lubumbashi,114.5649229719055,1226.9550561797753,1044.0,1511.0,445,1114.7573033707863,845.0,1463.0,135.64550451857585,445,19.907373771238863,18.40006256103516,21.765520095825195,0.6837152473672267,123555.5877725726,1,0,1,-13.01692604967875,25.069813441814,4048.132572801287,0.0,1,6.323076725006104,14.045135498046877,0,1,61.37029512399546,0.0599300488593081,0,0,1,1,4,3.237409227790428e-05
18,zambia,894008,North Western,1965,0.4827209098862642,0.23807961504811898,0.05407917760279965,18288,303.0852663989133,Lubumbashi,114.5649229719055,1226.9550561797753,1044.0,1511.0,445,1114.7573033707863,845.0,1463.0,135.64550451857585,445,19.907373771238863,18.40006256103516,21.765520095825195,0.6837152473672267,123555.5877725726,1,0,1,-13.01692604967875,25.069813441814,4048.132572801287,0.0,1,6.323076725006104,14.045135498046877,0,1,61.37029512399546,0.0599300488593081,0,0,1,1,4,3.237409227790428e-05
18,zambia,894008,North Western,1955,0.4190443451357855,0.21089721553798557,0.04829838432451014,11636,303.0852663989133,Lubumbashi,114.5649229719055,1226.9550561797753,1044.0,1511.0,445,1114.7573033707863,845.0,1463.0,135.64550451857585,445,19.907373771238863,18.40006256103516,21.765520095825195,0.6837152473672267,123555.5877725726,1,0,1,-13.01692604967875,25.069813441814,4048.132572801287,0.0,1,6.323076725006104,14.045135498046877,0,1,61.37029512399546,0.0599300488593081,0,0,1,1,4,3.237409227790428e-05
18,zambia,894008,North Western,1945,0.21995073891625616,0.09963054187192118,0.024507389162561576,8120,303.0852663989133,Lubumbashi,114.5649229719055,1226.9550561797753,1044.0,1511.0,445,1114.7573033707863,845.0,1463.0,135.64550451857585,445,19.907373771238863,18.40006256103516,21.765520095825195,0.6837152473672267,123555.5877725726,1,0,1,-13.01692604967875,25.069813441814,4048.132572801287,0.0,1,6.323076725006104,14.045135498046877,0,1,61.37029512399546,0.0599300488593081,0,0,1,1,4,3.237409227790428e-05
18,zambia,894008,North Western,1935,0.11369019422074846,0.040896889309963685,0.013579662087478288,6333,303.0852663989133,Lubumbashi,114.5649229719055,1226.9550561797753,1044.0,1511.0,445,1114.7573033707863,845.0,1463.0,135.64550451857585,445,19.907373771238863,18.40006256103516,21.765520095825195,0.6837152473672267,123555.5877725726,1,0,1,-13.01692604967875,25.069813441814,4048.132572801287,0.0,1,6.323076725006104,14.045135498046877,0,1,61.37029512399546,0.0599300488593081,0,0,1,1,4,3.237409227790428e-05
18,zambia,894008,North Western,1925,0.06016980435585087,0.01698043558508675,0.005537098560354375,2709,303.0852663989133,Lubumbashi,114.5649229719055,1226.9550561797753,1044.0,1511.0,445,1114.7573033707863,845.0,1463.0,135.64550451857585,445,19.907373771238863,18.40006256103516,21.765520095825195,0.6837152473672267,123555.5877725726,1,0,1,-13.01692604967875,25.069813441814,4048.132572801287,0.0,1,6.323076725006104,14.045135498046877,0,1,61.37029512399546,0.0599300488593081,0,0,1,1,4,3.237409227790428e-05
18,zambia,894008,North Western,1915,0.03400174367916303,0.00959023539668701,0.006974716652136007,1147,303.0852663989133,Lubumbashi,114.5649229719055,1226.9550561797753,1044.0,1511.0,445,1114.7573033707863,845.0,1463.0,135.64550451857585,445,19.907373771238863,18.40006256103516,21.765520095825195,0.6837152473672267,123555.5877725726,1,0,1,-13.01692604967875,25.069813441814,4048.132572801287,0.0,1,6.323076725006104,14.045135498046877,0,1,61.37029512399546,0.0599300488593081,0,0,1,1,4,3.237409227790428e-05
18,zambia,894009,Southern,1975,0.669448340345956,0.34074333800841516,0.067671809256662,42780,447.5035954045525,Bulawayo,218.68634429093672,999.2977346278316,411.0,1349.0,309,761.2750809061489,600.0,892.0,57.39331225552434,309,21.719407356286897,19.111814498901367,25.486541748046875,1.4444427006851517,85768.16646132778,1,0,1,-16.573108035789332,26.66409308359118,3778.37658901069,0.0,0,8.349056243896484,13.674062728881836,1,1,33.3505409415227,0.1681759546814303,0,1,4,7,9,0.0001049340375494
18,zambia,894009,Southern,1965,0.6299338409686681,0.31344401448008985,0.06161527899138684,40055,447.5035954045525,Bulawayo,218.68634429093672,999.2977346278316,411.0,1349.0,309,761.2750809061489,600.0,892.0,57.39331225552434,309,21.719407356286897,19.111814498901367,25.486541748046875,1.4444427006851517,85768.16646132778,1,0,1,-16.573108035789332,26.66409308359118,3778.37658901069,0.0,0,8.349056243896484,13.674062728881836,1,1,33.3505409415227,0.1681759546814303,0,1,4,7,9,0.0001049340375494
18,zambia,894009,Southern,1955,0.5692645645508215,0.3093222278156606,0.06553475813463915,21851,447.5035954045525,Bulawayo,218.68634429093672,999.2977346278316,411.0,1349.0,309,761.2750809061489,600.0,892.0,57.39331225552434,309,21.719407356286897,19.111814498901367,25.486541748046875,1.4444427006851517,85768.16646132778,1,0,1,-16.573108035789332,26.66409308359118,3778.37658901069,0.0,0,8.349056243896484,13.674062728881836,1,1,33.3505409415227,0.1681759546814303,0,1,4,7,9,0.0001049340375494
18,zambia,894009,Southern,1945,0.32584102411431975,0.16545102709139625,0.04353974397142007,13436,447.5035954045525,Bulawayo,218.68634429093672,999.2977346278316,411.0,1349.0,309,761.2750809061489,600.0,892.0,57.39331225552434,309,21.719407356286897,19.111814498901367,25.486541748046875,1.4444427006851517,85768.16646132778,1,0,1,-16.573108035789332,26.66409308359118,3778.37658901069,0.0,0,8.349056243896484,13.674062728881836,1,1,33.3505409415227,0.1681759546814303,0,1,4,7,9,0.0001049340375494
18,zambia,894009,Southern,1935,0.1795662226136739,0.07332379169877794,0.01794561268303424,9083,447.5035954045525,Bulawayo,218.68634429093672,999.2977346278316,411.0,1349.0,309,761.2750809061489,600.0,892.0,57.39331225552434,309,21.719407356286897,19.111814498901367,25.486541748046875,1.4444427006851517,85768.16646132778,1,0,1,-16.573108035789332,26.66409308359118,3778.37658901069,0.0,0,8.349056243896484,13.674062728881836,1,1,33.3505409415227,0.1681759546814303,0,1,4,7,9,0.0001049340375494
18,zambia,894009,Southern,1925,0.10514682664982633,0.03599621092516577,0.00884117461319861,3167,447.5035954045525,Bulawayo,218.68634429093672,999.2977346278316,411.0,1349.0,309,761.2750809061489,600.0,892.0,57.39331225552434,309,21.719407356286897,19.111814498901367,25.486541748046875,1.4444427006851517,85768.16646132778,1,0,1,-16.573108035789332,26.66409308359118,3778.37658901069,0.0,0,8.349056243896484,13.674062728881836,1,1,33.3505409415227,0.1681759546814303,0,1,4,7,9,0.0001049340375494
18,zambia,894009,Southern,1915,0.06486486486486487,0.023166023166023165,0.006177606177606178,1295,447.5035954045525,Bulawayo,218.68634429093672,999.2977346278316,411.0,1349.0,309,761.2750809061489,600.0,892.0,57.39331225552434,309,21.719407356286897,19.111814498901367,25.486541748046875,1.4444427006851517,85768.16646132778,1,0,1,-16.573108035789332,26.66409308359118,3778.37658901069,0.0,0,8.349056243896484,13.674062728881836,1,1,33.3505409415227,0.1681759546814303,0,1,4,7,9,0.0001049340375494
18,zambia,894010,Western,1975,0.5494406793500449,0.2712092757409978,0.05119621131705724,24494,602.8108149520183,Lubumbashi,61.05102629252012,1070.897550111359,932.0,1218.0,449,820.162583518931,604.0,1040.0,108.7610028881098,449,21.705042089279612,20.029916763305664,23.631500244140625,0.7155282555346066,128542.5540380308,1,0,1,-15.620727483149764,23.68206231115698,4010.341100181021,0.0,0,7.501683712005615,10.227272987365724,1,1,50.87759120995415,0.0578889450603522,0,0,3,5,5,3.889762450589476e-05
18,zambia,894010,Western,1965,0.5488269347958562,0.26416819012797077,0.04875076173065204,26256,602.8108149520183,Lubumbashi,61.05102629252012,1070.897550111359,932.0,1218.0,449,820.162583518931,604.0,1040.0,108.7610028881098,449,21.705042089279612,20.029916763305664,23.631500244140625,0.7155282555346066,128542.5540380308,1,0,1,-15.620727483149764,23.68206231115698,4010.341100181021,0.0,0,7.501683712005615,10.227272987365724,1,1,50.87759120995415,0.0578889450603522,0,0,3,5,5,3.889762450589476e-05
18,zambia,894010,Western,1955,0.4895524060276735,0.25808077978824717,0.05136967116688141,17851,602.8108149520183,Lubumbashi,61.05102629252012,1070.897550111359,932.0,1218.0,449,820.162583518931,604.0,1040.0,108.7610028881098,449,21.705042089279612,20.029916763305664,23.631500244140625,0.7155282555346066,128542.5540380308,1,0,1,-15.620727483149764,23.68206231115698,4010.341100181021,0.0,0,7.501683712005615,10.227272987365724,1,1,50.87759120995415,0.0578889450603522,0,0,3,5,5,3.889762450589476e-05
18,zambia,894010,Western,1945,0.2564267870094286,0.12950278024014827,0.03022000161173342,12409,602.8108149520183,Lubumbashi,61.05102629252012,1070.897550111359,932.0,1218.0,449,820.162583518931,604.0,1040.0,108.7610028881098,449,21.705042089279612,20.029916763305664,23.631500244140625,0.7155282555346066,128542.5540380308,1,0,1,-15.620727483149764,23.68206231115698,4010.341100181021,0.0,0,7.501683712005615,10.227272987365724,1,1,50.87759120995415,0.0578889450603522,0,0,3,5,5,3.889762450589476e-05
18,zambia,894010,Western,1935,0.14510416666666667,0.0565625,0.015,9600,602.8108149520183,Lubumbashi,61.05102629252012,1070.897550111359,932.0,1218.0,449,820.162583518931,604.0,1040.0,108.7610028881098,449,21.705042089279612,20.029916763305664,23.631500244140625,0.7155282555346066,128542.5540380308,1,0,1,-15.620727483149764,23.68206231115698,4010.341100181021,0.0,0,7.501683712005615,10.227272987365724,1,1,50.87759120995415,0.0578889450603522,0,0,3,5,5,3.889762450589476e-05
18,zambia,894010,Western,1925,0.0924390243902439,0.02902439024390244,0.00878048780487805,4100,602.8108149520183,Lubumbashi,61.05102629252012,1070.897550111359,932.0,1218.0,449,820.162583518931,604.0,1040.0,108.7610028881098,449,21.705042089279612,20.029916763305664,23.631500244140625,0.7155282555346066,128542.5540380308,1,0,1,-15.620727483149764,23.68206231115698,4010.341100181021,0.0,0,7.501683712005615,10.227272987365724,1,1,50.87759120995415,0.0578889450603522,0,0,3,5,5,3.889762450589476e-05
18,zambia,894010,Western,1915,0.05931758530183727,0.01784776902887139,0.0068241469816272965,1905,602.8108149520183,Lubumbashi,61.05102629252012,1070.897550111359,932.0,1218.0,449,820.162583518931,604.0,1040.0,108.7610028881098,449,21.705042089279612,20.029916763305664,23.631500244140625,0.7155282555346066,128542.5540380308,1,0,1,-15.620727483149764,23.68206231115698,4010.341100181021,0.0,0,7.501683712005615,10.227272987365724,1,1,50.87759120995415,0.0578889450603522,0,0,3,5,5,3.889762450589476e-05
19,liberia,430012,Grad Cape Mount,1915,0.06930693069306931,0.04950495049504951,0.0165016501650165,303,89.7925910956766,Monrovia,90.58727504456684,110.84,9.0,317.0,25,3409.36,2692.0,4215.0,518.5849885987832,25,25.922212982177733,25.453771591186523,26.552978515625,0.240860762656803,4709.34147976209,0,1,1,7.089120018564102,-11.045487886848628,2593.287607230392,0.0,0,,,1,1,25.041447043010773,0.5084780947560696,0,2,10,23,1,0.0002123439135381
19,liberia,430021,"Gbarpolu, Lofa",1915,0.023090586145648313,0.013321492007104795,0.0026642984014209592,1126,168.67247131939664,Monrovia,136.67891942095687,373.86746987951807,76.0,685.0,83,2518.421686746988,2056.0,3482.0,263.589454442966,83,25.389918040080243,23.28575134277344,26.70885467529297,0.7615874592167886,19659.838921903545,0,0,1,7.705331958319063,-10.085313857545607,2620.309967433946,0.0,0,,5.964285850524902,1,1,70.38385993578316,0.2124485767403456,0,0,2,3,2,0.0001017302332915
19,liberia,430027,"Grand Gedeh, Grand Kru, Maryland, River Gee, Rivercess, Sinoe",1915,0.06894329896907217,0.03286082474226804,0.006443298969072165,1552,271.2509079132628,Monrovia,80.95797344053575,148.48591549295776,6.0,278.0,142,2696.450704225352,1745.0,3835.0,551.5688326468342,142,25.407328659379985,24.79609489440918,26.02306365966797,0.2719166905859631,37160.262495428025,0,1,1,5.488654021593154,-8.447962613898211,2370.999206683928,0.0,0,4.0,5.765431880950928,0,1,16.445510388437686,0.3305563264834334,2,3,5,9,11,0.0002960151317917
19,liberia,430030,"Bomi, Bong, Grand Bassa, Margibi, Montserrado",1915,0.05947796320068464,0.029525032092426188,0.004706889174154899,2337,92.478814262415,Monrovia,100.75228408254428,158.09574468085106,10.0,400.0,94,2761.7978723404253,2024.0,4347.0,641.6589300778604,94,25.73386125361666,24.76852226257324,26.606645584106445,0.3589776766508187,22881.04903515265,0,1,1,6.597042245962757,-9.951636587214349,2500.5669479927005,0.0,1,7.908860683441162,10.153422355651855,1,1,18.349653500983063,0.4724953773581767,1,3,8,17,18,0.0007866772180045
19,liberia,430033,Nimba,1915,0.006902502157031924,0.0025884383088869713,0.0008628127696289905,1159,224.59313778796695,Monrovia,105.20131516684911,291.7368421052632,113.0,664.0,57,2104.9824561403507,1787.0,2933.0,240.27721498945792,57,25.26006437602796,23.31770896911621,25.75705909729004,0.5332232621722055,11511.45663591964,0,0,1,6.819686274909082,-8.772446239745403,2528.7643528988488,0.0,0,4.0,5.692307472229004,0,0,109.68976355510851,0.0,0,0,0,0,0,0.0
19,liberia,430012,Grad Cape Mount,1925,0.09418837675350701,0.07414829659318638,0.028056112224448898,499,89.7925910956766,Monrovia,90.58727504456684,110.84,9.0,317.0,25,3409.36,2692.0,4215.0,518.5849885987832,25,25.922212982177733,25.453771591186523,26.552978515625,0.240860762656803,4709.34147976209,0,1,1,7.089120018564102,-11.045487886848628,2593.287607230392,0.0,0,,,1,1,25.041447043010773,0.5084780947560696,0,2,10,23,1,0.0002123439135381
19,liberia,430021,"Gbarpolu, Lofa",1925,0.042727272727272725,0.022727272727272728,0.004545454545454545,2200,168.67247131939664,Monrovia,136.67891942095687,373.86746987951807,76.0,685.0,83,2518.421686746988,2056.0,3482.0,263.589454442966,83,25.389918040080243,23.28575134277344,26.70885467529297,0.7615874592167886,19659.838921903545,0,0,1,7.705331958319063,-10.085313857545607,2620.309967433946,0.0,0,,5.964285850524902,1,1,70.38385993578316,0.2124485767403456,0,0,2,3,2,0.0001017302332915
19,liberia,430027,"Grand Gedeh, Grand Kru, Maryland, River Gee, Rivercess, Sinoe",1925,0.10173323285606632,0.06028636021100226,0.013564431047475508,2654,271.2509079132628,Monrovia,80.95797344053575,148.48591549295776,6.0,278.0,142,2696.450704225352,1745.0,3835.0,551.5688326468342,142,25.407328659379985,24.79609489440918,26.02306365966797,0.2719166905859631,37160.262495428025,0,1,1,5.488654021593154,-8.447962613898211,2370.999206683928,0.0,0,4.0,5.765431880950928,0,1,16.445510388437686,0.3305563264834334,2,3,5,9,11,0.0002960151317917
19,liberia,430030,"Bomi, Bong, Grand Bassa, Margibi, Montserrado",1925,0.07522023943980122,0.04427377456516828,0.00903546419697312,4427,92.478814262415,Monrovia,100.75228408254428,158.09574468085106,10.0,400.0,94,2761.7978723404253,2024.0,4347.0,641.6589300778604,94,25.73386125361666,24.76852226257324,26.606645584106445,0.3589776766508187,22881.04903515265,0,1,1,6.597042245962757,-9.951636587214349,2500.5669479927005,0.0,1,7.908860683441162,10.153422355651855,1,1,18.349653500983063,0.4724953773581767,1,3,8,17,18,0.0007866772180045
19,liberia,430033,Nimba,1925,0.02736653207716465,0.01256168685509197,0.001794526693584567,2229,224.59313778796695,Monrovia,105.20131516684911,291.7368421052632,113.0,664.0,57,2104.9824561403507,1787.0,2933.0,240.27721498945792,57,25.26006437602796,23.31770896911621,25.75705909729004,0.5332232621722055,11511.45663591964,0,0,1,6.819686274909082,-8.772446239745403,2528.7643528988488,0.0,0,4.0,5.692307472229004,0,0,109.68976355510851,0.0,0,0,0,0,0,0.0
19,liberia,430012,Grad Cape Mount,1935,0.117096018735363,0.08548009367681499,0.02927400468384075,854,89.7925910956766,Monrovia,90.58727504456684,110.84,9.0,317.0,25,3409.36,2692.0,4215.0,518.5849885987832,25,25.922212982177733,25.453771591186523,26.552978515625,0.240860762656803,4709.34147976209,0,1,1,7.089120018564102,-11.045487886848628,2593.287607230392,0.0,0,,,1,1,25.041447043010773,0.5084780947560696,0,2,10,23,1,0.0002123439135381
19,liberia,430021,"Gbarpolu, Lofa",1935,0.07128933444722918,0.04928989139515455,0.013366750208855471,3591,168.67247131939664,Monrovia,136.67891942095687,373.86746987951807,76.0,685.0,83,2518.421686746988,2056.0,3482.0,263.589454442966,83,25.389918040080243,23.28575134277344,26.70885467529297,0.7615874592167886,19659.838921903545,0,0,1,7.705331958319063,-10.085313857545607,2620.309967433946,0.0,0,,5.964285850524902,1,1,70.38385993578316,0.2124485767403456,0,0,2,3,2,0.0001017302332915
19,liberia,430027,"Grand Gedeh, Grand Kru, Maryland, River Gee, Rivercess, Sinoe",1935,0.15733151183970856,0.09312386156648451,0.01912568306010929,4392,271.2509079132628,Monrovia,80.95797344053575,148.48591549295776,6.0,278.0,142,2696.450704225352,1745.0,3835.0,551.5688326468342,142,25.407328659379985,24.79609489440918,26.02306365966797,0.2719166905859631,37160.262495428025,0,1,1,5.488654021593154,-8.447962613898211,2370.999206683928,0.0,0,4.0,5.765431880950928,0,1,16.445510388437686,0.3305563264834334,2,3,5,9,11,0.0002960151317917
19,liberia,430030,"Bomi, Bong, Grand Bassa, Margibi, Montserrado",1935,0.09932991722506898,0.061621337537774275,0.015503875968992248,7611,92.478814262415,Monrovia,100.75228408254428,158.09574468085106,10.0,400.0,94,2761.7978723404253,2024.0,4347.0,641.6589300778604,94,25.73386125361666,24.76852226257324,26.606645584106445,0.3589776766508187,22881.04903515265,0,1,1,6.597042245962757,-9.951636587214349,2500.5669479927005,0.0,1,7.908860683441162,10.153422355651855,1,1,18.349653500983063,0.4724953773581767,1,3,8,17,18,0.0007866772180045
19,liberia,430033,Nimba,1935,0.04662510165356465,0.02737869341284901,0.0029818378964489023,3689,224.59313778796695,Monrovia,105.20131516684911,291.7368421052632,113.0,664.0,57,2104.9824561403507,1787.0,2933.0,240.27721498945792,57,25.26006437602796,23.31770896911621,25.75705909729004,0.5332232621722055,11511.45663591964,0,0,1,6.819686274909082,-8.772446239745403,2528.7643528988488,0.0,0,4.0,5.692307472229004,0,0,109.68976355510851,0.0,0,0,0,0,0,0.0
19,liberia,430012,Grad Cape Mount,1945,0.18271417740712662,0.1379833206974981,0.039423805913570885,1319,89.7925910956766,Monrovia,90.58727504456684,110.84,9.0,317.0,25,3409.36,2692.0,4215.0,518.5849885987832,25,25.922212982177733,25.453771591186523,26.552978515625,0.240860762656803,4709.34147976209,0,1,1,7.089120018564102,-11.045487886848628,2593.287607230392,0.0,0,,,1,1,25.041447043010773,0.5084780947560696,0,2,10,23,1,0.0002123439135381
19,liberia,430021,"Gbarpolu, Lofa",1945,0.11698183166481275,0.07897664071190211,0.017612161661104932,5394,168.67247131939664,Monrovia,136.67891942095687,373.86746987951807,76.0,685.0,83,2518.421686746988,2056.0,3482.0,263.589454442966,83,25.389918040080243,23.28575134277344,26.70885467529297,0.7615874592167886,19659.838921903545,0,0,1,7.705331958319063,-10.085313857545607,2620.309967433946,0.0,0,,5.964285850524902,1,1,70.38385993578316,0.2124485767403456,0,0,2,3,2,0.0001017302332915
19,liberia,430027,"Grand Gedeh, Grand Kru, Maryland, River Gee, Rivercess, Sinoe",1945,0.22546419098143236,0.1390232485567171,0.02402870962708691,6409,271.2509079132628,Monrovia,80.95797344053575,148.48591549295776,6.0,278.0,142,2696.450704225352,1745.0,3835.0,551.5688326468342,142,25.407328659379985,24.79609489440918,26.02306365966797,0.2719166905859631,37160.262495428025,0,1,1,5.488654021593154,-8.447962613898211,2370.999206683928,0.0,0,4.0,5.765431880950928,0,1,16.445510388437686,0.3305563264834334,2,3,5,9,11,0.0002960151317917
19,liberia,430030,"Bomi, Bong, Grand Bassa, Margibi, Montserrado",1945,0.14728812138486042,0.0996730656383603,0.021124989521334563,11929,92.478814262415,Monrovia,100.75228408254428,158.09574468085106,10.0,400.0,94,2761.7978723404253,2024.0,4347.0,641.6589300778604,94,25.73386125361666,24.76852226257324,26.606645584106445,0.3589776766508187,22881.04903515265,0,1,1,6.597042245962757,-9.951636587214349,2500.5669479927005,0.0,1,7.908860683441162,10.153422355651855,1,1,18.349653500983063,0.4724953773581767,1,3,8,17,18,0.0007866772180045
19,liberia,430033,Nimba,1945,0.10316529894490035,0.05861664712778429,0.007229386479093396,5118,224.59313778796695,Monrovia,105.20131516684911,291.7368421052632,113.0,664.0,57,2104.9824561403507,1787.0,2933.0,240.27721498945792,57,25.26006437602796,23.31770896911621,25.75705909729004,0.5332232621722055,11511.45663591964,0,0,1,6.819686274909082,-8.772446239745403,2528.7643528988488,0.0,0,4.0,5.692307472229004,0,0,109.68976355510851,0.0,0,0,0,0,0,0.0
19,liberia,430012,Grad Cape Mount,1955,0.30085470085470084,0.24786324786324787,0.0811965811965812,1170,89.7925910956766,Monrovia,90.58727504456684,110.84,9.0,317.0,25,3409.36,2692.0,4215.0,518.5849885987832,25,25.922212982177733,25.453771591186523,26.552978515625,0.240860762656803,4709.34147976209,0,1,1,7.089120018564102,-11.045487886848628,2593.287607230392,0.0,0,,,1,1,25.041447043010773,0.5084780947560696,0,2,10,23,1,0.0002123439135381
19,liberia,430021,"Gbarpolu, Lofa",1955,0.2356968215158924,0.17995110024449879,0.043031784841075796,4090,168.67247131939664,Monrovia,136.67891942095687,373.86746987951807,76.0,685.0,83,2518.421686746988,2056.0,3482.0,263.589454442966,83,25.389918040080243,23.28575134277344,26.70885467529297,0.7615874592167886,19659.838921903545,0,0,1,7.705331958319063,-10.085313857545607,2620.309967433946,0.0,0,,5.964285850524902,1,1,70.38385993578316,0.2124485767403456,0,0,2,3,2,0.0001017302332915
19,liberia,430027,"Grand Gedeh, Grand Kru, Maryland, River Gee, Rivercess, Sinoe",1955,0.3414841229410766,0.23756155544235014,0.046697232127695706,5889,271.2509079132628,Monrovia,80.95797344053575,148.48591549295776,6.0,278.0,142,2696.450704225352,1745.0,3835.0,551.5688326468342,142,25.407328659379985,24.79609489440918,26.02306365966797,0.2719166905859631,37160.262495428025,0,1,1,5.488654021593154,-8.447962613898211,2370.999206683928,0.0,0,4.0,5.765431880950928,0,1,16.445510388437686,0.3305563264834334,2,3,5,9,11,0.0002960151317917
19,liberia,430030,"Bomi, Bong, Grand Bassa, Margibi, Montserrado",1955,0.2901751713632902,0.2145849200304646,0.05378903274942879,10504,92.478814262415,Monrovia,100.75228408254428,158.09574468085106,10.0,400.0,94,2761.7978723404253,2024.0,4347.0,641.6589300778604,94,25.73386125361666,24.76852226257324,26.606645584106445,0.3589776766508187,22881.04903515265,0,1,1,6.597042245962757,-9.951636587214349,2500.5669479927005,0.0,1,7.908860683441162,10.153422355651855,1,1,18.349653500983063,0.4724953773581767,1,3,8,17,18,0.0007866772180045
19,liberia,430033,Nimba,1955,0.2712258664805769,0.18376366596882995,0.033961386368923006,4299,224.59313778796695,Monrovia,105.20131516684911,291.7368421052632,113.0,664.0,57,2104.9824561403507,1787.0,2933.0,240.27721498945792,57,25.26006437602796,23.31770896911621,25.75705909729004,0.5332232621722055,11511.45663591964,0,0,1,6.819686274909082,-8.772446239745403,2528.7643528988488,0.0,0,4.0,5.692307472229004,0,0,109.68976355510851,0.0,0,0,0,0,0,0.0
19,liberia,430012,Grad Cape Mount,1965,0.32959101844426625,0.272654370489174,0.09703287890938252,1247,89.7925910956766,Monrovia,90.58727504456684,110.84,9.0,317.0,25,3409.36,2692.0,4215.0,518.5849885987832,25,25.922212982177733,25.453771591186523,26.552978515625,0.240860762656803,4709.34147976209,0,1,1,7.089120018564102,-11.045487886848628,2593.287607230392,0.0,0,,,1,1,25.041447043010773,0.5084780947560696,0,2,10,23,1,0.0002123439135381
19,liberia,430021,"Gbarpolu, Lofa",1965,0.3308594685180752,0.2647833373234379,0.0780464448168542,4177,168.67247131939664,Monrovia,136.67891942095687,373.86746987951807,76.0,685.0,83,2518.421686746988,2056.0,3482.0,263.589454442966,83,25.389918040080243,23.28575134277344,26.70885467529297,0.7615874592167886,19659.838921903545,0,0,1,7.705331958319063,-10.085313857545607,2620.309967433946,0.0,0,,5.964285850524902,1,1,70.38385993578316,0.2124485767403456,0,0,2,3,2,0.0001017302332915
19,liberia,430027,"Grand Gedeh, Grand Kru, Maryland, River Gee, Rivercess, Sinoe",1965,0.4308998302207131,0.3220713073005093,0.06876061120543293,5890,271.2509079132628,Monrovia,80.95797344053575,148.48591549295776,6.0,278.0,142,2696.450704225352,1745.0,3835.0,551.5688326468342,142,25.407328659379985,24.79609489440918,26.02306365966797,0.2719166905859631,37160.262495428025,0,1,1,5.488654021593154,-8.447962613898211,2370.999206683928,0.0,0,4.0,5.765431880950928,0,1,16.445510388437686,0.3305563264834334,2,3,5,9,11,0.0002960151317917
19,liberia,430030,"Bomi, Bong, Grand Bassa, Margibi, Montserrado",1965,0.4138817480719794,0.33220001658512316,0.096525416701219,12059,92.478814262415,Monrovia,100.75228408254428,158.09574468085106,10.0,400.0,94,2761.7978723404253,2024.0,4347.0,641.6589300778604,94,25.73386125361666,24.76852226257324,26.606645584106445,0.3589776766508187,22881.04903515265,0,1,1,6.597042245962757,-9.951636587214349,2500.5669479927005,0.0,1,7.908860683441162,10.153422355651855,1,1,18.349653500983063,0.4724953773581767,1,3,8,17,18,0.0007866772180045
19,liberia,430033,Nimba,1965,0.43556244464127547,0.3175376439326838,0.05978742249778565,4516,224.59313778796695,Monrovia,105.20131516684911,291.7368421052632,113.0,664.0,57,2104.9824561403507,1787.0,2933.0,240.27721498945792,57,25.26006437602796,23.31770896911621,25.75705909729004,0.5332232621722055,11511.45663591964,0,0,1,6.819686274909082,-8.772446239745403,2528.7643528988488,0.0,0,4.0,5.692307472229004,0,0,109.68976355510851,0.0,0,0,0,0,0,0.0
19,liberia,430012,Grad Cape Mount,1975,0.342533267619517,0.2572695909314933,0.056185312962050274,2029,89.7925910956766,Monrovia,90.58727504456684,110.84,9.0,317.0,25,3409.36,2692.0,4215.0,518.5849885987832,25,25.922212982177733,25.453771591186523,26.552978515625,0.240860762656803,4709.34147976209,0,1,1,7.089120018564102,-11.045487886848628,2593.287607230392,0.0,0,,,1,1,25.041447043010773,0.5084780947560696,0,2,10,23,1,0.0002123439135381
19,liberia,430021,"Gbarpolu, Lofa",1975,0.3498631460312349,0.25567541458702303,0.055385606182579296,6211,168.67247131939664,Monrovia,136.67891942095687,373.86746987951807,76.0,685.0,83,2518.421686746988,2056.0,3482.0,263.589454442966,83,25.389918040080243,23.28575134277344,26.70885467529297,0.7615874592167886,19659.838921903545,0,0,1,7.705331958319063,-10.085313857545607,2620.309967433946,0.0,0,,5.964285850524902,1,1,70.38385993578316,0.2124485767403456,0,0,2,3,2,0.0001017302332915
19,liberia,430027,"Grand Gedeh, Grand Kru, Maryland, River Gee, Rivercess, Sinoe",1975,0.42028799177166365,0.2765492414502443,0.041141681666238106,7778,271.2509079132628,Monrovia,80.95797344053575,148.48591549295776,6.0,278.0,142,2696.450704225352,1745.0,3835.0,551.5688326468342,142,25.407328659379985,24.79609489440918,26.02306365966797,0.2719166905859631,37160.262495428025,0,1,1,5.488654021593154,-8.447962613898211,2370.999206683928,0.0,0,4.0,5.765431880950928,0,1,16.445510388437686,0.3305563264834334,2,3,5,9,11,0.0002960151317917
19,liberia,430030,"Bomi, Bong, Grand Bassa, Margibi, Montserrado",1975,0.43429312581063556,0.329597924773022,0.08565499351491569,19275,92.478814262415,Monrovia,100.75228408254428,158.09574468085106,10.0,400.0,94,2761.7978723404253,2024.0,4347.0,641.6589300778604,94,25.73386125361666,24.76852226257324,26.606645584106445,0.3589776766508187,22881.04903515265,0,1,1,6.597042245962757,-9.951636587214349,2500.5669479927005,0.0,1,7.908860683441162,10.153422355651855,1,1,18.349653500983063,0.4724953773581767,1,3,8,17,18,0.0007866772180045
19,liberia,430033,Nimba,1975,0.4459082455052697,0.2873527588344699,0.04045257284562926,6452,224.59313778796695,Monrovia,105.20131516684911,291.7368421052632,113.0,664.0,57,2104.9824561403507,1787.0,2933.0,240.27721498945792,57,25.26006437602796,23.31770896911621,25.75705909729004,0.5332232621722055,11511.45663591964,0,0,1,6.819686274909082,-8.772446239745403,2528.7643528988488,0.0,0,4.0,5.692307472229004,0,0,109.68976355510851,0.0,0,0,0,0,0,0.0
20,cameroon,120002,"Centre, Sud",1975,0.8921003761725632,0.4822389410028094,0.16449216703966477,42002,219.6325720538315,Douala,188.3256037503563,607.5642317380352,24.0,952.0,397,1765.2619647355164,1510.0,2601.0,274.9346648087872,397,24.03892891833404,22.89198112487793,26.505979537963867,0.7532172064205178,116058.00496872904,1,1,1,3.887421743534154,11.721352074056062,2509.928992300153,0.0105023286401774,0,11.296594619750977,12.8052978515625,1,1,16.09213913900768,0.1961686263534197,2,2,2,4,14,0.0001206293353377
20,cameroon,120002,"Centre, Sud",1965,0.8572637401192909,0.35704703527129383,0.07462902193878604,48453,219.6325720538315,Douala,188.3256037503563,607.5642317380352,24.0,952.0,397,1765.2619647355164,1510.0,2601.0,274.9346648087872,397,24.03892891833404,22.89198112487793,26.505979537963867,0.7532172064205178,116058.00496872904,1,1,1,3.887421743534154,11.721352074056062,2509.928992300153,0.0105023286401774,0,11.296594619750977,12.8052978515625,1,1,16.09213913900768,0.1961686263534197,2,2,2,4,14,0.0001206293353377
20,cameroon,120002,"Centre, Sud",1955,0.7859786269699364,0.24990644101625847,0.05220591292777246,48098,219.6325720538315,Douala,188.3256037503563,607.5642317380352,24.0,952.0,397,1765.2619647355164,1510.0,2601.0,274.9346648087872,397,24.03892891833404,22.89198112487793,26.505979537963867,0.7532172064205178,116058.00496872904,1,1,1,3.887421743534154,11.721352074056062,2509.928992300153,0.0105023286401774,0,11.296594619750977,12.8052978515625,1,1,16.09213913900768,0.1961686263534197,2,2,2,4,14,0.0001206293353377
20,cameroon,120002,"Centre, Sud",1945,0.5290360046457607,0.1296111940711244,0.023560643769703002,36162,219.6325720538315,Douala,188.3256037503563,607.5642317380352,24.0,952.0,397,1765.2619647355164,1510.0,2601.0,274.9346648087872,397,24.03892891833404,22.89198112487793,26.505979537963867,0.7532172064205178,116058.00496872904,1,1,1,3.887421743534154,11.721352074056062,2509.928992300153,0.0105023286401774,0,11.296594619750977,12.8052978515625,1,1,16.09213913900768,0.1961686263534197,2,2,2,4,14,0.0001206293353377
20,cameroon,120002,"Centre, Sud",1935,0.25138701689496284,0.0415321443124471,0.008682569037394602,31903,219.6325720538315,Douala,188.3256037503563,607.5642317380352,24.0,952.0,397,1765.2619647355164,1510.0,2601.0,274.9346648087872,397,24.03892891833404,22.89198112487793,26.505979537963867,0.7532172064205178,116058.00496872904,1,1,1,3.887421743534154,11.721352074056062,2509.928992300153,0.0105023286401774,0,11.296594619750977,12.8052978515625,1,1,16.09213913900768,0.1961686263534197,2,2,2,4,14,0.0001206293353377
20,cameroon,120002,"Centre, Sud",1925,0.11284983448690943,0.016551309058080048,0.005466947537365834,19938,219.6325720538315,Douala,188.3256037503563,607.5642317380352,24.0,952.0,397,1765.2619647355164,1510.0,2601.0,274.9346648087872,397,24.03892891833404,22.89198112487793,26.505979537963867,0.7532172064205178,116058.00496872904,1,1,1,3.887421743534154,11.721352074056062,2509.928992300153,0.0105023286401774,0,11.296594619750977,12.8052978515625,1,1,16.09213913900768,0.1961686263534197,2,2,2,4,14,0.0001206293353377
20,cameroon,120002,"Centre, Sud",1915,0.03953576146442725,0.005661445555765239,0.0031137950556708815,10598,219.6325720538315,Douala,188.3256037503563,607.5642317380352,24.0,952.0,397,1765.2619647355164,1510.0,2601.0,274.9346648087872,397,24.03892891833404,22.89198112487793,26.505979537963867,0.7532172064205178,116058.00496872904,1,1,1,3.887421743534154,11.721352074056062,2509.928992300153,0.0105023286401774,0,11.296594619750977,12.8052978515625,1,1,16.09213913900768,0.1961686263534197,2,2,2,4,14,0.0001206293353377
20,cameroon,120003,Est,1975,0.6116978066612511,0.2009545085296507,0.06772948822095858,9848,485.7075147590742,Bangui,116.14325049211406,650.6180371352785,364.0,991.0,377,1574.5835543766575,1483.0,1647.0,42.88481946040525,377,23.77326665316716,22.69585227966309,25.079103469848636,0.4524715674967123,108914.9695261442,1,0,1,3.798624143961439,14.211866679556929,2647.1265552520754,0.0,0,6.207547187805176,8.073732376098633,0,0,223.5114950463604,0.0,0,0,0,0,0,0.0
20,cameroon,120003,Est,1965,0.5290345251691119,0.13449881402090838,0.023016779407888956,11383,485.7075147590742,Bangui,116.14325049211406,650.6180371352785,364.0,991.0,377,1574.5835543766575,1483.0,1647.0,42.88481946040525,377,23.77326665316716,22.69585227966309,25.079103469848636,0.4524715674967123,108914.9695261442,1,0,1,3.798624143961439,14.211866679556929,2647.1265552520754,0.0,0,6.207547187805176,8.073732376098633,0,0,223.5114950463604,0.0,0,0,0,0,0,0.0
20,cameroon,120003,Est,1955,0.44493882091212456,0.08684252343874146,0.013427617988240903,12586,485.7075147590742,Bangui,116.14325049211406,650.6180371352785,364.0,991.0,377,1574.5835543766575,1483.0,1647.0,42.88481946040525,377,23.77326665316716,22.69585227966309,25.079103469848636,0.4524715674967123,108914.9695261442,1,0,1,3.798624143961439,14.211866679556929,2647.1265552520754,0.0,0,6.207547187805176,8.073732376098633,0,0,223.5114950463604,0.0,0,0,0,0,0,0.0
20,cameroon,120003,Est,1945,0.2360085011638498,0.035219107377795766,0.006578281550450359,9881,485.7075147590742,Bangui,116.14325049211406,650.6180371352785,364.0,991.0,377,1574.5835543766575,1483.0,1647.0,42.88481946040525,377,23.77326665316716,22.69585227966309,25.079103469848636,0.4524715674967123,108914.9695261442,1,0,1,3.798624143961439,14.211866679556929,2647.1265552520754,0.0,0,6.207547187805176,8.073732376098633,0,0,223.5114950463604,0.0,0,0,0,0,0,0.0
20,cameroon,120003,Est,1935,0.10256086791976789,0.011353601614734452,0.002396871451999495,7927,485.7075147590742,Bangui,116.14325049211406,650.6180371352785,364.0,991.0,377,1574.5835543766575,1483.0,1647.0,42.88481946040525,377,23.77326665316716,22.69585227966309,25.079103469848636,0.4524715674967123,108914.9695261442,1,0,1,3.798624143961439,14.211866679556929,2647.1265552520754,0.0,0,6.207547187805176,8.073732376098633,0,0,223.5114950463604,0.0,0,0,0,0,0,0.0
20,cameroon,120003,Est,1925,0.0381088241287956,0.004687181577338496,0.0018341145302628898,4907,485.7075147590742,Bangui,116.14325049211406,650.6180371352785,364.0,991.0,377,1574.5835543766575,1483.0,1647.0,42.88481946040525,377,23.77326665316716,22.69585227966309,25.079103469848636,0.4524715674967123,108914.9695261442,1,0,1,3.798624143961439,14.211866679556929,2647.1265552520754,0.0,0,6.207547187805176,8.073732376098633,0,0,223.5114950463604,0.0,0,0,0,0,0,0.0
20,cameroon,120003,Est,1915,0.014808720691073632,0.002879473467708762,0.002879473467708762,2431,485.7075147590742,Bangui,116.14325049211406,650.6180371352785,364.0,991.0,377,1574.5835543766575,1483.0,1647.0,42.88481946040525,377,23.77326665316716,22.69585227966309,25.079103469848636,0.4524715674967123,108914.9695261442,1,0,1,3.798624143961439,14.211866679556929,2647.1265552520754,0.0,0,6.207547187805176,8.073732376098633,0,0,223.5114950463604,0.0,0,0,0,0,0,0.0
20,cameroon,120004,"Nord, Adamoua, Extrème Nord",1975,0.2690121536068023,0.1032979559142932,0.043346323880528045,64919,164.86383993461683,Yola,335.24592805579226,654.82722513089,183.0,1725.0,573,1187.4397905759165,289.0,1778.0,373.66557262064,573,25.106201860917174,19.406103134155277,28.58673095703125,2.2265867049188897,164124.70243872626,1,0,1,8.382361677963146,13.750124163731714,3665.70730878544,0.0,0,9.741023063659668,11.387040138244627,0,1,118.99093599131342,0.0278549255412543,0,0,0,0,2,1.218585606116581e-05
20,cameroon,120004,"Nord, Adamoua, Extrème Nord",1965,0.1859834868568861,0.054201303077960006,0.011514266456975961,71216,164.86383993461683,Yola,335.24592805579226,654.82722513089,183.0,1725.0,573,1187.4397905759165,289.0,1778.0,373.66557262064,573,25.106201860917174,19.406103134155277,28.58673095703125,2.2265867049188897,164124.70243872626,1,0,1,8.382361677963146,13.750124163731714,3665.70730878544,0.0,0,9.741023063659668,11.387040138244627,0,1,118.99093599131342,0.0278549255412543,0,0,0,0,2,1.218585606116581e-05
20,cameroon,120004,"Nord, Adamoua, Extrème Nord",1955,0.13601792573623558,0.02678617157490397,0.005428937259923175,78100,164.86383993461683,Yola,335.24592805579226,654.82722513089,183.0,1725.0,573,1187.4397905759165,289.0,1778.0,373.66557262064,573,25.106201860917174,19.406103134155277,28.58673095703125,2.2265867049188897,164124.70243872626,1,0,1,8.382361677963146,13.750124163731714,3665.70730878544,0.0,0,9.741023063659668,11.387040138244627,0,1,118.99093599131342,0.0278549255412543,0,0,0,0,2,1.218585606116581e-05
20,cameroon,120004,"Nord, Adamoua, Extrème Nord",1945,0.06641200805186159,0.01090488342235818,0.0022982675817470005,63091,164.86383993461683,Yola,335.24592805579226,654.82722513089,183.0,1725.0,573,1187.4397905759165,289.0,1778.0,373.66557262064,573,25.106201860917174,19.406103134155277,28.58673095703125,2.2265867049188897,164124.70243872626,1,0,1,8.382361677963146,13.750124163731714,3665.70730878544,0.0,0,9.741023063659668,11.387040138244627,0,1,118.99093599131342,0.0278549255412543,0,0,0,0,2,1.218585606116581e-05
20,cameroon,120004,"Nord, Adamoua, Extrème Nord",1935,0.03833363409038179,0.00696037740713052,0.0015467505349178933,38791,164.86383993461683,Yola,335.24592805579226,654.82722513089,183.0,1725.0,573,1187.4397905759165,289.0,1778.0,373.66557262064,573,25.106201860917174,19.406103134155277,28.58673095703125,2.2265867049188897,164124.70243872626,1,0,1,8.382361677963146,13.750124163731714,3665.70730878544,0.0,0,9.741023063659668,11.387040138244627,0,1,118.99093599131342,0.0278549255412543,0,0,0,0,2,1.218585606116581e-05
20,cameroon,120004,"Nord, Adamoua, Extrème Nord",1925,0.023020875240266418,0.0037995619328595057,0.0013410218586562962,22371,164.86383993461683,Yola,335.24592805579226,654.82722513089,183.0,1725.0,573,1187.4397905759165,289.0,1778.0,373.66557262064,573,25.106201860917174,19.406103134155277,28.58673095703125,2.2265867049188897,164124.70243872626,1,0,1,8.382361677963146,13.750124163731714,3665.70730878544,0.0,0,9.741023063659668,11.387040138244627,0,1,118.99093599131342,0.0278549255412543,0,0,0,0,2,1.218585606116581e-05
20,cameroon,120004,"Nord, Adamoua, Extrème Nord",1915,0.00958764636008824,0.0011030035635499745,0.000254539283896148,11786,164.86383993461683,Yola,335.24592805579226,654.82722513089,183.0,1725.0,573,1187.4397905759165,289.0,1778.0,373.66557262064,573,25.106201860917174,19.406103134155277,28.58673095703125,2.2265867049188897,164124.70243872626,1,0,1,8.382361677963146,13.750124163731714,3665.70730878544,0.0,0,9.741023063659668,11.387040138244627,0,1,118.99093599131342,0.0278549255412543,0,0,0,0,2,1.218585606116581e-05
20,cameroon,120005,"Littoral
",1975,0.920221138710792,0.5690098667792836,0.17890735977271854,26047,46.96751326080089,Douala,336.909352207502,335.4065934065934,13.0,1304.0,91,2548.164835164835,1829.0,3120.0,314.30223655948026,91,25.3841061434903,22.10756492614746,26.98285484313965,1.2069521783230173,20230.394360874623,1,1,1,4.266738034939885,10.1193937803381,2462.4835231050533,0.2301917463342041,0,15.036340713500977,14.121102333068848,1,1,2.8549275490493224,0.6609951248301894,3,9,18,24,19,0.0009391809008303
20,cameroon,120005,"Littoral
",1965,0.8866359447004608,0.4656589861751152,0.09780645161290323,27125,46.96751326080089,Douala,336.909352207502,335.4065934065934,13.0,1304.0,91,2548.164835164835,1829.0,3120.0,314.30223655948026,91,25.3841061434903,22.10756492614746,26.98285484313965,1.2069521783230173,20230.394360874623,1,1,1,4.266738034939885,10.1193937803381,2462.4835231050533,0.2301917463342041,0,15.036340713500977,14.121102333068848,1,1,2.8549275490493224,0.6609951248301894,3,9,18,24,19,0.0009391809008303
20,cameroon,120005,"Littoral
",1955,0.8116618825243135,0.33409022749667966,0.07077674478385673,23341,46.96751326080089,Douala,336.909352207502,335.4065934065934,13.0,1304.0,91,2548.164835164835,1829.0,3120.0,314.30223655948026,91,25.3841061434903,22.10756492614746,26.98285484313965,1.2069521783230173,20230.394360874623,1,1,1,4.266738034939885,10.1193937803381,2462.4835231050533,0.2301917463342041,0,15.036340713500977,14.121102333068848,1,1,2.8549275490493224,0.6609951248301894,3,9,18,24,19,0.0009391809008303
20,cameroon,120005,"Littoral
",1945,0.5607489892900206,0.1959713454854954,0.03957727498404142,14099,46.96751326080089,Douala,336.909352207502,335.4065934065934,13.0,1304.0,91,2548.164835164835,1829.0,3120.0,314.30223655948026,91,25.3841061434903,22.10756492614746,26.98285484313965,1.2069521783230173,20230.394360874623,1,1,1,4.266738034939885,10.1193937803381,2462.4835231050533,0.2301917463342041,0,15.036340713500977,14.121102333068848,1,1,2.8549275490493224,0.6609951248301894,3,9,18,24,19,0.0009391809008303
20,cameroon,120005,"Littoral
",1935,0.2728936053426036,0.06220839813374806,0.014362821333821243,10931,46.96751326080089,Douala,336.909352207502,335.4065934065934,13.0,1304.0,91,2548.164835164835,1829.0,3120.0,314.30223655948026,91,25.3841061434903,22.10756492614746,26.98285484313965,1.2069521783230173,20230.394360874623,1,1,1,4.266738034939885,10.1193937803381,2462.4835231050533,0.2301917463342041,0,15.036340713500977,14.121102333068848,1,1,2.8549275490493224,0.6609951248301894,3,9,18,24,19,0.0009391809008303
20,cameroon,120005,"Littoral
",1925,0.15335355578024942,0.028479946073474892,0.008426019548365353,5934,46.96751326080089,Douala,336.909352207502,335.4065934065934,13.0,1304.0,91,2548.164835164835,1829.0,3120.0,314.30223655948026,91,25.3841061434903,22.10756492614746,26.98285484313965,1.2069521783230173,20230.394360874623,1,1,1,4.266738034939885,10.1193937803381,2462.4835231050533,0.2301917463342041,0,15.036340713500977,14.121102333068848,1,1,2.8549275490493224,0.6609951248301894,3,9,18,24,19,0.0009391809008303
20,cameroon,120005,"Littoral
",1915,0.08983364140480592,0.0166358595194085,0.0073937153419593345,2705,46.96751326080089,Douala,336.909352207502,335.4065934065934,13.0,1304.0,91,2548.164835164835,1829.0,3120.0,314.30223655948026,91,25.3841061434903,22.10756492614746,26.98285484313965,1.2069521783230173,20230.394360874623,1,1,1,4.266738034939885,10.1193937803381,2462.4835231050533,0.2301917463342041,0,15.036340713500977,14.121102333068848,1,1,2.8549275490493224,0.6609951248301894,3,9,18,24,19,0.0009391809008303
20,cameroon,120007,Nord Ouest,1975,0.7536157378847077,0.27599561313318255,0.12389471519638083,29178,265.347319358049,Douala,429.72641614394746,1026.0675675675675,256.0,1935.0,74,1917.9324324324325,1608.0,2403.0,175.18456144808806,74,23.282457119709736,18.82479286193848,26.664705276489254,1.812125129150584,17365.571292598455,0,0,1,6.369514809979283,10.359587399071398,2800.2924661075367,0.0,0,10.49350643157959,9.611814498901367,0,1,49.16053010659668,0.209830612198655,0,1,3,6,3,0.0001727556179668
20,cameroon,120007,Nord Ouest,1965,0.599243030788267,0.17483077370987699,0.05484387510008006,27478,265.347319358049,Douala,429.72641614394746,1026.0675675675675,256.0,1935.0,74,1917.9324324324325,1608.0,2403.0,175.18456144808806,74,23.282457119709736,18.82479286193848,26.664705276489254,1.812125129150584,17365.571292598455,0,0,1,6.369514809979283,10.359587399071398,2800.2924661075367,0.0,0,10.49350643157959,9.611814498901367,0,1,49.16053010659668,0.209830612198655,0,1,3,6,3,0.0001727556179668
20,cameroon,120007,Nord Ouest,1955,0.4307666271788797,0.0839735995938399,0.02778811981722796,29545,265.347319358049,Douala,429.72641614394746,1026.0675675675675,256.0,1935.0,74,1917.9324324324325,1608.0,2403.0,175.18456144808806,74,23.282457119709736,18.82479286193848,26.664705276489254,1.812125129150584,17365.571292598455,0,0,1,6.369514809979283,10.359587399071398,2800.2924661075367,0.0,0,10.49350643157959,9.611814498901367,0,1,49.16053010659668,0.209830612198655,0,1,3,6,3,0.0001727556179668
20,cameroon,120007,Nord Ouest,1945,0.22657247765006386,0.04442049808429119,0.01903735632183908,25056,265.347319358049,Douala,429.72641614394746,1026.0675675675675,256.0,1935.0,74,1917.9324324324325,1608.0,2403.0,175.18456144808806,74,23.282457119709736,18.82479286193848,26.664705276489254,1.812125129150584,17365.571292598455,0,0,1,6.369514809979283,10.359587399071398,2800.2924661075367,0.0,0,10.49350643157959,9.611814498901367,0,1,49.16053010659668,0.209830612198655,0,1,3,6,3,0.0001727556179668
20,cameroon,120007,Nord Ouest,1935,0.12826174227217985,0.02803425665729961,0.012110263615683126,14946,265.347319358049,Douala,429.72641614394746,1026.0675675675675,256.0,1935.0,74,1917.9324324324325,1608.0,2403.0,175.18456144808806,74,23.282457119709736,18.82479286193848,26.664705276489254,1.812125129150584,17365.571292598455,0,0,1,6.369514809979283,10.359587399071398,2800.2924661075367,0.0,0,10.49350643157959,9.611814498901367,0,1,49.16053010659668,0.209830612198655,0,1,3,6,3,0.0001727556179668
20,cameroon,120007,Nord Ouest,1925,0.07349042709867452,0.01443298969072165,0.008100147275405008,6790,265.347319358049,Douala,429.72641614394746,1026.0675675675675,256.0,1935.0,74,1917.9324324324325,1608.0,2403.0,175.18456144808806,74,23.282457119709736,18.82479286193848,26.664705276489254,1.812125129150584,17365.571292598455,0,0,1,6.369514809979283,10.359587399071398,2800.2924661075367,0.0,0,10.49350643157959,9.611814498901367,0,1,49.16053010659668,0.209830612198655,0,1,3,6,3,0.0001727556179668
20,cameroon,120007,Nord Ouest,1915,0.033449477351916376,0.003832752613240418,0.0024390243902439024,2870,265.347319358049,Douala,429.72641614394746,1026.0675675675675,256.0,1935.0,74,1917.9324324324325,1608.0,2403.0,175.18456144808806,74,23.282457119709736,18.82479286193848,26.664705276489254,1.812125129150584,17365.571292598455,0,0,1,6.369514809979283,10.359587399071398,2800.2924661075367,0.0,0,10.49350643157959,9.611814498901367,0,1,49.16053010659668,0.209830612198655,0,1,3,6,3,0.0001727556179668
20,cameroon,120008,Ouest,1975,0.86646080344918,0.37597226672881406,0.10225187170448918,34327,189.66690069395824,Douala,309.57600529685044,1016.6166666666668,470.0,1909.0,60,1972.9833333333331,1733.0,2589.0,196.29768988848429,60,23.244369761149088,20.04472923278809,24.933189392089844,0.9396054574179256,13951.25773017093,0,0,0,5.50870150103715,10.655742822219024,2724.4669233574923,0.0,0,8.07305908203125,7.503239631652832,0,1,11.953673650528406,0.4730133077824433,1,5,6,7,4,0.0002867125012929
20,cameroon,120008,Ouest,1965,0.7753986017213134,0.28233231039017975,0.06114585015805626,43339,189.66690069395824,Douala,309.57600529685044,1016.6166666666668,470.0,1909.0,60,1972.9833333333331,1733.0,2589.0,196.29768988848429,60,23.244369761149088,20.04472923278809,24.933189392089844,0.9396054574179256,13951.25773017093,0,0,0,5.50870150103715,10.655742822219024,2724.4669233574923,0.0,0,8.07305908203125,7.503239631652832,0,1,11.953673650528406,0.4730133077824433,1,5,6,7,4,0.0002867125012929
20,cameroon,120008,Ouest,1955,0.5914713046125742,0.16688232607702846,0.03803851423352109,52552,189.66690069395824,Douala,309.57600529685044,1016.6166666666668,470.0,1909.0,60,1972.9833333333331,1733.0,2589.0,196.29768988848429,60,23.244369761149088,20.04472923278809,24.933189392089844,0.9396054574179256,13951.25773017093,0,0,0,5.50870150103715,10.655742822219024,2724.4669233574923,0.0,0,8.07305908203125,7.503239631652832,0,1,11.953673650528406,0.4730133077824433,1,5,6,7,4,0.0002867125012929
20,cameroon,120008,Ouest,1945,0.29448550312677657,0.07977156442193395,0.01633159336399814,38698,189.66690069395824,Douala,309.57600529685044,1016.6166666666668,470.0,1909.0,60,1972.9833333333331,1733.0,2589.0,196.29768988848429,60,23.244369761149088,20.04472923278809,24.933189392089844,0.9396054574179256,13951.25773017093,0,0,0,5.50870150103715,10.655742822219024,2724.4669233574923,0.0,0,8.07305908203125,7.503239631652832,0,1,11.953673650528406,0.4730133077824433,1,5,6,7,4,0.0002867125012929
20,cameroon,120008,Ouest,1935,0.10221530051171217,0.017766900804119124,0.003750437021263071,31463,189.66690069395824,Douala,309.57600529685044,1016.6166666666668,470.0,1909.0,60,1972.9833333333331,1733.0,2589.0,196.29768988848429,60,23.244369761149088,20.04472923278809,24.933189392089844,0.9396054574179256,13951.25773017093,0,0,0,5.50870150103715,10.655742822219024,2724.4669233574923,0.0,0,8.07305908203125,7.503239631652832,0,1,11.953673650528406,0.4730133077824433,1,5,6,7,4,0.0002867125012929
20,cameroon,120008,Ouest,1925,0.04690721649484536,0.007268041237113402,0.002061855670103093,19400,189.66690069395824,Douala,309.57600529685044,1016.6166666666668,470.0,1909.0,60,1972.9833333333331,1733.0,2589.0,196.29768988848429,60,23.244369761149088,20.04472923278809,24.933189392089844,0.9396054574179256,13951.25773017093,0,0,0,5.50870150103715,10.655742822219024,2724.4669233574923,0.0,0,8.07305908203125,7.503239631652832,0,1,11.953673650528406,0.4730133077824433,1,5,6,7,4,0.0002867125012929
20,cameroon,120008,Ouest,1915,0.020893281621418743,0.0020017515325910173,0.0006255473539346928,7993,189.66690069395824,Douala,309.57600529685044,1016.6166666666668,470.0,1909.0,60,1972.9833333333331,1733.0,2589.0,196.29768988848429,60,23.244369761149088,20.04472923278809,24.933189392089844,0.9396054574179256,13951.25773017093,0,0,0,5.50870150103715,10.655742822219024,2724.4669233574923,0.0,0,8.07305908203125,7.503239631652832,0,1,11.953673650528406,0.4730133077824433,1,5,6,7,4,0.0002867125012929
20,cameroon,120010,Sud Ouest,1975,0.8082261918306974,0.365058595972238,0.15178063488451474,17578,107.8591807258256,Calabar,410.7832472259074,413.2549019607843,8.0,1909.0,102,2583.813725490196,1919.0,3120.0,277.11294258635024,102,25.00567241743499,18.92633438110352,26.5166015625,1.51661802088502,24503.906524661168,0,1,1,5.198445671142389,9.29284221659794,2485.9638628587654,0.0360331737479905,0,6.9452056884765625,6.618040084838867,0,1,44.768720763447,0.1991762750353325,0,1,1,6,7,0.0002856687358383
20,cameroon,120010,Sud Ouest,1965,0.7357838695061168,0.270899410965111,0.06830539193475306,17656,107.8591807258256,Calabar,410.7832472259074,413.2549019607843,8.0,1909.0,102,2583.813725490196,1919.0,3120.0,277.11294258635024,102,25.00567241743499,18.92633438110352,26.5166015625,1.51661802088502,24503.906524661168,0,1,1,5.198445671142389,9.29284221659794,2485.9638628587654,0.0360331737479905,0,6.9452056884765625,6.618040084838867,0,1,44.768720763447,0.1991762750353325,0,1,1,6,7,0.0002856687358383
20,cameroon,120010,Sud Ouest,1955,0.5776949032143491,0.12295033445805956,0.03545847392411058,16893,107.8591807258256,Calabar,410.7832472259074,413.2549019607843,8.0,1909.0,102,2583.813725490196,1919.0,3120.0,277.11294258635024,102,25.00567241743499,18.92633438110352,26.5166015625,1.51661802088502,24503.906524661168,0,1,1,5.198445671142389,9.29284221659794,2485.9638628587654,0.0360331737479905,0,6.9452056884765625,6.618040084838867,0,1,44.768720763447,0.1991762750353325,0,1,1,6,7,0.0002856687358383
20,cameroon,120010,Sud Ouest,1945,0.31308108108108107,0.06356756756756757,0.02544144144144144,13875,107.8591807258256,Calabar,410.7832472259074,413.2549019607843,8.0,1909.0,102,2583.813725490196,1919.0,3120.0,277.11294258635024,102,25.00567241743499,18.92633438110352,26.5166015625,1.51661802088502,24503.906524661168,0,1,1,5.198445671142389,9.29284221659794,2485.9638628587654,0.0360331737479905,0,6.9452056884765625,6.618040084838867,0,1,44.768720763447,0.1991762750353325,0,1,1,6,7,0.0002856687358383
20,cameroon,120010,Sud Ouest,1935,0.1980094896424025,0.03842147899548663,0.01897928480499942,8641,107.8591807258256,Calabar,410.7832472259074,413.2549019607843,8.0,1909.0,102,2583.813725490196,1919.0,3120.0,277.11294258635024,102,25.00567241743499,18.92633438110352,26.5166015625,1.51661802088502,24503.906524661168,0,1,1,5.198445671142389,9.29284221659794,2485.9638628587654,0.0360331737479905,0,6.9452056884765625,6.618040084838867,0,1,44.768720763447,0.1991762750353325,0,1,1,6,7,0.0002856687358383
20,cameroon,120010,Sud Ouest,1925,0.11898083216456289,0.020102851799906497,0.008882655446470314,4278,107.8591807258256,Calabar,410.7832472259074,413.2549019607843,8.0,1909.0,102,2583.813725490196,1919.0,3120.0,277.11294258635024,102,25.00567241743499,18.92633438110352,26.5166015625,1.51661802088502,24503.906524661168,0,1,1,5.198445671142389,9.29284221659794,2485.9638628587654,0.0360331737479905,0,6.9452056884765625,6.618040084838867,0,1,44.768720763447,0.1991762750353325,0,1,1,6,7,0.0002856687358383
20,cameroon,120010,Sud Ouest,1915,0.05973223480947477,0.009268795056642637,0.005149330587023687,1942,107.8591807258256,Calabar,410.7832472259074,413.2549019607843,8.0,1909.0,102,2583.813725490196,1919.0,3120.0,277.11294258635024,102,25.00567241743499,18.92633438110352,26.5166015625,1.51661802088502,24503.906524661168,0,1,1,5.198445671142389,9.29284221659794,2485.9638628587654,0.0360331737479905,0,6.9452056884765625,6.618040084838867,0,1,44.768720763447,0.1991762750353325,0,1,1,6,7,0.0002856687358383
21,south_sudan,728071,Upper Nile,1975,0.11443944615397748,0.07303689700643853,0.030193936127551665,7616,460.3922330625748,al-Ubayd,61.10323272992833,417.581560283688,387.0,1051.0,282,711.5602836879433,410.0,970.0,108.05881435026376,282,27.93152750299332,24.42072868347168,28.437896728515625,0.4212460344492638,77537.90266079911,1,0,1,9.90114137779534,32.79981020740054,3816.8022713313553,0.0437246270086919,0,5.971428394317627,9.912418365478516,0,1,68.05838751773966,0.1343904098520962,0,0,1,2,8,0.0001031753468364
21,south_sudan,728071,Upper Nile,1965,0.09971224726951265,0.0763646792806152,0.038865778367125785,4758,460.3922330625748,al-Ubayd,61.10323272992833,417.581560283688,387.0,1051.0,282,711.5602836879433,410.0,970.0,108.05881435026376,282,27.93152750299332,24.42072868347168,28.437896728515625,0.4212460344492638,77537.90266079911,1,0,1,9.90114137779534,32.79981020740054,3816.8022713313553,0.0437246270086919,0,5.971428394317627,9.912418365478516,0,1,68.05838751773966,0.1343904098520962,0,0,1,2,8,0.0001031753468364
21,south_sudan,728071,Upper Nile,1955,0.052647583764295285,0.04290245845644166,0.021099862974259264,2787,460.3922330625748,al-Ubayd,61.10323272992833,417.581560283688,387.0,1051.0,282,711.5602836879433,410.0,970.0,108.05881435026376,282,27.93152750299332,24.42072868347168,28.437896728515625,0.4212460344492638,77537.90266079911,1,0,1,9.90114137779534,32.79981020740054,3816.8022713313553,0.0437246270086919,0,5.971428394317627,9.912418365478516,0,1,68.05838751773966,0.1343904098520962,0,0,1,2,8,0.0001031753468364
21,south_sudan,728071,Upper Nile,1945,0.02866898364582193,0.021122652944362465,0.012897603021439,1608,460.3922330625748,al-Ubayd,61.10323272992833,417.581560283688,387.0,1051.0,282,711.5602836879433,410.0,970.0,108.05881435026376,282,27.93152750299332,24.42072868347168,28.437896728515625,0.4212460344492638,77537.90266079911,1,0,1,9.90114137779534,32.79981020740054,3816.8022713313553,0.0437246270086919,0,5.971428394317627,9.912418365478516,0,1,68.05838751773966,0.1343904098520962,0,0,1,2,8,0.0001031753468364
21,south_sudan,728071,Upper Nile,1935,0.024055703298279687,0.010905068249782063,0.0013020977014665152,764,460.3922330625748,al-Ubayd,61.10323272992833,417.581560283688,387.0,1051.0,282,711.5602836879433,410.0,970.0,108.05881435026376,282,27.93152750299332,24.42072868347168,28.437896728515625,0.4212460344492638,77537.90266079911,1,0,1,9.90114137779534,32.79981020740054,3816.8022713313553,0.0437246270086919,0,5.971428394317627,9.912418365478516,0,1,68.05838751773966,0.1343904098520962,0,0,1,2,8,0.0001031753468364
21,south_sudan,728071,Upper Nile,1925,0.03771892661733024,0.03771892661733024,0.018857209818008095,250,460.3922330625748,al-Ubayd,61.10323272992833,417.581560283688,387.0,1051.0,282,711.5602836879433,410.0,970.0,108.05881435026376,282,27.93152750299332,24.42072868347168,28.437896728515625,0.4212460344492638,77537.90266079911,1,0,1,9.90114137779534,32.79981020740054,3816.8022713313553,0.0437246270086919,0,5.971428394317627,9.912418365478516,0,1,68.05838751773966,0.1343904098520962,0,0,1,2,8,0.0001031753468364
21,south_sudan,728071,Upper Nile,1915,0.0,0.0,0.0,36,460.3922330625748,al-Ubayd,61.10323272992833,417.581560283688,387.0,1051.0,282,711.5602836879433,410.0,970.0,108.05881435026376,282,27.93152750299332,24.42072868347168,28.437896728515625,0.4212460344492638,77537.90266079911,1,0,1,9.90114137779534,32.79981020740054,3816.8022713313553,0.0437246270086919,0,5.971428394317627,9.912418365478516,0,1,68.05838751773966,0.1343904098520962,0,0,1,2,8,0.0001031753468364
21,south_sudan,728072,Jonglei,1975,0.11542815316447227,0.07098688788738265,0.023965933851462243,10258,684.8027954171264,al-Ubayd,90.3960093254102,437.6072289156626,397.0,1150.0,415,892.0987951807228,720.0,1474.0,128.4917413256971,415,27.316236964765803,21.996458053588867,28.19008445739746,0.984093782736566,122147.5474075698,1,0,1,7.381853670310616,32.33348464721786,4138.2552461412215,0.0112378667999901,1,,7.833333492279053,0,1,155.9190589539235,0.0173786150721187,0,0,0,0,1,8.186820130438662e-06
21,south_sudan,728072,Jonglei,1965,0.10460464577643709,0.07861864301611277,0.02916894110268427,7006,684.8027954171264,al-Ubayd,90.3960093254102,437.6072289156626,397.0,1150.0,415,892.0987951807228,720.0,1474.0,128.4917413256971,415,27.316236964765803,21.996458053588867,28.19008445739746,0.984093782736566,122147.5474075698,1,0,1,7.381853670310616,32.33348464721786,4138.2552461412215,0.0112378667999901,1,,7.833333492279053,0,1,155.9190589539235,0.0173786150721187,0,0,0,0,1,8.186820130438662e-06
21,south_sudan,728072,Jonglei,1955,0.07945755478744304,0.06277195006754563,0.023350941403581946,3889,684.8027954171264,al-Ubayd,90.3960093254102,437.6072289156626,397.0,1150.0,415,892.0987951807228,720.0,1474.0,128.4917413256971,415,27.316236964765803,21.996458053588867,28.19008445739746,0.984093782736566,122147.5474075698,1,0,1,7.381853670310616,32.33348464721786,4138.2552461412215,0.0112378667999901,1,,7.833333492279053,0,1,155.9190589539235,0.0173786150721187,0,0,0,0,1,8.186820130438662e-06
21,south_sudan,728072,Jonglei,1945,0.04044707112919344,0.028673641513186486,0.01402959439982518,2112,684.8027954171264,al-Ubayd,90.3960093254102,437.6072289156626,397.0,1150.0,415,892.0987951807228,720.0,1474.0,128.4917413256971,415,27.316236964765803,21.996458053588867,28.19008445739746,0.984093782736566,122147.5474075698,1,0,1,7.381853670310616,32.33348464721786,4138.2552461412215,0.0112378667999901,1,,7.833333492279053,0,1,155.9190589539235,0.0173786150721187,0,0,0,0,1,8.186820130438662e-06
21,south_sudan,728072,Jonglei,1935,0.046844319068770644,0.030376582691143482,0.006099254948478871,998,684.8027954171264,al-Ubayd,90.3960093254102,437.6072289156626,397.0,1150.0,415,892.0987951807228,720.0,1474.0,128.4917413256971,415,27.316236964765803,21.996458053588867,28.19008445739746,0.984093782736566,122147.5474075698,1,0,1,7.381853670310616,32.33348464721786,4138.2552461412215,0.0112378667999901,1,,7.833333492279053,0,1,155.9190589539235,0.0173786150721187,0,0,0,0,1,8.186820130438662e-06
21,south_sudan,728072,Jonglei,1925,0.04635986364553085,0.03759421920013904,0.009837984787196191,386,684.8027954171264,al-Ubayd,90.3960093254102,437.6072289156626,397.0,1150.0,415,892.0987951807228,720.0,1474.0,128.4917413256971,415,27.316236964765803,21.996458053588867,28.19008445739746,0.984093782736566,122147.5474075698,1,0,1,7.381853670310616,32.33348464721786,4138.2552461412215,0.0112378667999901,1,,7.833333492279053,0,1,155.9190589539235,0.0173786150721187,0,0,0,0,1,8.186820130438662e-06
21,south_sudan,728072,Jonglei,1915,0.0,0.0,0.0,41,684.8027954171264,al-Ubayd,90.3960093254102,437.6072289156626,397.0,1150.0,415,892.0987951807228,720.0,1474.0,128.4917413256971,415,27.316236964765803,21.996458053588867,28.19008445739746,0.984093782736566,122147.5474075698,1,0,1,7.381853670310616,32.33348464721786,4138.2552461412215,0.0112378667999901,1,,7.833333492279053,0,1,155.9190589539235,0.0173786150721187,0,0,0,0,1,8.186820130438662e-06
21,south_sudan,728073,Unity,1975,0.06039393850200871,0.03030094913142653,0.007204526404829745,3569,474.8335621550104,al-Ubayd,7.650030033883484,401.364238410596,391.0,431.0,151,796.6556291390729,709.0,902.0,62.37114360347668,151,27.5863244644064,27.17408561706543,28.085145950317383,0.2159178254235372,37807.66600302081,1,0,1,8.921071605521579,29.86967824840733,4018.3286224635294,0.2257215673723822,0,7.911949634552002,7.397435665130615,0,0,184.47867869099125,0.0,0,0,0,0,0,0.0
21,south_sudan,728073,Unity,1965,0.040869439208307885,0.028132280356538364,0.009940739254479757,2341,474.8335621550104,al-Ubayd,7.650030033883484,401.364238410596,391.0,431.0,151,796.6556291390729,709.0,902.0,62.37114360347668,151,27.5863244644064,27.17408561706543,28.085145950317383,0.2159178254235372,37807.66600302081,1,0,1,8.921071605521579,29.86967824840733,4018.3286224635294,0.2257215673723822,0,7.911949634552002,7.397435665130615,0,0,184.47867869099125,0.0,0,0,0,0,0,0.0
21,south_sudan,728073,Unity,1955,0.01728786597144192,0.013019556352342596,0.0055207241784185745,1461,474.8335621550104,al-Ubayd,7.650030033883484,401.364238410596,391.0,431.0,151,796.6556291390729,709.0,902.0,62.37114360347668,151,27.5863244644064,27.17408561706543,28.085145950317383,0.2159178254235372,37807.66600302081,1,0,1,8.921071605521579,29.86967824840733,4018.3286224635294,0.2257215673723822,0,7.911949634552002,7.397435665130615,0,0,184.47867869099125,0.0,0,0,0,0,0,0.0
21,south_sudan,728073,Unity,1945,0.010132470571223882,0.007629956555173615,0.0031466279321971514,769,474.8335621550104,al-Ubayd,7.650030033883484,401.364238410596,391.0,431.0,151,796.6556291390729,709.0,902.0,62.37114360347668,151,27.5863244644064,27.17408561706543,28.085145950317383,0.2159178254235372,37807.66600302081,1,0,1,8.921071605521579,29.86967824840733,4018.3286224635294,0.2257215673723822,0,7.911949634552002,7.397435665130615,0,0,184.47867869099125,0.0,0,0,0,0,0,0.0
21,south_sudan,728073,Unity,1935,0.02041777793027181,0.008693919403091435,0.0,426,474.8335621550104,al-Ubayd,7.650030033883484,401.364238410596,391.0,431.0,151,796.6556291390729,709.0,902.0,62.37114360347668,151,27.5863244644064,27.17408561706543,28.085145950317383,0.2159178254235372,37807.66600302081,1,0,1,8.921071605521579,29.86967824840733,4018.3286224635294,0.2257215673723822,0,7.911949634552002,7.397435665130615,0,0,184.47867869099125,0.0,0,0,0,0,0,0.0
21,south_sudan,728073,Unity,1925,0.016391551935414115,0.0,0.0,138,474.8335621550104,al-Ubayd,7.650030033883484,401.364238410596,391.0,431.0,151,796.6556291390729,709.0,902.0,62.37114360347668,151,27.5863244644064,27.17408561706543,28.085145950317383,0.2159178254235372,37807.66600302081,1,0,1,8.921071605521579,29.86967824840733,4018.3286224635294,0.2257215673723822,0,7.911949634552002,7.397435665130615,0,0,184.47867869099125,0.0,0,0,0,0,0,0.0
21,south_sudan,728073,Unity,1915,0.0,0.0,0.0,18,474.8335621550104,al-Ubayd,7.650030033883484,401.364238410596,391.0,431.0,151,796.6556291390729,709.0,902.0,62.37114360347668,151,27.5863244644064,27.17408561706543,28.085145950317383,0.2159178254235372,37807.66600302081,1,0,1,8.921071605521579,29.86967824840733,4018.3286224635294,0.2257215673723822,0,7.911949634552002,7.397435665130615,0,0,184.47867869099125,0.0,0,0,0,0,0,0.0
21,south_sudan,728081,Warrap,1975,0.043918858602644176,0.022262940795844927,0.007622714585313337,8410,543.4030868938802,al-Ubayd,30.367138877127797,418.7738095238095,391.0,540.0,168,856.8630952380952,666.0,1139.0,110.8068313604075,168,27.575586273556663,26.475976943969727,28.219749450683597,0.3553231720711093,44484.36981282406,0,0,1,8.545882411544511,28.62880280937518,4076.314513928083,0.0,0,6.199999809265137,12.815789222717283,0,0,109.18066849172266,0.0030895417860608,0,0,0,0,0,0.0
21,south_sudan,728081,Warrap,1965,0.039425223051090544,0.02947254621356891,0.012118407609791954,5624,543.4030868938802,al-Ubayd,30.367138877127797,418.7738095238095,391.0,540.0,168,856.8630952380952,666.0,1139.0,110.8068313604075,168,27.575586273556663,26.475976943969727,28.219749450683597,0.3553231720711093,44484.36981282406,0,0,1,8.545882411544511,28.62880280937518,4076.314513928083,0.0,0,6.199999809265137,12.815789222717283,0,0,109.18066849172266,0.0030895417860608,0,0,0,0,0,0.0
21,south_sudan,728081,Warrap,1955,0.028928611772503356,0.023382050462153126,0.010227417544111796,3013,543.4030868938802,al-Ubayd,30.367138877127797,418.7738095238095,391.0,540.0,168,856.8630952380952,666.0,1139.0,110.8068313604075,168,27.575586273556663,26.475976943969727,28.219749450683597,0.3553231720711093,44484.36981282406,0,0,1,8.545882411544511,28.62880280937518,4076.314513928083,0.0,0,6.199999809265137,12.815789222717283,0,0,109.18066849172266,0.0030895417860608,0,0,0,0,0,0.0
21,south_sudan,728081,Warrap,1945,0.026782743678672918,0.016335613073079534,0.009491904521287077,1575,543.4030868938802,al-Ubayd,30.367138877127797,418.7738095238095,391.0,540.0,168,856.8630952380952,666.0,1139.0,110.8068313604075,168,27.575586273556663,26.475976943969727,28.219749450683597,0.3553231720711093,44484.36981282406,0,0,1,8.545882411544511,28.62880280937518,4076.314513928083,0.0,0,6.199999809265137,12.815789222717283,0,0,109.18066849172266,0.0030895417860608,0,0,0,0,0,0.0
21,south_sudan,728081,Warrap,1935,0.007382377433399859,0.007382377433399859,0.0,652,543.4030868938802,al-Ubayd,30.367138877127797,418.7738095238095,391.0,540.0,168,856.8630952380952,666.0,1139.0,110.8068313604075,168,27.575586273556663,26.475976943969727,28.219749450683597,0.3553231720711093,44484.36981282406,0,0,1,8.545882411544511,28.62880280937518,4076.314513928083,0.0,0,6.199999809265137,12.815789222717283,0,0,109.18066849172266,0.0030895417860608,0,0,0,0,0,0.0
21,south_sudan,728081,Warrap,1925,0.008240638620711886,0.004807614819795031,0.004807614819795031,265,543.4030868938802,al-Ubayd,30.367138877127797,418.7738095238095,391.0,540.0,168,856.8630952380952,666.0,1139.0,110.8068313604075,168,27.575586273556663,26.475976943969727,28.219749450683597,0.3553231720711093,44484.36981282406,0,0,1,8.545882411544511,28.62880280937518,4076.314513928083,0.0,0,6.199999809265137,12.815789222717283,0,0,109.18066849172266,0.0030895417860608,0,0,0,0,0,0.0
21,south_sudan,728081,Warrap,1915,0.0,0.0,0.0,33,543.4030868938802,al-Ubayd,30.367138877127797,418.7738095238095,391.0,540.0,168,856.8630952380952,666.0,1139.0,110.8068313604075,168,27.575586273556663,26.475976943969727,28.219749450683597,0.3553231720711093,44484.36981282406,0,0,1,8.545882411544511,28.62880280937518,4076.314513928083,0.0,0,6.199999809265137,12.815789222717283,0,0,109.18066849172266,0.0030895417860608,0,0,0,0,0,0.0
21,south_sudan,728082,Northern Bahr El Ghazal,1975,0.06819673237302633,0.028806782101674016,0.010541634978972064,5285,592.512599343345,al-Ubayd,50.537426551979,470.2566371681416,407.0,618.0,113,882.5221238938053,710.0,1145.0,105.26066232290778,113,27.05220531362348,26.00771141052246,27.77375030517578,0.4329436321061745,29881.91990216105,0,0,1,8.88153391253625,27.003855019807308,4216.149057561701,0.0,0,,9.883495330810549,0,0,113.80983477003672,0.0,0,0,0,0,0,0.0
21,south_sudan,728082,Northern Bahr El Ghazal,1965,0.048355531268345034,0.03166118722978814,0.00894010673404564,3490,592.512599343345,al-Ubayd,50.537426551979,470.2566371681416,407.0,618.0,113,882.5221238938053,710.0,1145.0,105.26066232290778,113,27.05220531362348,26.00771141052246,27.77375030517578,0.4329436321061745,29881.91990216105,0,0,1,8.88153391253625,27.003855019807308,4216.149057561701,0.0,0,,9.883495330810549,0,0,113.80983477003672,0.0,0,0,0,0,0,0.0
21,south_sudan,728082,Northern Bahr El Ghazal,1955,0.024451485251790354,0.014611631022579478,0.0070929614743972125,2240,592.512599343345,al-Ubayd,50.537426551979,470.2566371681416,407.0,618.0,113,882.5221238938053,710.0,1145.0,105.26066232290778,113,27.05220531362348,26.00771141052246,27.77375030517578,0.4329436321061745,29881.91990216105,0,0,1,8.88153391253625,27.003855019807308,4216.149057561701,0.0,0,,9.883495330810549,0,0,113.80983477003672,0.0,0,0,0,0,0,0.0
21,south_sudan,728082,Northern Bahr El Ghazal,1945,0.01729615546216275,0.008803927411958094,0.0023235291949626857,1521,592.512599343345,al-Ubayd,50.537426551979,470.2566371681416,407.0,618.0,113,882.5221238938053,710.0,1145.0,105.26066232290778,113,27.05220531362348,26.00771141052246,27.77375030517578,0.4329436321061745,29881.91990216105,0,0,1,8.88153391253625,27.003855019807308,4216.149057561701,0.0,0,,9.883495330810549,0,0,113.80983477003672,0.0,0,0,0,0,0,0.0
21,south_sudan,728082,Northern Bahr El Ghazal,1935,0.014311829486173676,0.007342394227047248,0.0013938870518252857,759,592.512599343345,al-Ubayd,50.537426551979,470.2566371681416,407.0,618.0,113,882.5221238938053,710.0,1145.0,105.26066232290778,113,27.05220531362348,26.00771141052246,27.77375030517578,0.4329436321061745,29881.91990216105,0,0,1,8.88153391253625,27.003855019807308,4216.149057561701,0.0,0,,9.883495330810549,0,0,113.80983477003672,0.0,0,0,0,0,0,0.0
21,south_sudan,728082,Northern Bahr El Ghazal,1925,0.003487195718153199,0.003487195718153199,0.0,335,592.512599343345,al-Ubayd,50.537426551979,470.2566371681416,407.0,618.0,113,882.5221238938053,710.0,1145.0,105.26066232290778,113,27.05220531362348,26.00771141052246,27.77375030517578,0.4329436321061745,29881.91990216105,0,0,1,8.88153391253625,27.003855019807308,4216.149057561701,0.0,0,,9.883495330810549,0,0,113.80983477003672,0.0,0,0,0,0,0,0.0
21,south_sudan,728082,Northern Bahr El Ghazal,1915,0.0,0.0,0.0,38,592.512599343345,al-Ubayd,50.537426551979,470.2566371681416,407.0,618.0,113,882.5221238938053,710.0,1145.0,105.26066232290778,113,27.05220531362348,26.00771141052246,27.77375030517578,0.4329436321061745,29881.91990216105,0,0,1,8.88153391253625,27.003855019807308,4216.149057561701,0.0,0,,9.883495330810549,0,0,113.80983477003672,0.0,0,0,0,0,0,0.0
21,south_sudan,728083,Western Bahr El Ghazal,1975,0.13551356745099302,0.08789085043631668,0.036960196486381824,2474,708.9796823019441,al-Ubayd,119.02823129291475,596.6069518716578,418.0,995.0,374,1009.6978609625668,631.0,1395.0,186.61346463369225,374,26.09458801453126,23.604101181030277,27.69620704650879,0.8813752997961816,104777.14877712671,0,0,1,8.343375755419308,25.98227780870301,4151.459374450045,0.0,0,6.038461685180664,11.417582511901855,0,1,176.5209481781606,0.0735268615047835,0,0,0,0,4,3.817626311352011e-05
21,south_sudan,728083,Western Bahr El Ghazal,1965,0.15040785655645253,0.10768927294508589,0.050874169634129135,1767,708.9796823019441,al-Ubayd,119.02823129291475,596.6069518716578,418.0,995.0,374,1009.6978609625668,631.0,1395.0,186.61346463369225,374,26.09458801453126,23.604101181030277,27.69620704650879,0.8813752997961816,104777.14877712671,0,0,1,8.343375755419308,25.98227780870301,4151.459374450045,0.0,0,6.038461685180664,11.417582511901855,0,1,176.5209481781606,0.0735268615047835,0,0,0,0,4,3.817626311352011e-05
21,south_sudan,728083,Western Bahr El Ghazal,1955,0.10141710295235833,0.06131581759091461,0.03283060635326019,924,708.9796823019441,al-Ubayd,119.02823129291475,596.6069518716578,418.0,995.0,374,1009.6978609625668,631.0,1395.0,186.61346463369225,374,26.09458801453126,23.604101181030277,27.69620704650879,0.8813752997961816,104777.14877712671,0,0,1,8.343375755419308,25.98227780870301,4151.459374450045,0.0,0,6.038461685180664,11.417582511901855,0,1,176.5209481781606,0.0735268615047835,0,0,0,0,4,3.817626311352011e-05
21,south_sudan,728083,Western Bahr El Ghazal,1945,0.08880467088539533,0.0614694599520526,0.024895196174590843,431,708.9796823019441,al-Ubayd,119.02823129291475,596.6069518716578,418.0,995.0,374,1009.6978609625668,631.0,1395.0,186.61346463369225,374,26.09458801453126,23.604101181030277,27.69620704650879,0.8813752997961816,104777.14877712671,0,0,1,8.343375755419308,25.98227780870301,4151.459374450045,0.0,0,6.038461685180664,11.417582511901855,0,1,176.5209481781606,0.0735268615047835,0,0,0,0,4,3.817626311352011e-05
21,south_sudan,728083,Western Bahr El Ghazal,1935,0.09989417274610465,0.0661795610795881,0.037429823771353087,222,708.9796823019441,al-Ubayd,119.02823129291475,596.6069518716578,418.0,995.0,374,1009.6978609625668,631.0,1395.0,186.61346463369225,374,26.09458801453126,23.604101181030277,27.69620704650879,0.8813752997961816,104777.14877712671,0,0,1,8.343375755419308,25.98227780870301,4151.459374450045,0.0,0,6.038461685180664,11.417582511901855,0,1,176.5209481781606,0.0735268615047835,0,0,0,0,4,3.817626311352011e-05
21,south_sudan,728083,Western Bahr El Ghazal,1925,0.1153726934578076,0.05088979651374809,0.02718620086062286,99,708.9796823019441,al-Ubayd,119.02823129291475,596.6069518716578,418.0,995.0,374,1009.6978609625668,631.0,1395.0,186.61346463369225,374,26.09458801453126,23.604101181030277,27.69620704650879,0.8813752997961816,104777.14877712671,0,0,1,8.343375755419308,25.98227780870301,4151.459374450045,0.0,0,6.038461685180664,11.417582511901855,0,1,176.5209481781606,0.0735268615047835,0,0,0,0,4,3.817626311352011e-05
21,south_sudan,728083,Western Bahr El Ghazal,1915,0.0,0.0,0.0,6,708.9796823019441,al-Ubayd,119.02823129291475,596.6069518716578,418.0,995.0,374,1009.6978609625668,631.0,1395.0,186.61346463369225,374,26.09458801453126,23.604101181030277,27.69620704650879,0.8813752997961816,104777.14877712671,0,0,1,8.343375755419308,25.98227780870301,4151.459374450045,0.0,0,6.038461685180664,11.417582511901855,0,1,176.5209481781606,0.0735268615047835,0,0,0,0,4,3.817626311352011e-05
21,south_sudan,728084,Lakes,1975,0.0767757948772467,0.04849808607167302,0.010606372387350583,4730,726.4701973089589,al-Ubayd,48.05400044915218,454.7732558139535,398.0,609.0,172,985.5988372093024,870.0,1244.0,96.29947595088645,172,27.29051141960676,25.85179328918457,27.8275203704834,0.4717940788898251,44297.77750731962,1,0,0,6.651298775078742,29.914062831820683,4110.94958799519,0.0,0,,9.162161827087402,0,1,54.006172755492585,0.0489968153189927,0,0,1,1,1,2.2574495974087244e-05
21,south_sudan,728084,Lakes,1965,0.07519804927020833,0.06013319247751737,0.02133387567497839,3043,726.4701973089589,al-Ubayd,48.05400044915218,454.7732558139535,398.0,609.0,172,985.5988372093024,870.0,1244.0,96.29947595088645,172,27.29051141960676,25.85179328918457,27.8275203704834,0.4717940788898251,44297.77750731962,1,0,0,6.651298775078742,29.914062831820683,4110.94958799519,0.0,0,,9.162161827087402,0,1,54.006172755492585,0.0489968153189927,0,0,1,1,1,2.2574495974087244e-05
21,south_sudan,728084,Lakes,1955,0.041182222978091806,0.036184464818565534,0.02065546777161057,1678,726.4701973089589,al-Ubayd,48.05400044915218,454.7732558139535,398.0,609.0,172,985.5988372093024,870.0,1244.0,96.29947595088645,172,27.29051141960676,25.85179328918457,27.8275203704834,0.4717940788898251,44297.77750731962,1,0,0,6.651298775078742,29.914062831820683,4110.94958799519,0.0,0,,9.162161827087402,0,1,54.006172755492585,0.0489968153189927,0,0,1,1,1,2.2574495974087244e-05
21,south_sudan,728084,Lakes,1945,0.03821599710257982,0.026641639271187387,0.006902964283724299,878,726.4701973089589,al-Ubayd,48.05400044915218,454.7732558139535,398.0,609.0,172,985.5988372093024,870.0,1244.0,96.29947595088645,172,27.29051141960676,25.85179328918457,27.8275203704834,0.4717940788898251,44297.77750731962,1,0,0,6.651298775078742,29.914062831820683,4110.94958799519,0.0,0,,9.162161827087402,0,1,54.006172755492585,0.0489968153189927,0,0,1,1,1,2.2574495974087244e-05
21,south_sudan,728084,Lakes,1935,0.03972660961856467,0.027213424486403612,0.006722911758986969,348,726.4701973089589,al-Ubayd,48.05400044915218,454.7732558139535,398.0,609.0,172,985.5988372093024,870.0,1244.0,96.29947595088645,172,27.29051141960676,25.85179328918457,27.8275203704834,0.4717940788898251,44297.77750731962,1,0,0,6.651298775078742,29.914062831820683,4110.94958799519,0.0,0,,9.162161827087402,0,1,54.006172755492585,0.0489968153189927,0,0,1,1,1,2.2574495974087244e-05
21,south_sudan,728084,Lakes,1925,0.04311663479923518,0.024580032777929528,0.006634116361649823,172,726.4701973089589,al-Ubayd,48.05400044915218,454.7732558139535,398.0,609.0,172,985.5988372093024,870.0,1244.0,96.29947595088645,172,27.29051141960676,25.85179328918457,27.8275203704834,0.4717940788898251,44297.77750731962,1,0,0,6.651298775078742,29.914062831820683,4110.94958799519,0.0,0,,9.162161827087402,0,1,54.006172755492585,0.0489968153189927,0,0,1,1,1,2.2574495974087244e-05
21,south_sudan,728084,Lakes,1915,0.1260133601400869,0.1260133601400869,0.0,10,726.4701973089589,al-Ubayd,48.05400044915218,454.7732558139535,398.0,609.0,172,985.5988372093024,870.0,1244.0,96.29947595088645,172,27.29051141960676,25.85179328918457,27.8275203704834,0.4717940788898251,44297.77750731962,1,0,0,6.651298775078742,29.914062831820683,4110.94958799519,0.0,0,,9.162161827087402,0,1,54.006172755492585,0.0489968153189927,0,0,1,1,1,2.2574495974087244e-05
21,south_sudan,728091,Western Equatoria,1975,0.21717873882432137,0.10172343296950995,0.01840928926801101,5981,726.4917109302484,Kampala,83.35322828936374,619.5936395759717,453.0,894.0,283,1282.6113074204948,979.0,1581.0,141.27597786464693,283,25.69824885985034,24.103395462036133,27.48297882080078,0.8289276610875356,78556.24596423525,0,0,1,5.547768613332432,28.66009154134128,3939.048213792884,0.0,0,,11.071428298950195,0,1,105.43397361136051,0.0697091700259734,0,0,0,0,3,3.818919760200636e-05
21,south_sudan,728091,Western Equatoria,1965,0.2080071620478817,0.11283593147783656,0.02782029022384206,4286,726.4917109302484,Kampala,83.35322828936374,619.5936395759717,453.0,894.0,283,1282.6113074204948,979.0,1581.0,141.27597786464693,283,25.69824885985034,24.103395462036133,27.48297882080078,0.8289276610875356,78556.24596423525,0,0,1,5.547768613332432,28.66009154134128,3939.048213792884,0.0,0,,11.071428298950195,0,1,105.43397361136051,0.0697091700259734,0,0,0,0,3,3.818919760200636e-05
21,south_sudan,728091,Western Equatoria,1955,0.13078374095185646,0.0701916702457683,0.023587651575577906,2285,726.4917109302484,Kampala,83.35322828936374,619.5936395759717,453.0,894.0,283,1282.6113074204948,979.0,1581.0,141.27597786464693,283,25.69824885985034,24.103395462036133,27.48297882080078,0.8289276610875356,78556.24596423525,0,0,1,5.547768613332432,28.66009154134128,3939.048213792884,0.0,0,,11.071428298950195,0,1,105.43397361136051,0.0697091700259734,0,0,0,0,3,3.818919760200636e-05
21,south_sudan,728091,Western Equatoria,1945,0.08579379864163611,0.04356736084605799,0.015171640678120333,1387,726.4917109302484,Kampala,83.35322828936374,619.5936395759717,453.0,894.0,283,1282.6113074204948,979.0,1581.0,141.27597786464693,283,25.69824885985034,24.103395462036133,27.48297882080078,0.8289276610875356,78556.24596423525,0,0,1,5.547768613332432,28.66009154134128,3939.048213792884,0.0,0,,11.071428298950195,0,1,105.43397361136051,0.0697091700259734,0,0,0,0,3,3.818919760200636e-05
21,south_sudan,728091,Western Equatoria,1935,0.0795272330235355,0.04289741858576055,0.016484603293492134,703,726.4917109302484,Kampala,83.35322828936374,619.5936395759717,453.0,894.0,283,1282.6113074204948,979.0,1581.0,141.27597786464693,283,25.69824885985034,24.103395462036133,27.48297882080078,0.8289276610875356,78556.24596423525,0,0,1,5.547768613332432,28.66009154134128,3939.048213792884,0.0,0,,11.071428298950195,0,1,105.43397361136051,0.0697091700259734,0,0,0,0,3,3.818919760200636e-05
21,south_sudan,728091,Western Equatoria,1925,0.05895930585907698,0.02355074806356924,0.0,289,726.4917109302484,Kampala,83.35322828936374,619.5936395759717,453.0,894.0,283,1282.6113074204948,979.0,1581.0,141.27597786464693,283,25.69824885985034,24.103395462036133,27.48297882080078,0.8289276610875356,78556.24596423525,0,0,1,5.547768613332432,28.66009154134128,3939.048213792884,0.0,0,,11.071428298950195,0,1,105.43397361136051,0.0697091700259734,0,0,0,0,3,3.818919760200636e-05
21,south_sudan,728091,Western Equatoria,1915,0.0,0.0,0.0,35,726.4917109302484,Kampala,83.35322828936374,619.5936395759717,453.0,894.0,283,1282.6113074204948,979.0,1581.0,141.27597786464693,283,25.69824885985034,24.103395462036133,27.48297882080078,0.8289276610875356,78556.24596423525,0,0,1,5.547768613332432,28.66009154134128,3939.048213792884,0.0,0,,11.071428298950195,0,1,105.43397361136051,0.0697091700259734,0,0,0,0,3,3.818919760200636e-05
21,south_sudan,728092,Central Equatoria,1975,0.28354298424844676,0.16954160458056217,0.052929706848016726,6912,520.005875904322,Kampala,196.0523876956097,665.656626506024,433.0,1209.0,166,1115.1746987951808,892.0,1568.0,168.91638934326264,166,26.279159534408382,23.638687133789062,27.791624069213867,1.218951998126982,43582.60154163312,1,0,1,4.768265159971715,31.19436579376525,4012.429796113743,0.0,0,7.808510780334473,18.25170135498047,0,1,27.60562364086517,0.1261781217249315,0,1,1,1,3,6.883480778755685e-05
21,south_sudan,728092,Central Equatoria,1965,0.25390463747451597,0.16177646617125865,0.04288170893463977,4176,520.005875904322,Kampala,196.0523876956097,665.656626506024,433.0,1209.0,166,1115.1746987951808,892.0,1568.0,168.91638934326264,166,26.279159534408382,23.638687133789062,27.791624069213867,1.218951998126982,43582.60154163312,1,0,1,4.768265159971715,31.19436579376525,4012.429796113743,0.0,0,7.808510780334473,18.25170135498047,0,1,27.60562364086517,0.1261781217249315,0,1,1,1,3,6.883480778755685e-05
21,south_sudan,728092,Central Equatoria,1955,0.1586527426960993,0.09526216795367981,0.0448050738657146,2243,520.005875904322,Kampala,196.0523876956097,665.656626506024,433.0,1209.0,166,1115.1746987951808,892.0,1568.0,168.91638934326264,166,26.279159534408382,23.638687133789062,27.791624069213867,1.218951998126982,43582.60154163312,1,0,1,4.768265159971715,31.19436579376525,4012.429796113743,0.0,0,7.808510780334473,18.25170135498047,0,1,27.60562364086517,0.1261781217249315,0,1,1,1,3,6.883480778755685e-05
21,south_sudan,728092,Central Equatoria,1945,0.11024953153857561,0.057569392954879416,0.027774437509268123,1139,520.005875904322,Kampala,196.0523876956097,665.656626506024,433.0,1209.0,166,1115.1746987951808,892.0,1568.0,168.91638934326264,166,26.279159534408382,23.638687133789062,27.791624069213867,1.218951998126982,43582.60154163312,1,0,1,4.768265159971715,31.19436579376525,4012.429796113743,0.0,0,7.808510780334473,18.25170135498047,0,1,27.60562364086517,0.1261781217249315,0,1,1,1,3,6.883480778755685e-05
21,south_sudan,728092,Central Equatoria,1935,0.08339503196850213,0.029621084288944752,0.016751896874318446,453,520.005875904322,Kampala,196.0523876956097,665.656626506024,433.0,1209.0,166,1115.1746987951808,892.0,1568.0,168.91638934326264,166,26.279159534408382,23.638687133789062,27.791624069213867,1.218951998126982,43582.60154163312,1,0,1,4.768265159971715,31.19436579376525,4012.429796113743,0.0,0,7.808510780334473,18.25170135498047,0,1,27.60562364086517,0.1261781217249315,0,1,1,1,3,6.883480778755685e-05
21,south_sudan,728092,Central Equatoria,1925,0.09963117733368416,0.03605275011483898,0.02862277959389369,145,520.005875904322,Kampala,196.0523876956097,665.656626506024,433.0,1209.0,166,1115.1746987951808,892.0,1568.0,168.91638934326264,166,26.279159534408382,23.638687133789062,27.791624069213867,1.218951998126982,43582.60154163312,1,0,1,4.768265159971715,31.19436579376525,4012.429796113743,0.0,0,7.808510780334473,18.25170135498047,0,1,27.60562364086517,0.1261781217249315,0,1,1,1,3,6.883480778755685e-05
21,south_sudan,728092,Central Equatoria,1915,0.036462612982744454,0.0,0.0,25,520.005875904322,Kampala,196.0523876956097,665.656626506024,433.0,1209.0,166,1115.1746987951808,892.0,1568.0,168.91638934326264,166,26.279159534408382,23.638687133789062,27.791624069213867,1.218951998126982,43582.60154163312,1,0,1,4.768265159971715,31.19436579376525,4012.429796113743,0.0,0,7.808510780334473,18.25170135498047,0,1,27.60562364086517,0.1261781217249315,0,1,1,1,3,6.883480778755685e-05
21,south_sudan,728093,Eastern Equatoria,1975,0.08806742617799192,0.05940624660848547,0.016320043395277782,6322,524.8900841423754,Kampala,272.31310375517046,665.1240310077519,371.0,2233.0,258,940.1511627906976,433.0,1474.0,184.0442850382404,258,26.102387383926747,17.208810806274414,28.668603897094727,1.6667651649076365,69810.13383519441,1,0,1,4.908372389610601,33.527148492234474,4066.258697324811,0.0,0,,7.454545497894287,0,1,95.56118445917836,0.0474786353370225,0,0,0,1,2,2.8649135736102984e-05
21,south_sudan,728093,Eastern Equatoria,1965,0.09821137043427323,0.0694009656274225,0.027071416119624842,3817,524.8900841423754,Kampala,272.31310375517046,665.1240310077519,371.0,2233.0,258,940.1511627906976,433.0,1474.0,184.0442850382404,258,26.102387383926747,17.208810806274414,28.668603897094727,1.6667651649076365,69810.13383519441,1,0,1,4.908372389610601,33.527148492234474,4066.258697324811,0.0,0,,7.454545497894287,0,1,95.56118445917836,0.0474786353370225,0,0,0,1,2,2.8649135736102984e-05
21,south_sudan,728093,Eastern Equatoria,1955,0.09190910686516017,0.05946274687414466,0.03035764915549435,2150,524.8900841423754,Kampala,272.31310375517046,665.1240310077519,371.0,2233.0,258,940.1511627906976,433.0,1474.0,184.0442850382404,258,26.102387383926747,17.208810806274414,28.668603897094727,1.6667651649076365,69810.13383519441,1,0,1,4.908372389610601,33.527148492234474,4066.258697324811,0.0,0,,7.454545497894287,0,1,95.56118445917836,0.0474786353370225,0,0,0,1,2,2.8649135736102984e-05
21,south_sudan,728093,Eastern Equatoria,1945,0.05115268948373511,0.03403479641348572,0.016877777343044444,1195,524.8900841423754,Kampala,272.31310375517046,665.1240310077519,371.0,2233.0,258,940.1511627906976,433.0,1474.0,184.0442850382404,258,26.102387383926747,17.208810806274414,28.668603897094727,1.6667651649076365,69810.13383519441,1,0,1,4.908372389610601,33.527148492234474,4066.258697324811,0.0,0,,7.454545497894287,0,1,95.56118445917836,0.0474786353370225,0,0,0,1,2,2.8649135736102984e-05
21,south_sudan,728093,Eastern Equatoria,1935,0.03296829486255347,0.023326913325344326,0.007868868115450995,549,524.8900841423754,Kampala,272.31310375517046,665.1240310077519,371.0,2233.0,258,940.1511627906976,433.0,1474.0,184.0442850382404,258,26.102387383926747,17.208810806274414,28.668603897094727,1.6667651649076365,69810.13383519441,1,0,1,4.908372389610601,33.527148492234474,4066.258697324811,0.0,0,,7.454545497894287,0,1,95.56118445917836,0.0474786353370225,0,0,0,1,2,2.8649135736102984e-05
21,south_sudan,728093,Eastern Equatoria,1925,0.02280697291581116,0.010404136943589446,0.010404136943589446,185,524.8900841423754,Kampala,272.31310375517046,665.1240310077519,371.0,2233.0,258,940.1511627906976,433.0,1474.0,184.0442850382404,258,26.102387383926747,17.208810806274414,28.668603897094727,1.6667651649076365,69810.13383519441,1,0,1,4.908372389610601,33.527148492234474,4066.258697324811,0.0,0,,7.454545497894287,0,1,95.56118445917836,0.0474786353370225,0,0,0,1,2,2.8649135736102984e-05
21,south_sudan,728093,Eastern Equatoria,1915,0.0,0.0,0.0,22,524.8900841423754,Kampala,272.31310375517046,665.1240310077519,371.0,2233.0,258,940.1511627906976,433.0,1474.0,184.0442850382404,258,26.102387383926747,17.208810806274414,28.668603897094727,1.6667651649076365,69810.13383519441,1,0,1,4.908372389610601,33.527148492234474,4066.258697324811,0.0,0,,7.454545497894287,0,1,95.56118445917836,0.0474786353370225,0,0,0,1,2,2.8649135736102984e-05
22,sudan,729012,Nahr El Nil,1975,0.5141095449531906,0.3523153030060727,0.15189188209339013,20286,317.20837649328774,Omdurman,57.3722731594147,400.6595744680851,265.0,611.0,470,47.66808510638298,3.0,156.0,36.61107323703069,470,28.68577443386646,25.20281219482422,29.977209091186523,1.114797221920928,131576.55298289502,1,0,1,18.34193520690813,33.46823220068958,0.0,0.0,0,8.263578414916992,9.212532997131348,1,1,96.1387520997102,0.0148988764498645,0,0,0,1,1,7.600138302224705e-06
22,sudan,729012,Nahr El Nil,1965,0.43072168635151536,0.2825677967112756,0.0957236120598594,14637,317.20837649328774,Omdurman,57.3722731594147,400.6595744680851,265.0,611.0,470,47.66808510638298,3.0,156.0,36.61107323703069,470,28.68577443386646,25.20281219482422,29.977209091186523,1.114797221920928,131576.55298289502,1,0,1,18.34193520690813,33.46823220068958,0.0,0.0,0,8.263578414916992,9.212532997131348,1,1,96.1387520997102,0.0148988764498645,0,0,0,1,1,7.600138302224705e-06
22,sudan,729012,Nahr El Nil,1955,0.27064671864462475,0.18560690729875737,0.07572937582509118,9090,317.20837649328774,Omdurman,57.3722731594147,400.6595744680851,265.0,611.0,470,47.66808510638298,3.0,156.0,36.61107323703069,470,28.68577443386646,25.20281219482422,29.977209091186523,1.114797221920928,131576.55298289502,1,0,1,18.34193520690813,33.46823220068958,0.0,0.0,0,8.263578414916992,9.212532997131348,1,1,96.1387520997102,0.0148988764498645,0,0,0,1,1,7.600138302224705e-06
22,sudan,729012,Nahr El Nil,1945,0.15482141688629403,0.0952683402035452,0.05081600796580823,6104,317.20837649328774,Omdurman,57.3722731594147,400.6595744680851,265.0,611.0,470,47.66808510638298,3.0,156.0,36.61107323703069,470,28.68577443386646,25.20281219482422,29.977209091186523,1.114797221920928,131576.55298289502,1,0,1,18.34193520690813,33.46823220068958,0.0,0.0,0,8.263578414916992,9.212532997131348,1,1,96.1387520997102,0.0148988764498645,0,0,0,1,1,7.600138302224705e-06
22,sudan,729012,Nahr El Nil,1935,0.06191884096041747,0.03744257526846413,0.02041617001497526,3637,317.20837649328774,Omdurman,57.3722731594147,400.6595744680851,265.0,611.0,470,47.66808510638298,3.0,156.0,36.61107323703069,470,28.68577443386646,25.20281219482422,29.977209091186523,1.114797221920928,131576.55298289502,1,0,1,18.34193520690813,33.46823220068958,0.0,0.0,0,8.263578414916992,9.212532997131348,1,1,96.1387520997102,0.0148988764498645,0,0,0,1,1,7.600138302224705e-06
22,sudan,729012,Nahr El Nil,1925,0.038183052820487944,0.02565746713876898,0.013968084590386573,1280,317.20837649328774,Omdurman,57.3722731594147,400.6595744680851,265.0,611.0,470,47.66808510638298,3.0,156.0,36.61107323703069,470,28.68577443386646,25.20281219482422,29.977209091186523,1.114797221920928,131576.55298289502,1,0,1,18.34193520690813,33.46823220068958,0.0,0.0,0,8.263578414916992,9.212532997131348,1,1,96.1387520997102,0.0148988764498645,0,0,0,1,1,7.600138302224705e-06
22,sudan,729012,Nahr El Nil,1915,0.021437888329429586,0.021437888329429586,0.008043591074208614,179,317.20837649328774,Omdurman,57.3722731594147,400.6595744680851,265.0,611.0,470,47.66808510638298,3.0,156.0,36.61107323703069,470,28.68577443386646,25.20281219482422,29.977209091186523,1.114797221920928,131576.55298289502,1,0,1,18.34193520690813,33.46823220068958,0.0,0.0,0,8.263578414916992,9.212532997131348,1,1,96.1387520997102,0.0148988764498645,0,0,0,1,1,7.600138302224705e-06
22,sudan,729021,Red Sea,1975,0.17414288541009448,0.12479957355576483,0.04478966102889839,45373,188.9477358956282,Suakin,234.99476419733,468.0751978891821,0.0,1735.0,758,54.62796833773087,6.0,291.0,40.38059513125916,758,26.81083741603237,20.26331329345703,29.84675025939941,1.7714051566645863,216688.5850425004,0,1,1,19.828447354887874,35.7018546103891,0.0,0.0,1,8.429110527038574,13.759027481079102,1,0,274.37853726796715,0.0,0,0,0,0,0,0.0
22,sudan,729021,Red Sea,1965,0.13853617908362084,0.0925031928375715,0.03070172065514327,32099,188.9477358956282,Suakin,234.99476419733,468.0751978891821,0.0,1735.0,758,54.62796833773087,6.0,291.0,40.38059513125916,758,26.81083741603237,20.26331329345703,29.84675025939941,1.7714051566645863,216688.5850425004,0,1,1,19.828447354887874,35.7018546103891,0.0,0.0,1,8.429110527038574,13.759027481079102,1,0,274.37853726796715,0.0,0,0,0,0,0,0.0
22,sudan,729021,Red Sea,1955,0.09997497801109653,0.06655246295037841,0.022895969883354874,16456,188.9477358956282,Suakin,234.99476419733,468.0751978891821,0.0,1735.0,758,54.62796833773087,6.0,291.0,40.38059513125916,758,26.81083741603237,20.26331329345703,29.84675025939941,1.7714051566645863,216688.5850425004,0,1,1,19.828447354887874,35.7018546103891,0.0,0.0,1,8.429110527038574,13.759027481079102,1,0,274.37853726796715,0.0,0,0,0,0,0,0.0
22,sudan,729021,Red Sea,1945,0.06454075309804144,0.04091009390701518,0.02111347154326318,8278,188.9477358956282,Suakin,234.99476419733,468.0751978891821,0.0,1735.0,758,54.62796833773087,6.0,291.0,40.38059513125916,758,26.81083741603237,20.26331329345703,29.84675025939941,1.7714051566645863,216688.5850425004,0,1,1,19.828447354887874,35.7018546103891,0.0,0.0,1,8.429110527038574,13.759027481079102,1,0,274.37853726796715,0.0,0,0,0,0,0,0.0
22,sudan,729021,Red Sea,1935,0.05149833454102612,0.029472766166088855,0.00875830379186608,3144,188.9477358956282,Suakin,234.99476419733,468.0751978891821,0.0,1735.0,758,54.62796833773087,6.0,291.0,40.38059513125916,758,26.81083741603237,20.26331329345703,29.84675025939941,1.7714051566645863,216688.5850425004,0,1,1,19.828447354887874,35.7018546103891,0.0,0.0,1,8.429110527038574,13.759027481079102,1,0,274.37853726796715,0.0,0,0,0,0,0,0.0
22,sudan,729021,Red Sea,1925,0.043893449902310984,0.02260415227645004,0.007797852815219751,984,188.9477358956282,Suakin,234.99476419733,468.0751978891821,0.0,1735.0,758,54.62796833773087,6.0,291.0,40.38059513125916,758,26.81083741603237,20.26331329345703,29.84675025939941,1.7714051566645863,216688.5850425004,0,1,1,19.828447354887874,35.7018546103891,0.0,0.0,1,8.429110527038574,13.759027481079102,1,0,274.37853726796715,0.0,0,0,0,0,0,0.0
22,sudan,729021,Red Sea,1915,0.022386732470766085,0.0,0.0,121,188.9477358956282,Suakin,234.99476419733,468.0751978891821,0.0,1735.0,758,54.62796833773087,6.0,291.0,40.38059513125916,758,26.81083741603237,20.26331329345703,29.84675025939941,1.7714051566645863,216688.5850425004,0,1,1,19.828447354887874,35.7018546103891,0.0,0.0,1,8.429110527038574,13.759027481079102,1,0,274.37853726796715,0.0,0,0,0,0,0,0.0
22,sudan,729011,Northern,1975,0.6173515805403863,0.43826393754339427,0.1850999102847009,14159,126.5921173368428,Dongola,120.21335689856636,401.776170212766,192.0,893.0,1175,20.937021276595743,1.0,85.0,21.201191045917792,1175,25.91332172961945,22.16266632080078,29.31312561035156,1.681135961814882,364282.9461330941,1,0,1,19.538131271704263,29.334751510081155,0.0,0.0,0,5.989428043365479,8.956374168395996,1,0,546.1883070772609,0.0,0,0,0,0,0,0.0
22,sudan,729011,Northern,1965,0.5335489765707148,0.37515450358062535,0.1215316085697291,11568,126.5921173368428,Dongola,120.21335689856636,401.776170212766,192.0,893.0,1175,20.937021276595743,1.0,85.0,21.201191045917792,1175,25.91332172961945,22.16266632080078,29.31312561035156,1.681135961814882,364282.9461330941,1,0,1,19.538131271704263,29.334751510081155,0.0,0.0,0,5.989428043365479,8.956374168395996,1,0,546.1883070772609,0.0,0,0,0,0,0,0.0
22,sudan,729011,Northern,1955,0.3546836755182028,0.25497753905051945,0.10631050466473284,8647,126.5921173368428,Dongola,120.21335689856636,401.776170212766,192.0,893.0,1175,20.937021276595743,1.0,85.0,21.201191045917792,1175,25.91332172961945,22.16266632080078,29.31312561035156,1.681135961814882,364282.9461330941,1,0,1,19.538131271704263,29.334751510081155,0.0,0.0,0,5.989428043365479,8.956374168395996,1,0,546.1883070772609,0.0,0,0,0,0,0,0.0
22,sudan,729011,Northern,1945,0.22085992034148252,0.14532377355716142,0.0803417794361127,6080,126.5921173368428,Dongola,120.21335689856636,401.776170212766,192.0,893.0,1175,20.937021276595743,1.0,85.0,21.201191045917792,1175,25.91332172961945,22.16266632080078,29.31312561035156,1.681135961814882,364282.9461330941,1,0,1,19.538131271704263,29.334751510081155,0.0,0.0,0,5.989428043365479,8.956374168395996,1,0,546.1883070772609,0.0,0,0,0,0,0,0.0
22,sudan,729011,Northern,1935,0.1043259069582885,0.06567056525678941,0.03747312500746746,3423,126.5921173368428,Dongola,120.21335689856636,401.776170212766,192.0,893.0,1175,20.937021276595743,1.0,85.0,21.201191045917792,1175,25.91332172961945,22.16266632080078,29.31312561035156,1.681135961814882,364282.9461330941,1,0,1,19.538131271704263,29.334751510081155,0.0,0.0,0,5.989428043365479,8.956374168395996,1,0,546.1883070772609,0.0,0,0,0,0,0,0.0
22,sudan,729011,Northern,1925,0.06697713694774701,0.04867190775783318,0.03182887879498357,1046,126.5921173368428,Dongola,120.21335689856636,401.776170212766,192.0,893.0,1175,20.937021276595743,1.0,85.0,21.201191045917792,1175,25.91332172961945,22.16266632080078,29.31312561035156,1.681135961814882,364282.9461330941,1,0,1,19.538131271704263,29.334751510081155,0.0,0.0,0,5.989428043365479,8.956374168395996,1,0,546.1883070772609,0.0,0,0,0,0,0,0.0
22,sudan,729011,Northern,1915,0.02900943605585293,0.02900943605585293,0.0,125,126.5921173368428,Dongola,120.21335689856636,401.776170212766,192.0,893.0,1175,20.937021276595743,1.0,85.0,21.201191045917792,1175,25.91332172961945,22.16266632080078,29.31312561035156,1.681135961814882,364282.9461330941,1,0,1,19.538131271704263,29.334751510081155,0.0,0.0,0,5.989428043365479,8.956374168395996,1,0,546.1883070772609,0.0,0,0,0,0,0,0.0
22,sudan,729022,Kassala,1975,0.20369512871798712,0.13952040563442594,0.048654938975105325,35918,68.45265739159723,Kassala,68.13540533757516,470.247311827957,373.0,734.0,186,225.24193548387095,99.0,619.0,125.76480252138572,186,29.20638229000953,27.48902130126953,30.011062622070312,0.5267039419594016,48555.90134601849,1,0,1,15.830019453912406,35.855048750458536,373.844560733084,0.0,0,8.791417121887207,13.416373252868652,1,0,197.0779705846657,0.0,0,0,0,0,0,0.0
22,sudan,729022,Kassala,1965,0.14152707393217112,0.09330108609930411,0.029042626267524414,24927,68.45265739159723,Kassala,68.13540533757516,470.247311827957,373.0,734.0,186,225.24193548387095,99.0,619.0,125.76480252138572,186,29.20638229000953,27.48902130126953,30.011062622070312,0.5267039419594016,48555.90134601849,1,0,1,15.830019453912406,35.855048750458536,373.844560733084,0.0,0,8.791417121887207,13.416373252868652,1,0,197.0779705846657,0.0,0,0,0,0,0,0.0
22,sudan,729022,Kassala,1955,0.07381586369879593,0.04781228580829141,0.01971556682942329,13879,68.45265739159723,Kassala,68.13540533757516,470.247311827957,373.0,734.0,186,225.24193548387095,99.0,619.0,125.76480252138572,186,29.20638229000953,27.48902130126953,30.011062622070312,0.5267039419594016,48555.90134601849,1,0,1,15.830019453912406,35.855048750458536,373.844560733084,0.0,0,8.791417121887207,13.416373252868652,1,0,197.0779705846657,0.0,0,0,0,0,0,0.0
22,sudan,729022,Kassala,1945,0.039690915714586834,0.020200865796646227,0.009641217086385939,7248,68.45265739159723,Kassala,68.13540533757516,470.247311827957,373.0,734.0,186,225.24193548387095,99.0,619.0,125.76480252138572,186,29.20638229000953,27.48902130126953,30.011062622070312,0.5267039419594016,48555.90134601849,1,0,1,15.830019453912406,35.855048750458536,373.844560733084,0.0,0,8.791417121887207,13.416373252868652,1,0,197.0779705846657,0.0,0,0,0,0,0,0.0
22,sudan,729022,Kassala,1935,0.030711044159405235,0.01747146004690617,0.005635084377139254,3548,68.45265739159723,Kassala,68.13540533757516,470.247311827957,373.0,734.0,186,225.24193548387095,99.0,619.0,125.76480252138572,186,29.20638229000953,27.48902130126953,30.011062622070312,0.5267039419594016,48555.90134601849,1,0,1,15.830019453912406,35.855048750458536,373.844560733084,0.0,0,8.791417121887207,13.416373252868652,1,0,197.0779705846657,0.0,0,0,0,0,0,0.0
22,sudan,729022,Kassala,1925,0.04007971020822233,0.02137376575830138,0.006222836700137135,1280,68.45265739159723,Kassala,68.13540533757516,470.247311827957,373.0,734.0,186,225.24193548387095,99.0,619.0,125.76480252138572,186,29.20638229000953,27.48902130126953,30.011062622070312,0.5267039419594016,48555.90134601849,1,0,1,15.830019453912406,35.855048750458536,373.844560733084,0.0,0,8.791417121887207,13.416373252868652,1,0,197.0779705846657,0.0,0,0,0,0,0,0.0
22,sudan,729022,Kassala,1915,0.0304498723069871,0.0,0.0,192,68.45265739159723,Kassala,68.13540533757516,470.247311827957,373.0,734.0,186,225.24193548387095,99.0,619.0,125.76480252138572,186,29.20638229000953,27.48902130126953,30.011062622070312,0.5267039419594016,48555.90134601849,1,0,1,15.830019453912406,35.855048750458536,373.844560733084,0.0,0,8.791417121887207,13.416373252868652,1,0,197.0779705846657,0.0,0,0,0,0,0,0.0
22,sudan,729023,Al Gedarif,1975,0.2563231681000382,0.1570045946890404,0.05396714433746994,13632,30.681665513205434,al-Qadarif,76.23999972342666,519.527027027027,417.0,901.0,222,496.2162162162162,163.0,938.0,203.03152488565584,222,27.578263583483995,24.79572868347168,28.93285369873047,0.8383314332730359,59520.7698508045,1,0,1,14.149376889798804,35.107080846278166,1978.9046059665652,0.0,0,10.795976638793944,12.425824165344238,1,0,188.6973900412925,0.0,0,0,0,0,0,0.0
22,sudan,729023,Al Gedarif,1965,0.20607738533767667,0.11655237226289561,0.039742926092587484,8398,30.681665513205434,al-Qadarif,76.23999972342666,519.527027027027,417.0,901.0,222,496.2162162162162,163.0,938.0,203.03152488565584,222,27.578263583483995,24.79572868347168,28.93285369873047,0.8383314332730359,59520.7698508045,1,0,1,14.149376889798804,35.107080846278166,1978.9046059665652,0.0,0,10.795976638793944,12.425824165344238,1,0,188.6973900412925,0.0,0,0,0,0,0,0.0
22,sudan,729023,Al Gedarif,1955,0.12623166713385836,0.07286754700187607,0.029894475124624325,4646,30.681665513205434,al-Qadarif,76.23999972342666,519.527027027027,417.0,901.0,222,496.2162162162162,163.0,938.0,203.03152488565584,222,27.578263583483995,24.79572868347168,28.93285369873047,0.8383314332730359,59520.7698508045,1,0,1,14.149376889798804,35.107080846278166,1978.9046059665652,0.0,0,10.795976638793944,12.425824165344238,1,0,188.6973900412925,0.0,0,0,0,0,0,0.0
22,sudan,729023,Al Gedarif,1945,0.07017579200696053,0.037491293977468275,0.024007834884523318,2880,30.681665513205434,al-Qadarif,76.23999972342666,519.527027027027,417.0,901.0,222,496.2162162162162,163.0,938.0,203.03152488565584,222,27.578263583483995,24.79572868347168,28.93285369873047,0.8383314332730359,59520.7698508045,1,0,1,14.149376889798804,35.107080846278166,1978.9046059665652,0.0,0,10.795976638793944,12.425824165344238,1,0,188.6973900412925,0.0,0,0,0,0,0,0.0
22,sudan,729023,Al Gedarif,1935,0.02244809921434799,0.00969182892544591,0.0041893982773966165,1671,30.681665513205434,al-Qadarif,76.23999972342666,519.527027027027,417.0,901.0,222,496.2162162162162,163.0,938.0,203.03152488565584,222,27.578263583483995,24.79572868347168,28.93285369873047,0.8383314332730359,59520.7698508045,1,0,1,14.149376889798804,35.107080846278166,1978.9046059665652,0.0,0,10.795976638793944,12.425824165344238,1,0,188.6973900412925,0.0,0,0,0,0,0,0.0
22,sudan,729023,Al Gedarif,1925,0.02841041825862976,0.01443882264815242,0.009564589616406603,743,30.681665513205434,al-Qadarif,76.23999972342666,519.527027027027,417.0,901.0,222,496.2162162162162,163.0,938.0,203.03152488565584,222,27.578263583483995,24.79572868347168,28.93285369873047,0.8383314332730359,59520.7698508045,1,0,1,14.149376889798804,35.107080846278166,1978.9046059665652,0.0,0,10.795976638793944,12.425824165344238,1,0,188.6973900412925,0.0,0,0,0,0,0,0.0
22,sudan,729023,Al Gedarif,1915,0.024178443725523583,0.024178443725523583,0.024178443725523583,99,30.681665513205434,al-Qadarif,76.23999972342666,519.527027027027,417.0,901.0,222,496.2162162162162,163.0,938.0,203.03152488565584,222,27.578263583483995,24.79572868347168,28.93285369873047,0.8383314332730359,59520.7698508045,1,0,1,14.149376889798804,35.107080846278166,1978.9046059665652,0.0,0,10.795976638793944,12.425824165344238,1,0,188.6973900412925,0.0,0,0,0,0,0,0.0
22,sudan,729031,Khartoum,1975,0.6535901392784614,0.5188987175359322,0.2591081988648183,30040,44.48917362915606,Omdurman,46.30994533914215,432.9340659340659,339.0,565.0,91,123.2967032967033,70.0,185.0,31.55650592278594,91,29.034210666195374,28.172456741333008,29.69785499572754,0.3530650415230091,21223.798581104948,1,0,0,15.850529578405132,32.842970156696545,0.0,0.0,1,12.99270725250244,20.162033081054688,1,1,27.127790949186856,0.1726711829076514,0,9,9,9,9,0.0004240522715859
22,sudan,729031,Khartoum,1965,0.5594014249373086,0.4417038240360462,0.1895373372277854,17204,44.48917362915606,Omdurman,46.30994533914215,432.9340659340659,339.0,565.0,91,123.2967032967033,70.0,185.0,31.55650592278594,91,29.034210666195374,28.172456741333008,29.69785499572754,0.3530650415230091,21223.798581104948,1,0,0,15.850529578405132,32.842970156696545,0.0,0.0,1,12.99270725250244,20.162033081054688,1,1,27.127790949186856,0.1726711829076514,0,9,9,9,9,0.0004240522715859
22,sudan,729031,Khartoum,1955,0.4405617024645601,0.33629913866525935,0.16178791740056944,9354,44.48917362915606,Omdurman,46.30994533914215,432.9340659340659,339.0,565.0,91,123.2967032967033,70.0,185.0,31.55650592278594,91,29.034210666195374,28.172456741333008,29.69785499572754,0.3530650415230091,21223.798581104948,1,0,0,15.850529578405132,32.842970156696545,0.0,0.0,1,12.99270725250244,20.162033081054688,1,1,27.127790949186856,0.1726711829076514,0,9,9,9,9,0.0004240522715859
22,sudan,729031,Khartoum,1945,0.3128914179674825,0.23357387588147535,0.12574001918262015,5299,44.48917362915606,Omdurman,46.30994533914215,432.9340659340659,339.0,565.0,91,123.2967032967033,70.0,185.0,31.55650592278594,91,29.034210666195374,28.172456741333008,29.69785499572754,0.3530650415230091,21223.798581104948,1,0,0,15.850529578405132,32.842970156696545,0.0,0.0,1,12.99270725250244,20.162033081054688,1,1,27.127790949186856,0.1726711829076514,0,9,9,9,9,0.0004240522715859
22,sudan,729031,Khartoum,1935,0.184042785581972,0.13157304409071333,0.06405461894703296,2791,44.48917362915606,Omdurman,46.30994533914215,432.9340659340659,339.0,565.0,91,123.2967032967033,70.0,185.0,31.55650592278594,91,29.034210666195374,28.172456741333008,29.69785499572754,0.3530650415230091,21223.798581104948,1,0,0,15.850529578405132,32.842970156696545,0.0,0.0,1,12.99270725250244,20.162033081054688,1,1,27.127790949186856,0.1726711829076514,0,9,9,9,9,0.0004240522715859
22,sudan,729031,Khartoum,1925,0.14656036957788904,0.10627174546626263,0.06304239211895427,1005,44.48917362915606,Omdurman,46.30994533914215,432.9340659340659,339.0,565.0,91,123.2967032967033,70.0,185.0,31.55650592278594,91,29.034210666195374,28.172456741333008,29.69785499572754,0.3530650415230091,21223.798581104948,1,0,0,15.850529578405132,32.842970156696545,0.0,0.0,1,12.99270725250244,20.162033081054688,1,1,27.127790949186856,0.1726711829076514,0,9,9,9,9,0.0004240522715859
22,sudan,729031,Khartoum,1915,0.06373323451203734,0.05627612750547743,0.035933243613998814,140,44.48917362915606,Omdurman,46.30994533914215,432.9340659340659,339.0,565.0,91,123.2967032967033,70.0,185.0,31.55650592278594,91,29.034210666195374,28.172456741333008,29.69785499572754,0.3530650415230091,21223.798581104948,1,0,0,15.850529578405132,32.842970156696545,0.0,0.0,1,12.99270725250244,20.162033081054688,1,1,27.127790949186856,0.1726711829076514,0,9,9,9,9,0.0004240522715859
22,sudan,729041,Al Gezira,1975,0.49833673898995084,0.3373004705400542,0.13960876070199799,41602,130.4388677467665,Khartoum,18.960394791372853,413.14814814814815,388.0,465.0,108,256.8425925925926,142.0,411.0,60.782423451898254,108,28.65012516798797,27.75908088684082,29.45097923278809,0.4094358300672897,27153.88526273974,1,0,0,14.588264881895658,33.27345865735099,653.0627727102726,0.0,0,7.391631126403809,8.612844467163086,1,1,44.64786923324909,0.0701038455933647,0,1,1,1,1,3.682714242636165e-05
22,sudan,729041,Al Gezira,1965,0.41149064117344,0.27219566261351547,0.08782926960493061,28269,130.4388677467665,Khartoum,18.960394791372853,413.14814814814815,388.0,465.0,108,256.8425925925926,142.0,411.0,60.782423451898254,108,28.65012516798797,27.75908088684082,29.45097923278809,0.4094358300672897,27153.88526273974,1,0,0,14.588264881895658,33.27345865735099,653.0627727102726,0.0,0,7.391631126403809,8.612844467163086,1,1,44.64786923324909,0.0701038455933647,0,1,1,1,1,3.682714242636165e-05
22,sudan,729041,Al Gezira,1955,0.2582858826517955,0.18018417724913832,0.07618848341241162,17068,130.4388677467665,Khartoum,18.960394791372853,413.14814814814815,388.0,465.0,108,256.8425925925926,142.0,411.0,60.782423451898254,108,28.65012516798797,27.75908088684082,29.45097923278809,0.4094358300672897,27153.88526273974,1,0,0,14.588264881895658,33.27345865735099,653.0627727102726,0.0,0,7.391631126403809,8.612844467163086,1,1,44.64786923324909,0.0701038455933647,0,1,1,1,1,3.682714242636165e-05
22,sudan,729041,Al Gezira,1945,0.14115445349587816,0.08896875535776133,0.04642223320889583,10186,130.4388677467665,Khartoum,18.960394791372853,413.14814814814815,388.0,465.0,108,256.8425925925926,142.0,411.0,60.782423451898254,108,28.65012516798797,27.75908088684082,29.45097923278809,0.4094358300672897,27153.88526273974,1,0,0,14.588264881895658,33.27345865735099,653.0627727102726,0.0,0,7.391631126403809,8.612844467163086,1,1,44.64786923324909,0.0701038455933647,0,1,1,1,1,3.682714242636165e-05
22,sudan,729041,Al Gezira,1935,0.06844897085571923,0.04476850237409954,0.024779364765899554,5660,130.4388677467665,Khartoum,18.960394791372853,413.14814814814815,388.0,465.0,108,256.8425925925926,142.0,411.0,60.782423451898254,108,28.65012516798797,27.75908088684082,29.45097923278809,0.4094358300672897,27153.88526273974,1,0,0,14.588264881895658,33.27345865735099,653.0627727102726,0.0,0,7.391631126403809,8.612844467163086,1,1,44.64786923324909,0.0701038455933647,0,1,1,1,1,3.682714242636165e-05
22,sudan,729041,Al Gezira,1925,0.046110740330594605,0.03469021542469258,0.0119857893820197,2111,130.4388677467665,Khartoum,18.960394791372853,413.14814814814815,388.0,465.0,108,256.8425925925926,142.0,411.0,60.782423451898254,108,28.65012516798797,27.75908088684082,29.45097923278809,0.4094358300672897,27153.88526273974,1,0,0,14.588264881895658,33.27345865735099,653.0627727102726,0.0,0,7.391631126403809,8.612844467163086,1,1,44.64786923324909,0.0701038455933647,0,1,1,1,1,3.682714242636165e-05
22,sudan,729041,Al Gezira,1915,0.033540713270148875,0.027336274906085437,0.015308992337023961,325,130.4388677467665,Khartoum,18.960394791372853,413.14814814814815,388.0,465.0,108,256.8425925925926,142.0,411.0,60.782423451898254,108,28.65012516798797,27.75908088684082,29.45097923278809,0.4094358300672897,27153.88526273974,1,0,0,14.588264881895658,33.27345865735099,653.0627727102726,0.0,0,7.391631126403809,8.612844467163086,1,1,44.64786923324909,0.0701038455933647,0,1,1,1,1,3.682714242636165e-05
22,sudan,729042,White Nile,1975,0.3699554529647709,0.24220546411697816,0.09798579635036632,23044,228.25267695749417,al-Ubayd,21.179895078955315,405.5933333333333,383.0,526.0,150,305.99333333333334,135.0,502.0,97.9624075290562,150,28.72140382130941,27.77704429626465,29.508209228515625,0.5043612316783714,37925.171735271775,1,0,1,13.357077133335633,32.31691346229558,1274.1876384520428,0.0,0,9.198909759521484,11.115537643432615,1,0,145.97971738199178,0.0,0,0,0,0,0,0.0
22,sudan,729042,White Nile,1965,0.30146413266977035,0.1960019747905222,0.0719540816284862,15079,228.25267695749417,al-Ubayd,21.179895078955315,405.5933333333333,383.0,526.0,150,305.99333333333334,135.0,502.0,97.9624075290562,150,28.72140382130941,27.77704429626465,29.508209228515625,0.5043612316783714,37925.171735271775,1,0,1,13.357077133335633,32.31691346229558,1274.1876384520428,0.0,0,9.198909759521484,11.115537643432615,1,0,145.97971738199178,0.0,0,0,0,0,0,0.0
22,sudan,729042,White Nile,1955,0.1902660025379734,0.12946512709908536,0.0540285820046912,9260,228.25267695749417,al-Ubayd,21.179895078955315,405.5933333333333,383.0,526.0,150,305.99333333333334,135.0,502.0,97.9624075290562,150,28.72140382130941,27.77704429626465,29.508209228515625,0.5043612316783714,37925.171735271775,1,0,1,13.357077133335633,32.31691346229558,1274.1876384520428,0.0,0,9.198909759521484,11.115537643432615,1,0,145.97971738199178,0.0,0,0,0,0,0,0.0
22,sudan,729042,White Nile,1945,0.09279419177704867,0.05689494357006709,0.029222747454724328,5651,228.25267695749417,al-Ubayd,21.179895078955315,405.5933333333333,383.0,526.0,150,305.99333333333334,135.0,502.0,97.9624075290562,150,28.72140382130941,27.77704429626465,29.508209228515625,0.5043612316783714,37925.171735271775,1,0,1,13.357077133335633,32.31691346229558,1274.1876384520428,0.0,0,9.198909759521484,11.115537643432615,1,0,145.97971738199178,0.0,0,0,0,0,0,0.0
22,sudan,729042,White Nile,1935,0.04563029291994025,0.024692045334677278,0.011717188291536928,3330,228.25267695749417,al-Ubayd,21.179895078955315,405.5933333333333,383.0,526.0,150,305.99333333333334,135.0,502.0,97.9624075290562,150,28.72140382130941,27.77704429626465,29.508209228515625,0.5043612316783714,37925.171735271775,1,0,1,13.357077133335633,32.31691346229558,1274.1876384520428,0.0,0,9.198909759521484,11.115537643432615,1,0,145.97971738199178,0.0,0,0,0,0,0,0.0
22,sudan,729042,White Nile,1925,0.030583937847072834,0.018789898322090236,0.007508318120129768,1344,228.25267695749417,al-Ubayd,21.179895078955315,405.5933333333333,383.0,526.0,150,305.99333333333334,135.0,502.0,97.9624075290562,150,28.72140382130941,27.77704429626465,29.508209228515625,0.5043612316783714,37925.171735271775,1,0,1,13.357077133335633,32.31691346229558,1274.1876384520428,0.0,0,9.198909759521484,11.115537643432615,1,0,145.97971738199178,0.0,0,0,0,0,0,0.0
22,sudan,729042,White Nile,1915,0.006281833616298811,0.006281833616298811,0.006281833616298811,213,228.25267695749417,al-Ubayd,21.179895078955315,405.5933333333333,383.0,526.0,150,305.99333333333334,135.0,502.0,97.9624075290562,150,28.72140382130941,27.77704429626465,29.508209228515625,0.5043612316783714,37925.171735271775,1,0,1,13.357077133335633,32.31691346229558,1274.1876384520428,0.0,0,9.198909759521484,11.115537643432615,1,0,145.97971738199178,0.0,0,0,0,0,0,0.0
22,sudan,729043,Sinnar,1975,0.3195141854045621,0.19964799655045415,0.07265139599475319,16711,190.4147067375201,al-Qadarif,36.57183374452941,458.53125,400.0,608.0,160,551.30625,290.0,931.0,162.24468392196246,160,28.34179692268372,27.575584411621094,29.1268367767334,0.3473859637199829,39211.409736337686,1,0,1,12.906359997650725,34.04145876898272,2466.741924659242,0.0,0,7.798979759216309,9.251121520996094,1,0,161.24166242982346,0.001595578483248,0,0,0,0,0,0.0
22,sudan,729043,Sinnar,1965,0.25996363598724753,0.15509393360809265,0.0494138893284673,10171,190.4147067375201,al-Qadarif,36.57183374452941,458.53125,400.0,608.0,160,551.30625,290.0,931.0,162.24468392196246,160,28.34179692268372,27.575584411621094,29.1268367767334,0.3473859637199829,39211.409736337686,1,0,1,12.906359997650725,34.04145876898272,2466.741924659242,0.0,0,7.798979759216309,9.251121520996094,1,0,161.24166242982346,0.001595578483248,0,0,0,0,0,0.0
22,sudan,729043,Sinnar,1955,0.14007429309243016,0.09345331741715818,0.03538648295185093,5847,190.4147067375201,al-Qadarif,36.57183374452941,458.53125,400.0,608.0,160,551.30625,290.0,931.0,162.24468392196246,160,28.34179692268372,27.575584411621094,29.1268367767334,0.3473859637199829,39211.409736337686,1,0,1,12.906359997650725,34.04145876898272,2466.741924659242,0.0,0,7.798979759216309,9.251121520996094,1,0,161.24166242982346,0.001595578483248,0,0,0,0,0,0.0
22,sudan,729043,Sinnar,1945,0.060505546010040816,0.03391223768513582,0.01929139077311608,3591,190.4147067375201,al-Qadarif,36.57183374452941,458.53125,400.0,608.0,160,551.30625,290.0,931.0,162.24468392196246,160,28.34179692268372,27.575584411621094,29.1268367767334,0.3473859637199829,39211.409736337686,1,0,1,12.906359997650725,34.04145876898272,2466.741924659242,0.0,0,7.798979759216309,9.251121520996094,1,0,161.24166242982346,0.001595578483248,0,0,0,0,0,0.0
22,sudan,729043,Sinnar,1935,0.02495666627356654,0.017242817949396888,0.008231182927290569,2011,190.4147067375201,al-Qadarif,36.57183374452941,458.53125,400.0,608.0,160,551.30625,290.0,931.0,162.24468392196246,160,28.34179692268372,27.575584411621094,29.1268367767334,0.3473859637199829,39211.409736337686,1,0,1,12.906359997650725,34.04145876898272,2466.741924659242,0.0,0,7.798979759216309,9.251121520996094,1,0,161.24166242982346,0.001595578483248,0,0,0,0,0,0.0
22,sudan,729043,Sinnar,1925,0.018738053537653,0.01488143233786252,0.008034523322869826,893,190.4147067375201,al-Qadarif,36.57183374452941,458.53125,400.0,608.0,160,551.30625,290.0,931.0,162.24468392196246,160,28.34179692268372,27.575584411621094,29.1268367767334,0.3473859637199829,39211.409736337686,1,0,1,12.906359997650725,34.04145876898272,2466.741924659242,0.0,0,7.798979759216309,9.251121520996094,1,0,161.24166242982346,0.001595578483248,0,0,0,0,0,0.0
22,sudan,729043,Sinnar,1915,0.0,0.0,0.0,111,190.4147067375201,al-Qadarif,36.57183374452941,458.53125,400.0,608.0,160,551.30625,290.0,931.0,162.24468392196246,160,28.34179692268372,27.575584411621094,29.1268367767334,0.3473859637199829,39211.409736337686,1,0,1,12.906359997650725,34.04145876898272,2466.741924659242,0.0,0,7.798979759216309,9.251121520996094,1,0,161.24166242982346,0.001595578483248,0,0,0,0,0,0.0
22,sudan,729044,Blue Nile,1975,0.13240252528176152,0.08728769158164192,0.03299911304114057,9942,332.5212293588156,al-Qadarif,117.75273855293636,564.6598639455782,422.0,1068.0,147,750.2993197278912,551.0,1110.0,128.2003329702653,147,27.841307711439068,24.42072868347168,28.79927635192871,0.767149209493201,37887.29984462366,1,0,1,11.2990616639913,34.12826528750314,3507.951742621528,0.0,0,11.362318992614746,16.52988052368164,1,0,193.0047612287697,0.0,0,0,0,0,0,0.0
22,sudan,729044,Blue Nile,1965,0.101519165877076,0.062051977062801515,0.021972945767432882,6086,332.5212293588156,al-Qadarif,117.75273855293636,564.6598639455782,422.0,1068.0,147,750.2993197278912,551.0,1110.0,128.2003329702653,147,27.841307711439068,24.42072868347168,28.79927635192871,0.767149209493201,37887.29984462366,1,0,1,11.2990616639913,34.12826528750314,3507.951742621528,0.0,0,11.362318992614746,16.52988052368164,1,0,193.0047612287697,0.0,0,0,0,0,0,0.0
22,sudan,729044,Blue Nile,1955,0.05269872731914887,0.02701419983131138,0.012447468837741619,3447,332.5212293588156,al-Qadarif,117.75273855293636,564.6598639455782,422.0,1068.0,147,750.2993197278912,551.0,1110.0,128.2003329702653,147,27.841307711439068,24.42072868347168,28.79927635192871,0.767149209493201,37887.29984462366,1,0,1,11.2990616639913,34.12826528750314,3507.951742621528,0.0,0,11.362318992614746,16.52988052368164,1,0,193.0047612287697,0.0,0,0,0,0,0,0.0
22,sudan,729044,Blue Nile,1945,0.02220420798893858,0.011355085010186538,0.003985292228251892,2125,332.5212293588156,al-Qadarif,117.75273855293636,564.6598639455782,422.0,1068.0,147,750.2993197278912,551.0,1110.0,128.2003329702653,147,27.841307711439068,24.42072868347168,28.79927635192871,0.767149209493201,37887.29984462366,1,0,1,11.2990616639913,34.12826528750314,3507.951742621528,0.0,0,11.362318992614746,16.52988052368164,1,0,193.0047612287697,0.0,0,0,0,0,0,0.0
22,sudan,729044,Blue Nile,1935,0.01209288007919071,0.005521821708233741,0.002307717070265659,1262,332.5212293588156,al-Qadarif,117.75273855293636,564.6598639455782,422.0,1068.0,147,750.2993197278912,551.0,1110.0,128.2003329702653,147,27.841307711439068,24.42072868347168,28.79927635192871,0.767149209493201,37887.29984462366,1,0,1,11.2990616639913,34.12826528750314,3507.951742621528,0.0,0,11.362318992614746,16.52988052368164,1,0,193.0047612287697,0.0,0,0,0,0,0,0.0
22,sudan,729044,Blue Nile,1925,0.015319811058627397,0.007702139483189775,0.0,546,332.5212293588156,al-Qadarif,117.75273855293636,564.6598639455782,422.0,1068.0,147,750.2993197278912,551.0,1110.0,128.2003329702653,147,27.841307711439068,24.42072868347168,28.79927635192871,0.767149209493201,37887.29984462366,1,0,1,11.2990616639913,34.12826528750314,3507.951742621528,0.0,0,11.362318992614746,16.52988052368164,1,0,193.0047612287697,0.0,0,0,0,0,0,0.0
22,sudan,729044,Blue Nile,1915,0.01850668937861528,0.01850668937861528,0.01850668937861528,67,332.5212293588156,al-Qadarif,117.75273855293636,564.6598639455782,422.0,1068.0,147,750.2993197278912,551.0,1110.0,128.2003329702653,147,27.841307711439068,24.42072868347168,28.79927635192871,0.767149209493201,37887.29984462366,1,0,1,11.2990616639913,34.12826528750314,3507.951742621528,0.0,0,11.362318992614746,16.52988052368164,1,0,193.0047612287697,0.0,0,0,0,0,0,0.0
22,sudan,729051,North Kordofan,1975,0.2142343608412671,0.1303131884278244,0.04514204555124519,81757,161.12623466870946,al-Ubayd,93.83496342829964,534.8056580565806,339.0,840.0,813,212.69126691266916,70.0,510.0,106.60335321922628,813,27.17851093569072,24.402143478393555,29.40694236755371,1.0403254217570288,239718.8209290612,0,0,0,14.400014691938493,29.41551727988288,886.713102887932,0.00117895241407,0,9.686012268066406,12.065693855285645,1,0,292.7950327461568,0.0,0,0,0,0,0,0.0
22,sudan,729051,North Kordofan,1965,0.1754058225054843,0.11243145273511947,0.04107127270367519,49862,161.12623466870946,al-Ubayd,93.83496342829964,534.8056580565806,339.0,840.0,813,212.69126691266916,70.0,510.0,106.60335321922628,813,27.17851093569072,24.402143478393555,29.40694236755371,1.0403254217570288,239718.8209290612,0,0,0,14.400014691938493,29.41551727988288,886.713102887932,0.00117895241407,0,9.686012268066406,12.065693855285645,1,0,292.7950327461568,0.0,0,0,0,0,0,0.0
22,sudan,729051,North Kordofan,1955,0.10264522176426355,0.06793679523710247,0.030813112743383074,29993,161.12623466870946,al-Ubayd,93.83496342829964,534.8056580565806,339.0,840.0,813,212.69126691266916,70.0,510.0,106.60335321922628,813,27.17851093569072,24.402143478393555,29.40694236755371,1.0403254217570288,239718.8209290612,0,0,0,14.400014691938493,29.41551727988288,886.713102887932,0.00117895241407,0,9.686012268066406,12.065693855285645,1,0,292.7950327461568,0.0,0,0,0,0,0,0.0
22,sudan,729051,North Kordofan,1945,0.04562241841222631,0.028417392876107447,0.01380311879269838,20858,161.12623466870946,al-Ubayd,93.83496342829964,534.8056580565806,339.0,840.0,813,212.69126691266916,70.0,510.0,106.60335321922628,813,27.17851093569072,24.402143478393555,29.40694236755371,1.0403254217570288,239718.8209290612,0,0,0,14.400014691938493,29.41551727988288,886.713102887932,0.00117895241407,0,9.686012268066406,12.065693855285645,1,0,292.7950327461568,0.0,0,0,0,0,0,0.0
22,sudan,729051,North Kordofan,1935,0.01880282518287608,0.0114947662908982,0.006168474041309626,11820,161.12623466870946,al-Ubayd,93.83496342829964,534.8056580565806,339.0,840.0,813,212.69126691266916,70.0,510.0,106.60335321922628,813,27.17851093569072,24.402143478393555,29.40694236755371,1.0403254217570288,239718.8209290612,0,0,0,14.400014691938493,29.41551727988288,886.713102887932,0.00117895241407,0,9.686012268066406,12.065693855285645,1,0,292.7950327461568,0.0,0,0,0,0,0,0.0
22,sudan,729051,North Kordofan,1925,0.02323410409020038,0.014787581128425542,0.005598267287152596,4366,161.12623466870946,al-Ubayd,93.83496342829964,534.8056580565806,339.0,840.0,813,212.69126691266916,70.0,510.0,106.60335321922628,813,27.17851093569072,24.402143478393555,29.40694236755371,1.0403254217570288,239718.8209290612,0,0,0,14.400014691938493,29.41551727988288,886.713102887932,0.00117895241407,0,9.686012268066406,12.065693855285645,1,0,292.7950327461568,0.0,0,0,0,0,0,0.0
22,sudan,729051,North Kordofan,1915,0.01626472659470757,0.012405299945115945,0.0028745210175854523,615,161.12623466870946,al-Ubayd,93.83496342829964,534.8056580565806,339.0,840.0,813,212.69126691266916,70.0,510.0,106.60335321922628,813,27.17851093569072,24.402143478393555,29.40694236755371,1.0403254217570288,239718.8209290612,0,0,0,14.400014691938493,29.41551727988288,886.713102887932,0.00117895241407,0,9.686012268066406,12.065693855285645,1,0,292.7950327461568,0.0,0,0,0,0,0,0.0
22,sudan,729052,South Kordofan,1975,0.2431765964184707,0.14654303568806767,0.0505308084654823,33542,236.55644213706725,al-Ubayd,107.91995347031892,510.7651991614256,392.0,947.0,477,606.5807127882599,380.0,764.0,101.83361015060476,477,27.6613384062889,25.67533302307129,28.576128005981445,0.628543545527177,139867.45144221102,0,0,1,11.082135897334506,29.840007514267267,3155.962601368244,0.037736526235586,0,7.544491291046143,8.542008399963379,1,1,85.03057257884007,0.0298144704061941,0,0,0,2,2,1.4299252466370551e-05
22,sudan,729052,South Kordofan,1965,0.2136342848748819,0.12949405345108705,0.04621080905370787,20596,236.55644213706725,al-Ubayd,107.91995347031892,510.7651991614256,392.0,947.0,477,606.5807127882599,380.0,764.0,101.83361015060476,477,27.6613384062889,25.67533302307129,28.576128005981445,0.628543545527177,139867.45144221102,0,0,1,11.082135897334506,29.840007514267267,3155.962601368244,0.037736526235586,0,7.544491291046143,8.542008399963379,1,1,85.03057257884007,0.0298144704061941,0,0,0,2,2,1.4299252466370551e-05
22,sudan,729052,South Kordofan,1955,0.11446977978209019,0.07364415025333222,0.030723541194692325,12211,236.55644213706725,al-Ubayd,107.91995347031892,510.7651991614256,392.0,947.0,477,606.5807127882599,380.0,764.0,101.83361015060476,477,27.6613384062889,25.67533302307129,28.576128005981445,0.628543545527177,139867.45144221102,0,0,1,11.082135897334506,29.840007514267267,3155.962601368244,0.037736526235586,0,7.544491291046143,8.542008399963379,1,1,85.03057257884007,0.0298144704061941,0,0,0,2,2,1.4299252466370551e-05
22,sudan,729052,South Kordofan,1945,0.056275580530757235,0.029490125614533926,0.012908506948285365,7821,236.55644213706725,al-Ubayd,107.91995347031892,510.7651991614256,392.0,947.0,477,606.5807127882599,380.0,764.0,101.83361015060476,477,27.6613384062889,25.67533302307129,28.576128005981445,0.628543545527177,139867.45144221102,0,0,1,11.082135897334506,29.840007514267267,3155.962601368244,0.037736526235586,0,7.544491291046143,8.542008399963379,1,1,85.03057257884007,0.0298144704061941,0,0,0,2,2,1.4299252466370551e-05
22,sudan,729052,South Kordofan,1935,0.02345867692019343,0.009856477400598498,0.004768467727672756,4320,236.55644213706725,al-Ubayd,107.91995347031892,510.7651991614256,392.0,947.0,477,606.5807127882599,380.0,764.0,101.83361015060476,477,27.6613384062889,25.67533302307129,28.576128005981445,0.628543545527177,139867.45144221102,0,0,1,11.082135897334506,29.840007514267267,3155.962601368244,0.037736526235586,0,7.544491291046143,8.542008399963379,1,1,85.03057257884007,0.0298144704061941,0,0,0,2,2,1.4299252466370551e-05
22,sudan,729052,South Kordofan,1925,0.021941330365389557,0.00993858169860851,0.0011449815051706406,1712,236.55644213706725,al-Ubayd,107.91995347031892,510.7651991614256,392.0,947.0,477,606.5807127882599,380.0,764.0,101.83361015060476,477,27.6613384062889,25.67533302307129,28.576128005981445,0.628543545527177,139867.45144221102,0,0,1,11.082135897334506,29.840007514267267,3155.962601368244,0.037736526235586,0,7.544491291046143,8.542008399963379,1,1,85.03057257884007,0.0298144704061941,0,0,0,2,2,1.4299252466370551e-05
22,sudan,729052,South Kordofan,1915,0.017754722080418006,0.0,0.0,223,236.55644213706725,al-Ubayd,107.91995347031892,510.7651991614256,392.0,947.0,477,606.5807127882599,380.0,764.0,101.83361015060476,477,27.6613384062889,25.67533302307129,28.576128005981445,0.628543545527177,139867.45144221102,0,0,1,11.082135897334506,29.840007514267267,3155.962601368244,0.037736526235586,0,7.544491291046143,8.542008399963379,1,1,85.03057257884007,0.0298144704061941,0,0,0,2,2,1.4299252466370551e-05
22,sudan,729061,North Darfur,1975,0.26691193031074717,0.16928444469473428,0.06343080911578503,58825,603.2538809848432,al-Ubayd,182.8047480777832,730.3826335877862,465.0,1986.0,1048,143.7270992366412,10.0,568.0,116.71804101205797,1048,24.844050471109288,18.660728454589844,28.029165267944336,1.014838518476709,316238.8535618143,0,0,1,16.188195305827442,25.550449964345663,781.113935211656,0.0,0,6.757225513458252,11.083459854125977,0,0,683.4888524027488,0.0,0,0,0,0,0,0.0
22,sudan,729061,North Darfur,1965,0.18898370201900624,0.12128524943383505,0.049720357498799314,32221,603.2538809848432,al-Ubayd,182.8047480777832,730.3826335877862,465.0,1986.0,1048,143.7270992366412,10.0,568.0,116.71804101205797,1048,24.844050471109288,18.660728454589844,28.029165267944336,1.014838518476709,316238.8535618143,0,0,1,16.188195305827442,25.550449964345663,781.113935211656,0.0,0,6.757225513458252,11.083459854125977,0,0,683.4888524027488,0.0,0,0,0,0,0,0.0
22,sudan,729061,North Darfur,1955,0.10668571282978072,0.07183198112457438,0.033446684873785305,16012,603.2538809848432,al-Ubayd,182.8047480777832,730.3826335877862,465.0,1986.0,1048,143.7270992366412,10.0,568.0,116.71804101205797,1048,24.844050471109288,18.660728454589844,28.029165267944336,1.014838518476709,316238.8535618143,0,0,1,16.188195305827442,25.550449964345663,781.113935211656,0.0,0,6.757225513458252,11.083459854125977,0,0,683.4888524027488,0.0,0,0,0,0,0,0.0
22,sudan,729061,North Darfur,1945,0.07235883442994988,0.04204779533815518,0.01809026133760007,10042,603.2538809848432,al-Ubayd,182.8047480777832,730.3826335877862,465.0,1986.0,1048,143.7270992366412,10.0,568.0,116.71804101205797,1048,24.844050471109288,18.660728454589844,28.029165267944336,1.014838518476709,316238.8535618143,0,0,1,16.188195305827442,25.550449964345663,781.113935211656,0.0,0,6.757225513458252,11.083459854125977,0,0,683.4888524027488,0.0,0,0,0,0,0,0.0
22,sudan,729061,North Darfur,1935,0.06330511634918007,0.03685775261009205,0.01637543298403223,5758,603.2538809848432,al-Ubayd,182.8047480777832,730.3826335877862,465.0,1986.0,1048,143.7270992366412,10.0,568.0,116.71804101205797,1048,24.844050471109288,18.660728454589844,28.029165267944336,1.014838518476709,316238.8535618143,0,0,1,16.188195305827442,25.550449964345663,781.113935211656,0.0,0,6.757225513458252,11.083459854125977,0,0,683.4888524027488,0.0,0,0,0,0,0,0.0
22,sudan,729061,North Darfur,1925,0.04639537639483867,0.024952916207778102,0.01351007762436129,2534,603.2538809848432,al-Ubayd,182.8047480777832,730.3826335877862,465.0,1986.0,1048,143.7270992366412,10.0,568.0,116.71804101205797,1048,24.844050471109288,18.660728454589844,28.029165267944336,1.014838518476709,316238.8535618143,0,0,1,16.188195305827442,25.550449964345663,781.113935211656,0.0,0,6.757225513458252,11.083459854125977,0,0,683.4888524027488,0.0,0,0,0,0,0,0.0
22,sudan,729061,North Darfur,1915,0.03302061577848144,0.004699184800916256,0.0,370,603.2538809848432,al-Ubayd,182.8047480777832,730.3826335877862,465.0,1986.0,1048,143.7270992366412,10.0,568.0,116.71804101205797,1048,24.844050471109288,18.660728454589844,28.029165267944336,1.014838518476709,316238.8535618143,0,0,1,16.188195305827442,25.550449964345663,781.113935211656,0.0,0,6.757225513458252,11.083459854125977,0,0,683.4888524027488,0.0,0,0,0,0,0,0.0
22,sudan,729062,West Darfur,1975,0.1325710596383786,0.08304256894848602,0.030866884335038515,31189,776.9252206317816,al-Ubayd,232.9631668538549,874.0805687203791,528.0,1986.0,211,515.5308056872038,230.0,664.0,115.80614930514878,211,25.15225798258849,18.660728454589844,27.093061447143555,1.4425981222571589,53223.82854432111,0,0,1,12.869305903111192,23.051176975746635,2436.0813567013342,0.0,0,5.5,8.572164535522461,0,0,732.5523261021381,0.0,0,0,0,0,0,0.0
22,sudan,729062,West Darfur,1965,0.09440243221205714,0.05865874013964632,0.01968703088099591,18508,776.9252206317816,al-Ubayd,232.9631668538549,874.0805687203791,528.0,1986.0,211,515.5308056872038,230.0,664.0,115.80614930514878,211,25.15225798258849,18.660728454589844,27.093061447143555,1.4425981222571589,53223.82854432111,0,0,1,12.869305903111192,23.051176975746635,2436.0813567013342,0.0,0,5.5,8.572164535522461,0,0,732.5523261021381,0.0,0,0,0,0,0,0.0
22,sudan,729062,West Darfur,1955,0.047515667636210984,0.028435230036477452,0.014461473377782712,10400,776.9252206317816,al-Ubayd,232.9631668538549,874.0805687203791,528.0,1986.0,211,515.5308056872038,230.0,664.0,115.80614930514878,211,25.15225798258849,18.660728454589844,27.093061447143555,1.4425981222571589,53223.82854432111,0,0,1,12.869305903111192,23.051176975746635,2436.0813567013342,0.0,0,5.5,8.572164535522461,0,0,732.5523261021381,0.0,0,0,0,0,0,0.0
22,sudan,729062,West Darfur,1945,0.023898878834719018,0.010471185884467582,0.0032814081970178083,7338,776.9252206317816,al-Ubayd,232.9631668538549,874.0805687203791,528.0,1986.0,211,515.5308056872038,230.0,664.0,115.80614930514878,211,25.15225798258849,18.660728454589844,27.093061447143555,1.4425981222571589,53223.82854432111,0,0,1,12.869305903111192,23.051176975746635,2436.0813567013342,0.0,0,5.5,8.572164535522461,0,0,732.5523261021381,0.0,0,0,0,0,0,0.0
22,sudan,729062,West Darfur,1935,0.019849299423783443,0.010924135567150616,0.004794363706277894,4539,776.9252206317816,al-Ubayd,232.9631668538549,874.0805687203791,528.0,1986.0,211,515.5308056872038,230.0,664.0,115.80614930514878,211,25.15225798258849,18.660728454589844,27.093061447143555,1.4425981222571589,53223.82854432111,0,0,1,12.869305903111192,23.051176975746635,2436.0813567013342,0.0,0,5.5,8.572164535522461,0,0,732.5523261021381,0.0,0,0,0,0,0,0.0
22,sudan,729062,West Darfur,1925,0.01381070248148237,0.007918817411178478,0.005023974010670429,2028,776.9252206317816,al-Ubayd,232.9631668538549,874.0805687203791,528.0,1986.0,211,515.5308056872038,230.0,664.0,115.80614930514878,211,25.15225798258849,18.660728454589844,27.093061447143555,1.4425981222571589,53223.82854432111,0,0,1,12.869305903111192,23.051176975746635,2436.0813567013342,0.0,0,5.5,8.572164535522461,0,0,732.5523261021381,0.0,0,0,0,0,0,0.0
22,sudan,729062,West Darfur,1915,0.0,0.0,0.0,342,776.9252206317816,al-Ubayd,232.9631668538549,874.0805687203791,528.0,1986.0,211,515.5308056872038,230.0,664.0,115.80614930514878,211,25.15225798258849,18.660728454589844,27.093061447143555,1.4425981222571589,53223.82854432111,0,0,1,12.869305903111192,23.051176975746635,2436.0813567013342,0.0,0,5.5,8.572164535522461,0,0,732.5523261021381,0.0,0,0,0,0,0,0.0
22,sudan,729063,South Darfur,1975,0.16545256147484205,0.10261411119472484,0.034279896956588715,140426,578.1212840985224,al-Ubayd,202.91620588408472,567.3203661327232,410.0,1986.0,437,567.2562929061785,289.0,802.0,128.54577664711098,437,26.716161234700703,18.660728454589844,28.30256080627441,1.249484438174784,126493.24973831652,0,0,1,11.160148546772444,25.313574127144705,2727.381612507407,0.0326293609364148,0,8.18994426727295,9.94477081298828,1,0,426.7697209012934,0.0,0,0,0,0,0,0.0
22,sudan,729063,South Darfur,1965,0.12523785224501627,0.07285532245361252,0.026220576477970086,73786,578.1212840985224,al-Ubayd,202.91620588408472,567.3203661327232,410.0,1986.0,437,567.2562929061785,289.0,802.0,128.54577664711098,437,26.716161234700703,18.660728454589844,28.30256080627441,1.249484438174784,126493.24973831652,0,0,1,11.160148546772444,25.313574127144705,2727.381612507407,0.0326293609364148,0,8.18994426727295,9.94477081298828,1,0,426.7697209012934,0.0,0,0,0,0,0,0.0
22,sudan,729063,South Darfur,1955,0.07184928197838214,0.04135587323033893,0.02137599515631914,34338,578.1212840985224,al-Ubayd,202.91620588408472,567.3203661327232,410.0,1986.0,437,567.2562929061785,289.0,802.0,128.54577664711098,437,26.716161234700703,18.660728454589844,28.30256080627441,1.249484438174784,126493.24973831652,0,0,1,11.160148546772444,25.313574127144705,2727.381612507407,0.0326293609364148,0,8.18994426727295,9.94477081298828,1,0,426.7697209012934,0.0,0,0,0,0,0,0.0
22,sudan,729063,South Darfur,1945,0.03839216080747896,0.020194942723924917,0.008469830465959052,21422,578.1212840985224,al-Ubayd,202.91620588408472,567.3203661327232,410.0,1986.0,437,567.2562929061785,289.0,802.0,128.54577664711098,437,26.716161234700703,18.660728454589844,28.30256080627441,1.249484438174784,126493.24973831652,0,0,1,11.160148546772444,25.313574127144705,2727.381612507407,0.0326293609364148,0,8.18994426727295,9.94477081298828,1,0,426.7697209012934,0.0,0,0,0,0,0,0.0
22,sudan,729063,South Darfur,1935,0.02162494352911777,0.01037151551527744,0.002861122066294789,10455,578.1212840985224,al-Ubayd,202.91620588408472,567.3203661327232,410.0,1986.0,437,567.2562929061785,289.0,802.0,128.54577664711098,437,26.716161234700703,18.660728454589844,28.30256080627441,1.249484438174784,126493.24973831652,0,0,1,11.160148546772444,25.313574127144705,2727.381612507407,0.0326293609364148,0,8.18994426727295,9.94477081298828,1,0,426.7697209012934,0.0,0,0,0,0,0,0.0
22,sudan,729063,South Darfur,1925,0.017378806704259685,0.010303652524579853,0.004666241201661163,4025,578.1212840985224,al-Ubayd,202.91620588408472,567.3203661327232,410.0,1986.0,437,567.2562929061785,289.0,802.0,128.54577664711098,437,26.716161234700703,18.660728454589844,28.30256080627441,1.249484438174784,126493.24973831652,0,0,1,11.160148546772444,25.313574127144705,2727.381612507407,0.0326293609364148,0,8.18994426727295,9.94477081298828,1,0,426.7697209012934,0.0,0,0,0,0,0,0.0
22,sudan,729063,South Darfur,1915,0.00341359841062858,0.00341359841062858,0.0,515,578.1212840985224,al-Ubayd,202.91620588408472,567.3203661327232,410.0,1986.0,437,567.2562929061785,289.0,802.0,128.54577664711098,437,26.716161234700703,18.660728454589844,28.30256080627441,1.249484438174784,126493.24973831652,0,0,1,11.160148546772444,25.313574127144705,2727.381612507407,0.0326293609364148,0,8.18994426727295,9.94477081298828,1,0,426.7697209012934,0.0,0,0,0,0,0,0.0
23,zimbabwe,716000,Bulawayo,1975,0.9658074697527617,0.7553918990005261,0.20199894792214623,1901,5.461671424258299,Bulawayo,52.3473485284516,1331.428571428571,1241.0,1411.0,7,595.1428571428571,568.0,628.0,22.94358653884144,7,19.04735701424735,18.678895950317383,19.48316764831543,0.3114940846027725,545.7720529651846,0,0,0,-20.121770412371287,28.555676118173867,2633.189034598214,0.0,1,25.99696922302246,21.78125,1,0,15.289112737247253,0.8885739024099647,7,9,11,12,0,0.0
23,zimbabwe,716000,Bulawayo,1965,0.8970099667774086,0.5838870431893688,0.20348837209302326,1204,5.461671424258299,Bulawayo,52.3473485284516,1331.428571428571,1241.0,1411.0,7,595.1428571428571,568.0,628.0,22.94358653884144,7,19.04735701424735,18.678895950317383,19.48316764831543,0.3114940846027725,545.7720529651846,0,0,0,-20.121770412371287,28.555676118173867,2633.189034598214,0.0,1,25.99696922302246,21.78125,1,0,15.289112737247253,0.8885739024099647,7,9,11,12,0,0.0
23,zimbabwe,716000,Bulawayo,1955,0.7514705882352941,0.3264705882352941,0.12205882352941176,680,5.461671424258299,Bulawayo,52.3473485284516,1331.428571428571,1241.0,1411.0,7,595.1428571428571,568.0,628.0,22.94358653884144,7,19.04735701424735,18.678895950317383,19.48316764831543,0.3114940846027725,545.7720529651846,0,0,0,-20.121770412371287,28.555676118173867,2633.189034598214,0.0,1,25.99696922302246,21.78125,1,0,15.289112737247253,0.8885739024099647,7,9,11,12,0,0.0
23,zimbabwe,716000,Bulawayo,1945,0.6351931330472103,0.2703862660944206,0.1072961373390558,233,5.461671424258299,Bulawayo,52.3473485284516,1331.428571428571,1241.0,1411.0,7,595.1428571428571,568.0,628.0,22.94358653884144,7,19.04735701424735,18.678895950317383,19.48316764831543,0.3114940846027725,545.7720529651846,0,0,0,-20.121770412371287,28.555676118173867,2633.189034598214,0.0,1,25.99696922302246,21.78125,1,0,15.289112737247253,0.8885739024099647,7,9,11,12,0,0.0
23,zimbabwe,716000,Bulawayo,1935,0.5104166666666666,0.17708333333333334,0.09375,96,5.461671424258299,Bulawayo,52.3473485284516,1331.428571428571,1241.0,1411.0,7,595.1428571428571,568.0,628.0,22.94358653884144,7,19.04735701424735,18.678895950317383,19.48316764831543,0.3114940846027725,545.7720529651846,0,0,0,-20.121770412371287,28.555676118173867,2633.189034598214,0.0,1,25.99696922302246,21.78125,1,0,15.289112737247253,0.8885739024099647,7,9,11,12,0,0.0
23,zimbabwe,716000,Bulawayo,1925,0.21875,0.09375,0.03125,32,5.461671424258299,Bulawayo,52.3473485284516,1331.428571428571,1241.0,1411.0,7,595.1428571428571,568.0,628.0,22.94358653884144,7,19.04735701424735,18.678895950317383,19.48316764831543,0.3114940846027725,545.7720529651846,0,0,0,-20.121770412371287,28.555676118173867,2633.189034598214,0.0,1,25.99696922302246,21.78125,1,0,15.289112737247253,0.8885739024099647,7,9,11,12,0,0.0
23,zimbabwe,716001,Manicaland,1975,0.9096445853495745,0.5755881862172535,0.12030702486233939,11986,190.23919823008436,Harare,348.53201182797835,1003.4654088050314,207.0,1817.0,159,776.8867924528302,450.0,1237.0,189.9958616276249,159,19.464053213971216,14.97264575958252,23.693479537963867,1.953271530080003,35859.318778969915,0,0,1,-19.05578802159307,32.39850087169719,4045.9681225254526,0.0,1,6.870599269866943,11.179749488830566,1,1,24.92297770964933,0.3955154253855706,1,6,9,10,12,0.0003346410475326
23,zimbabwe,716001,Manicaland,1965,0.7531195703680303,0.4255251934923393,0.12983730848207234,6331,190.23919823008436,Harare,348.53201182797835,1003.4654088050314,207.0,1817.0,159,776.8867924528302,450.0,1237.0,189.9958616276249,159,19.464053213971216,14.97264575958252,23.693479537963867,1.953271530080003,35859.318778969915,0,0,1,-19.05578802159307,32.39850087169719,4045.9681225254526,0.0,1,6.870599269866943,11.179749488830566,1,1,24.92297770964933,0.3955154253855706,1,6,9,10,12,0.0003346410475326
23,zimbabwe,716001,Manicaland,1955,0.5180493983533883,0.13827316867215536,0.0593202448807262,4737,190.23919823008436,Harare,348.53201182797835,1003.4654088050314,207.0,1817.0,159,776.8867924528302,450.0,1237.0,189.9958616276249,159,19.464053213971216,14.97264575958252,23.693479537963867,1.953271530080003,35859.318778969915,0,0,1,-19.05578802159307,32.39850087169719,4045.9681225254526,0.0,1,6.870599269866943,11.179749488830566,1,1,24.92297770964933,0.3955154253855706,1,6,9,10,12,0.0003346410475326
23,zimbabwe,716001,Manicaland,1945,0.38650927487352443,0.08229342327150084,0.032715008431703205,2965,190.23919823008436,Harare,348.53201182797835,1003.4654088050314,207.0,1817.0,159,776.8867924528302,450.0,1237.0,189.9958616276249,159,19.464053213971216,14.97264575958252,23.693479537963867,1.953271530080003,35859.318778969915,0,0,1,-19.05578802159307,32.39850087169719,4045.9681225254526,0.0,1,6.870599269866943,11.179749488830566,1,1,24.92297770964933,0.3955154253855706,1,6,9,10,12,0.0003346410475326
23,zimbabwe,716001,Manicaland,1935,0.23693143245078072,0.04344874405974202,0.018329938900203666,1473,190.23919823008436,Harare,348.53201182797835,1003.4654088050314,207.0,1817.0,159,776.8867924528302,450.0,1237.0,189.9958616276249,159,19.464053213971216,14.97264575958252,23.693479537963867,1.953271530080003,35859.318778969915,0,0,1,-19.05578802159307,32.39850087169719,4045.9681225254526,0.0,1,6.870599269866943,11.179749488830566,1,1,24.92297770964933,0.3955154253855706,1,6,9,10,12,0.0003346410475326
23,zimbabwe,716001,Manicaland,1925,0.16150442477876106,0.024336283185840708,0.008849557522123894,452,190.23919823008436,Harare,348.53201182797835,1003.4654088050314,207.0,1817.0,159,776.8867924528302,450.0,1237.0,189.9958616276249,159,19.464053213971216,14.97264575958252,23.693479537963867,1.953271530080003,35859.318778969915,0,0,1,-19.05578802159307,32.39850087169719,4045.9681225254526,0.0,1,6.870599269866943,11.179749488830566,1,1,24.92297770964933,0.3955154253855706,1,6,9,10,12,0.0003346410475326
23,zimbabwe,716002,Mashonaland Central,1975,0.8350202429149798,0.4330537883169462,0.060584152689415846,6916,131.17011623992238,Harare,349.45462676227714,882.7107438016529,349.0,1507.0,121,783.8264462809917,642.0,925.0,74.20595392631836,121,20.601099329546464,15.653228759765623,24.95178985595703,2.1610323798423674,28136.389256507307,1,0,1,-16.69825259623452,31.192889005355877,3606.613526090168,0.0,1,6.214074611663818,8.938115119934082,1,1,85.11001517653554,0.0746149925058144,0,0,0,2,1,3.554116311383907e-05
23,zimbabwe,716002,Mashonaland Central,1965,0.6143769968051118,0.3194888178913738,0.06421725239616613,3130,131.17011623992238,Harare,349.45462676227714,882.7107438016529,349.0,1507.0,121,783.8264462809917,642.0,925.0,74.20595392631836,121,20.601099329546464,15.653228759765623,24.95178985595703,2.1610323798423674,28136.389256507307,1,0,1,-16.69825259623452,31.192889005355877,3606.613526090168,0.0,1,6.214074611663818,8.938115119934082,1,1,85.11001517653554,0.0746149925058144,0,0,0,2,1,3.554116311383907e-05
23,zimbabwe,716002,Mashonaland Central,1955,0.3567073170731707,0.09843205574912892,0.03048780487804878,2296,131.17011623992238,Harare,349.45462676227714,882.7107438016529,349.0,1507.0,121,783.8264462809917,642.0,925.0,74.20595392631836,121,20.601099329546464,15.653228759765623,24.95178985595703,2.1610323798423674,28136.389256507307,1,0,1,-16.69825259623452,31.192889005355877,3606.613526090168,0.0,1,6.214074611663818,8.938115119934082,1,1,85.11001517653554,0.0746149925058144,0,0,0,2,1,3.554116311383907e-05
23,zimbabwe,716002,Mashonaland Central,1945,0.2290852228303362,0.04143862392494136,0.014855355746677092,1279,131.17011623992238,Harare,349.45462676227714,882.7107438016529,349.0,1507.0,121,783.8264462809917,642.0,925.0,74.20595392631836,121,20.601099329546464,15.653228759765623,24.95178985595703,2.1610323798423674,28136.389256507307,1,0,1,-16.69825259623452,31.192889005355877,3606.613526090168,0.0,1,6.214074611663818,8.938115119934082,1,1,85.11001517653554,0.0746149925058144,0,0,0,2,1,3.554116311383907e-05
23,zimbabwe,716002,Mashonaland Central,1935,0.13414634146341464,0.027439024390243903,0.009146341463414634,656,131.17011623992238,Harare,349.45462676227714,882.7107438016529,349.0,1507.0,121,783.8264462809917,642.0,925.0,74.20595392631836,121,20.601099329546464,15.653228759765623,24.95178985595703,2.1610323798423674,28136.389256507307,1,0,1,-16.69825259623452,31.192889005355877,3606.613526090168,0.0,1,6.214074611663818,8.938115119934082,1,1,85.11001517653554,0.0746149925058144,0,0,0,2,1,3.554116311383907e-05
23,zimbabwe,716002,Mashonaland Central,1925,0.08962264150943396,0.0047169811320754715,0.0047169811320754715,212,131.17011623992238,Harare,349.45462676227714,882.7107438016529,349.0,1507.0,121,783.8264462809917,642.0,925.0,74.20595392631836,121,20.601099329546464,15.653228759765623,24.95178985595703,2.1610323798423674,28136.389256507307,1,0,1,-16.69825259623452,31.192889005355877,3606.613526090168,0.0,1,6.214074611663818,8.938115119934082,1,1,85.11001517653554,0.0746149925058144,0,0,0,2,1,3.554116311383907e-05
23,zimbabwe,716003,Mashonaland East,1975,0.9318235156066651,0.608777282328092,0.10302745834311194,8522,64.8561291827544,Harare,284.252914303338,1190.0615384615385,481.0,1566.0,130,755.776923076923,629.0,898.0,75.79225304278647,130,19.10581295306866,16.8402099609375,23.409353256225582,1.4973234409415404,32162.393111493835,0,0,1,-17.976523602678,31.69765124350873,3736.863406737039,0.0,1,6.564980983734131,9.131061553955078,1,1,23.813108342148187,0.3906412751832544,1,4,9,15,9,0.0002798299233766
23,zimbabwe,716003,Mashonaland East,1965,0.7869062901155327,0.44373127941805734,0.11424903722721438,4674,64.8561291827544,Harare,284.252914303338,1190.0615384615385,481.0,1566.0,130,755.776923076923,629.0,898.0,75.79225304278647,130,19.10581295306866,16.8402099609375,23.409353256225582,1.4973234409415404,32162.393111493835,0,0,1,-17.976523602678,31.69765124350873,3736.863406737039,0.0,1,6.564980983734131,9.131061553955078,1,1,23.813108342148187,0.3906412751832544,1,4,9,15,9,0.0002798299233766
23,zimbabwe,716003,Mashonaland East,1955,0.5277855347668249,0.14716559620217817,0.05780508237922368,3581,64.8561291827544,Harare,284.252914303338,1190.0615384615385,481.0,1566.0,130,755.776923076923,629.0,898.0,75.79225304278647,130,19.10581295306866,16.8402099609375,23.409353256225582,1.4973234409415404,32162.393111493835,0,0,1,-17.976523602678,31.69765124350873,3736.863406737039,0.0,1,6.564980983734131,9.131061553955078,1,1,23.813108342148187,0.3906412751832544,1,4,9,15,9,0.0002798299233766
23,zimbabwe,716003,Mashonaland East,1945,0.37221431958274065,0.07396870554765292,0.028923660502607872,2109,64.8561291827544,Harare,284.252914303338,1190.0615384615385,481.0,1566.0,130,755.776923076923,629.0,898.0,75.79225304278647,130,19.10581295306866,16.8402099609375,23.409353256225582,1.4973234409415404,32162.393111493835,0,0,1,-17.976523602678,31.69765124350873,3736.863406737039,0.0,1,6.564980983734131,9.131061553955078,1,1,23.813108342148187,0.3906412751832544,1,4,9,15,9,0.0002798299233766
23,zimbabwe,716003,Mashonaland East,1935,0.2364620938628159,0.039711191335740074,0.013537906137184115,1108,64.8561291827544,Harare,284.252914303338,1190.0615384615385,481.0,1566.0,130,755.776923076923,629.0,898.0,75.79225304278647,130,19.10581295306866,16.8402099609375,23.409353256225582,1.4973234409415404,32162.393111493835,0,0,1,-17.976523602678,31.69765124350873,3736.863406737039,0.0,1,6.564980983734131,9.131061553955078,1,1,23.813108342148187,0.3906412751832544,1,4,9,15,9,0.0002798299233766
23,zimbabwe,716003,Mashonaland East,1925,0.13577023498694518,0.015665796344647518,0.0,383,64.8561291827544,Harare,284.252914303338,1190.0615384615385,481.0,1566.0,130,755.776923076923,629.0,898.0,75.79225304278647,130,19.10581295306866,16.8402099609375,23.409353256225582,1.4973234409415404,32162.393111493835,0,0,1,-17.976523602678,31.69765124350873,3736.863406737039,0.0,1,6.564980983734131,9.131061553955078,1,1,23.813108342148187,0.3906412751832544,1,4,9,15,9,0.0002798299233766
23,zimbabwe,716004,Mashonaland West,1975,0.8686189157103285,0.5151035483445455,0.08257485819812689,7581,166.16489036006186,Harare,299.0728565659719,952.606334841629,384.0,1486.0,221,764.0859728506788,665.0,889.0,41.78718797977655,221,21.24695238484517,17.771520614624023,25.006500244140625,2.074339020767508,57589.99880086654,1,0,1,-17.178041029317654,29.70725492462063,3746.720281930551,0.0,1,7.502033233642578,9.78993320465088,1,1,112.99671579097786,0.0762939156045036,0,0,0,0,2,3.472825215564887e-05
23,zimbabwe,716004,Mashonaland West,1965,0.6680875248650184,0.34924694515487353,0.08610400682011936,3519,166.16489036006186,Harare,299.0728565659719,952.606334841629,384.0,1486.0,221,764.0859728506788,665.0,889.0,41.78718797977655,221,21.24695238484517,17.771520614624023,25.006500244140625,2.074339020767508,57589.99880086654,1,0,1,-17.178041029317654,29.70725492462063,3746.720281930551,0.0,1,7.502033233642578,9.78993320465088,1,1,112.99671579097786,0.0762939156045036,0,0,0,0,2,3.472825215564887e-05
23,zimbabwe,716004,Mashonaland West,1955,0.4409246575342466,0.1172945205479452,0.0389554794520548,2336,166.16489036006186,Harare,299.0728565659719,952.606334841629,384.0,1486.0,221,764.0859728506788,665.0,889.0,41.78718797977655,221,21.24695238484517,17.771520614624023,25.006500244140625,2.074339020767508,57589.99880086654,1,0,1,-17.178041029317654,29.70725492462063,3746.720281930551,0.0,1,7.502033233642578,9.78993320465088,1,1,112.99671579097786,0.0762939156045036,0,0,0,0,2,3.472825215564887e-05
23,zimbabwe,716004,Mashonaland West,1945,0.29614438063986875,0.06316652994257588,0.02461033634126333,1219,166.16489036006186,Harare,299.0728565659719,952.606334841629,384.0,1486.0,221,764.0859728506788,665.0,889.0,41.78718797977655,221,21.24695238484517,17.771520614624023,25.006500244140625,2.074339020767508,57589.99880086654,1,0,1,-17.178041029317654,29.70725492462063,3746.720281930551,0.0,1,7.502033233642578,9.78993320465088,1,1,112.99671579097786,0.0762939156045036,0,0,0,0,2,3.472825215564887e-05
23,zimbabwe,716004,Mashonaland West,1935,0.2018867924528302,0.04905660377358491,0.018867924528301886,530,166.16489036006186,Harare,299.0728565659719,952.606334841629,384.0,1486.0,221,764.0859728506788,665.0,889.0,41.78718797977655,221,21.24695238484517,17.771520614624023,25.006500244140625,2.074339020767508,57589.99880086654,1,0,1,-17.178041029317654,29.70725492462063,3746.720281930551,0.0,1,7.502033233642578,9.78993320465088,1,1,112.99671579097786,0.0762939156045036,0,0,0,0,2,3.472825215564887e-05
23,zimbabwe,716004,Mashonaland West,1925,0.11320754716981132,0.0440251572327044,0.012578616352201259,159,166.16489036006186,Harare,299.0728565659719,952.606334841629,384.0,1486.0,221,764.0859728506788,665.0,889.0,41.78718797977655,221,21.24695238484517,17.771520614624023,25.006500244140625,2.074339020767508,57589.99880086654,1,0,1,-17.178041029317654,29.70725492462063,3746.720281930551,0.0,1,7.502033233642578,9.78993320465088,1,1,112.99671579097786,0.0762939156045036,0,0,0,0,2,3.472825215564887e-05
23,zimbabwe,716005,Matabeleland North,1975,0.8294868313874558,0.3049144718979093,0.043714363290795547,3683,194.28788064479036,Bulawayo,197.416868828576,1005.8464163822524,488.0,1411.0,293,612.1296928327645,436.0,739.0,62.13683764674875,293,21.57253460021556,18.20450210571289,25.486541748046875,1.6331752680692002,75437.28740319016,1,0,1,-18.81965557145639,27.399676688756305,3492.134922760866,0.0,1,7.023271083831787,7.651829719543457,1,1,109.95290200587006,0.0862131961719893,0,0,0,0,9,0.0001193043958738
23,zimbabwe,716005,Matabeleland North,1965,0.5871956009426551,0.21091908876669285,0.044383346425765906,2546,194.28788064479036,Bulawayo,197.416868828576,1005.8464163822524,488.0,1411.0,293,612.1296928327645,436.0,739.0,62.13683764674875,293,21.57253460021556,18.20450210571289,25.486541748046875,1.6331752680692002,75437.28740319016,1,0,1,-18.81965557145639,27.399676688756305,3492.134922760866,0.0,1,7.023271083831787,7.651829719543457,1,1,109.95290200587006,0.0862131961719893,0,0,0,0,9,0.0001193043958738
23,zimbabwe,716005,Matabeleland North,1955,0.36932707355242567,0.05738132498695879,0.01773604590505999,1917,194.28788064479036,Bulawayo,197.416868828576,1005.8464163822524,488.0,1411.0,293,612.1296928327645,436.0,739.0,62.13683764674875,293,21.57253460021556,18.20450210571289,25.486541748046875,1.6331752680692002,75437.28740319016,1,0,1,-18.81965557145639,27.399676688756305,3492.134922760866,0.0,1,7.023271083831787,7.651829719543457,1,1,109.95290200587006,0.0862131961719893,0,0,0,0,9,0.0001193043958738
23,zimbabwe,716005,Matabeleland North,1945,0.2506861848124428,0.03110704483074108,0.012808783165599268,1093,194.28788064479036,Bulawayo,197.416868828576,1005.8464163822524,488.0,1411.0,293,612.1296928327645,436.0,739.0,62.13683764674875,293,21.57253460021556,18.20450210571289,25.486541748046875,1.6331752680692002,75437.28740319016,1,0,1,-18.81965557145639,27.399676688756305,3492.134922760866,0.0,1,7.023271083831787,7.651829719543457,1,1,109.95290200587006,0.0862131961719893,0,0,0,0,9,0.0001193043958738
23,zimbabwe,716005,Matabeleland North,1935,0.15716753022452504,0.017271157167530225,0.0069084628670120895,579,194.28788064479036,Bulawayo,197.416868828576,1005.8464163822524,488.0,1411.0,293,612.1296928327645,436.0,739.0,62.13683764674875,293,21.57253460021556,18.20450210571289,25.486541748046875,1.6331752680692002,75437.28740319016,1,0,1,-18.81965557145639,27.399676688756305,3492.134922760866,0.0,1,7.023271083831787,7.651829719543457,1,1,109.95290200587006,0.0862131961719893,0,0,0,0,9,0.0001193043958738
23,zimbabwe,716005,Matabeleland North,1925,0.05,0.005,0.0,200,194.28788064479036,Bulawayo,197.416868828576,1005.8464163822524,488.0,1411.0,293,612.1296928327645,436.0,739.0,62.13683764674875,293,21.57253460021556,18.20450210571289,25.486541748046875,1.6331752680692002,75437.28740319016,1,0,1,-18.81965557145639,27.399676688756305,3492.134922760866,0.0,1,7.023271083831787,7.651829719543457,1,1,109.95290200587006,0.0862131961719893,0,0,0,0,9,0.0001193043958738
23,zimbabwe,716006,Matabeleland South,1975,0.9056921522398114,0.4368474233748737,0.08588750421017177,2969,103.08580000253056,Bulawayo,290.56730382936,938.8230088495576,302.0,1437.0,226,494.1902654867257,354.0,657.0,84.21776499431388,226,20.675847635859935,17.804458618164062,24.22766876220703,1.3770095274556426,54219.14043017956,1,0,1,-21.00684640352776,28.9896327904376,2079.145951704545,0.0,1,5.4655046463012695,7.0187668800354,1,1,31.927700553304557,0.2592386273262057,0,1,2,6,8,0.000147549369771
23,zimbabwe,716006,Matabeleland South,1965,0.7112588284171167,0.3211466555878687,0.10261736601578729,2407,103.08580000253056,Bulawayo,290.56730382936,938.8230088495576,302.0,1437.0,226,494.1902654867257,354.0,657.0,84.21776499431388,226,20.675847635859935,17.804458618164062,24.22766876220703,1.3770095274556426,54219.14043017956,1,0,1,-21.00684640352776,28.9896327904376,2079.145951704545,0.0,1,5.4655046463012695,7.0187668800354,1,1,31.927700553304557,0.2592386273262057,0,1,2,6,8,0.000147549369771
23,zimbabwe,716006,Matabeleland South,1955,0.49666666666666665,0.11,0.039523809523809524,2100,103.08580000253056,Bulawayo,290.56730382936,938.8230088495576,302.0,1437.0,226,494.1902654867257,354.0,657.0,84.21776499431388,226,20.675847635859935,17.804458618164062,24.22766876220703,1.3770095274556426,54219.14043017956,1,0,1,-21.00684640352776,28.9896327904376,2079.145951704545,0.0,1,5.4655046463012695,7.0187668800354,1,1,31.927700553304557,0.2592386273262057,0,1,2,6,8,0.000147549369771
23,zimbabwe,716006,Matabeleland South,1945,0.3745774171737661,0.068289384719405,0.0290736984448952,1479,103.08580000253056,Bulawayo,290.56730382936,938.8230088495576,302.0,1437.0,226,494.1902654867257,354.0,657.0,84.21776499431388,226,20.675847635859935,17.804458618164062,24.22766876220703,1.3770095274556426,54219.14043017956,1,0,1,-21.00684640352776,28.9896327904376,2079.145951704545,0.0,1,5.4655046463012695,7.0187668800354,1,1,31.927700553304557,0.2592386273262057,0,1,2,6,8,0.000147549369771
23,zimbabwe,716006,Matabeleland South,1935,0.22469410456062291,0.04449388209121246,0.014460511679644048,899,103.08580000253056,Bulawayo,290.56730382936,938.8230088495576,302.0,1437.0,226,494.1902654867257,354.0,657.0,84.21776499431388,226,20.675847635859935,17.804458618164062,24.22766876220703,1.3770095274556426,54219.14043017956,1,0,1,-21.00684640352776,28.9896327904376,2079.145951704545,0.0,1,5.4655046463012695,7.0187668800354,1,1,31.927700553304557,0.2592386273262057,0,1,2,6,8,0.000147549369771
23,zimbabwe,716006,Matabeleland South,1925,0.18354430379746836,0.0379746835443038,0.00949367088607595,316,103.08580000253056,Bulawayo,290.56730382936,938.8230088495576,302.0,1437.0,226,494.1902654867257,354.0,657.0,84.21776499431388,226,20.675847635859935,17.804458618164062,24.22766876220703,1.3770095274556426,54219.14043017956,1,0,1,-21.00684640352776,28.9896327904376,2079.145951704545,0.0,1,5.4655046463012695,7.0187668800354,1,1,31.927700553304557,0.2592386273262057,0,1,2,6,8,0.000147549369771
23,zimbabwe,716007,Midlands,1975,0.912828404968671,0.5488622622842695,0.10157194679564692,9097,160.2756272423344,Bulawayo,211.48148984384076,1076.8454106280194,617.0,1472.0,207,667.8937198067633,439.0,801.0,65.29397149953708,207,20.43497273541879,17.30529022216797,23.378042221069336,1.4604593955137262,49362.65967250494,0,0,0,-18.97295138079484,29.461125383953014,3381.334460934266,0.0,1,8.752665519714355,9.137096405029297,1,1,23.447155829765567,0.2154937874885903,1,1,4,7,9,0.0001823240493869
23,zimbabwe,716007,Midlands,1965,0.7422612513721185,0.43578485181119647,0.1154774972557629,4555,160.2756272423344,Bulawayo,211.48148984384076,1076.8454106280194,617.0,1472.0,207,667.8937198067633,439.0,801.0,65.29397149953708,207,20.43497273541879,17.30529022216797,23.378042221069336,1.4604593955137262,49362.65967250494,0,0,0,-18.97295138079484,29.461125383953014,3381.334460934266,0.0,1,8.752665519714355,9.137096405029297,1,1,23.447155829765567,0.2154937874885903,1,1,4,7,9,0.0001823240493869
23,zimbabwe,716007,Midlands,1955,0.4766824085005903,0.13636363636363635,0.0525383707201889,3388,160.2756272423344,Bulawayo,211.48148984384076,1076.8454106280194,617.0,1472.0,207,667.8937198067633,439.0,801.0,65.29397149953708,207,20.43497273541879,17.30529022216797,23.378042221069336,1.4604593955137262,49362.65967250494,0,0,0,-18.97295138079484,29.461125383953014,3381.334460934266,0.0,1,8.752665519714355,9.137096405029297,1,1,23.447155829765567,0.2154937874885903,1,1,4,7,9,0.0001823240493869
23,zimbabwe,716007,Midlands,1945,0.3235154394299287,0.067458432304038,0.030878859857482184,2105,160.2756272423344,Bulawayo,211.48148984384076,1076.8454106280194,617.0,1472.0,207,667.8937198067633,439.0,801.0,65.29397149953708,207,20.43497273541879,17.30529022216797,23.378042221069336,1.4604593955137262,49362.65967250494,0,0,0,-18.97295138079484,29.461125383953014,3381.334460934266,0.0,1,8.752665519714355,9.137096405029297,1,1,23.447155829765567,0.2154937874885903,1,1,4,7,9,0.0001823240493869
23,zimbabwe,716007,Midlands,1935,0.20384615384615384,0.04807692307692308,0.01730769230769231,1040,160.2756272423344,Bulawayo,211.48148984384076,1076.8454106280194,617.0,1472.0,207,667.8937198067633,439.0,801.0,65.29397149953708,207,20.43497273541879,17.30529022216797,23.378042221069336,1.4604593955137262,49362.65967250494,0,0,0,-18.97295138079484,29.461125383953014,3381.334460934266,0.0,1,8.752665519714355,9.137096405029297,1,1,23.447155829765567,0.2154937874885903,1,1,4,7,9,0.0001823240493869
23,zimbabwe,716007,Midlands,1925,0.12209302325581395,0.020348837209302327,0.014534883720930232,344,160.2756272423344,Bulawayo,211.48148984384076,1076.8454106280194,617.0,1472.0,207,667.8937198067633,439.0,801.0,65.29397149953708,207,20.43497273541879,17.30529022216797,23.378042221069336,1.4604593955137262,49362.65967250494,0,0,0,-18.97295138079484,29.461125383953014,3381.334460934266,0.0,1,8.752665519714355,9.137096405029297,1,1,23.447155829765567,0.2154937874885903,1,1,4,7,9,0.0001823240493869
23,zimbabwe,716008,Masvingo,1975,0.9052373775433308,0.5608515448379804,0.11623963828183874,10616,284.4113807672067,Bulawayo,312.1588837077778,692.6636363636363,207.0,1490.0,220,596.0045454545455,423.0,910.0,101.03372514018514,220,21.35673887079412,17.241165161132812,24.668272018432617,1.695841929365409,56476.26261928952,1,0,1,-20.78147969456058,31.23890836968563,3031.3245457608937,0.0,1,6.153800964355469,7.0010528564453125,1,1,47.98484211746808,0.2777009306659606,0,2,2,5,8,0.0001416524328801
23,zimbabwe,716008,Masvingo,1965,0.715172539711521,0.4157385429979916,0.12652912178199743,5477,284.4113807672067,Bulawayo,312.1588837077778,692.6636363636363,207.0,1490.0,220,596.0045454545455,423.0,910.0,101.03372514018514,220,21.35673887079412,17.241165161132812,24.668272018432617,1.695841929365409,56476.26261928952,1,0,1,-20.78147969456058,31.23890836968563,3031.3245457608937,0.0,1,6.153800964355469,7.0010528564453125,1,1,47.98484211746808,0.2777009306659606,0,2,2,5,8,0.0001416524328801
23,zimbabwe,716008,Masvingo,1955,0.4300176056338028,0.10211267605633803,0.0409330985915493,4544,284.4113807672067,Bulawayo,312.1588837077778,692.6636363636363,207.0,1490.0,220,596.0045454545455,423.0,910.0,101.03372514018514,220,21.35673887079412,17.241165161132812,24.668272018432617,1.695841929365409,56476.26261928952,1,0,1,-20.78147969456058,31.23890836968563,3031.3245457608937,0.0,1,6.153800964355469,7.0010528564453125,1,1,47.98484211746808,0.2777009306659606,0,2,2,5,8,0.0001416524328801
23,zimbabwe,716008,Masvingo,1945,0.2834360275462124,0.04530627038782167,0.01920985864443639,2759,284.4113807672067,Bulawayo,312.1588837077778,692.6636363636363,207.0,1490.0,220,596.0045454545455,423.0,910.0,101.03372514018514,220,21.35673887079412,17.241165161132812,24.668272018432617,1.695841929365409,56476.26261928952,1,0,1,-20.78147969456058,31.23890836968563,3031.3245457608937,0.0,1,6.153800964355469,7.0010528564453125,1,1,47.98484211746808,0.2777009306659606,0,2,2,5,8,0.0001416524328801
23,zimbabwe,716008,Masvingo,1935,0.1990831696136215,0.034053700065487885,0.0137524557956778,1527,284.4113807672067,Bulawayo,312.1588837077778,692.6636363636363,207.0,1490.0,220,596.0045454545455,423.0,910.0,101.03372514018514,220,21.35673887079412,17.241165161132812,24.668272018432617,1.695841929365409,56476.26261928952,1,0,1,-20.78147969456058,31.23890836968563,3031.3245457608937,0.0,1,6.153800964355469,7.0010528564453125,1,1,47.98484211746808,0.2777009306659606,0,2,2,5,8,0.0001416524328801
23,zimbabwe,716008,Masvingo,1925,0.12058212058212059,0.016632016632016633,0.002079002079002079,481,284.4113807672067,Bulawayo,312.1588837077778,692.6636363636363,207.0,1490.0,220,596.0045454545455,423.0,910.0,101.03372514018514,220,21.35673887079412,17.241165161132812,24.668272018432617,1.695841929365409,56476.26261928952,1,0,1,-20.78147969456058,31.23890836968563,3031.3245457608937,0.0,1,6.153800964355469,7.0010528564453125,1,1,47.98484211746808,0.2777009306659606,0,2,2,5,8,0.0001416524328801
23,zimbabwe,716009,Harare,1975,0.9704804560260586,0.8139250814332247,0.21437296416938112,4912,4.956817766103963,Harare,50.17967716117751,1443.3333333333333,1373.0,1535.0,9,825.4444444444445,751.0,892.0,45.205975787649805,9,18.355767991807724,17.9047908782959,18.67774772644043,0.2288626063824584,939.9681699271258,0,0,0,-17.851005026624257,31.05387933648384,3592.3731689453125,0.0,0,37.69696807861328,34.43549728393555,1,1,5.716612617135937,1.0,4,8,10,12,4,0.0042554632464949
23,zimbabwe,716009,Harare,1965,0.9002822201317028,0.6495766698024459,0.23377234242709313,2126,4.956817766103963,Harare,50.17967716117751,1443.3333333333333,1373.0,1535.0,9,825.4444444444445,751.0,892.0,45.205975787649805,9,18.355767991807724,17.9047908782959,18.67774772644043,0.2288626063824584,939.9681699271258,0,0,0,-17.851005026624257,31.05387933648384,3592.3731689453125,0.0,0,37.69696807861328,34.43549728393555,1,1,5.716612617135937,1.0,4,8,10,12,4,0.0042554632464949
23,zimbabwe,716009,Harare,1955,0.7980349344978166,0.38209606986899564,0.18449781659388648,916,4.956817766103963,Harare,50.17967716117751,1443.3333333333333,1373.0,1535.0,9,825.4444444444445,751.0,892.0,45.205975787649805,9,18.355767991807724,17.9047908782959,18.67774772644043,0.2288626063824584,939.9681699271258,0,0,0,-17.851005026624257,31.05387933648384,3592.3731689453125,0.0,0,37.69696807861328,34.43549728393555,1,1,5.716612617135937,1.0,4,8,10,12,4,0.0042554632464949
23,zimbabwe,716009,Harare,1945,0.6792452830188679,0.3018867924528302,0.10377358490566038,318,4.956817766103963,Harare,50.17967716117751,1443.3333333333333,1373.0,1535.0,9,825.4444444444445,751.0,892.0,45.205975787649805,9,18.355767991807724,17.9047908782959,18.67774772644043,0.2288626063824584,939.9681699271258,0,0,0,-17.851005026624257,31.05387933648384,3592.3731689453125,0.0,0,37.69696807861328,34.43549728393555,1,1,5.716612617135937,1.0,4,8,10,12,4,0.0042554632464949
23,zimbabwe,716009,Harare,1935,0.4782608695652174,0.3130434782608696,0.09565217391304348,115,4.956817766103963,Harare,50.17967716117751,1443.3333333333333,1373.0,1535.0,9,825.4444444444445,751.0,892.0,45.205975787649805,9,18.355767991807724,17.9047908782959,18.67774772644043,0.2288626063824584,939.9681699271258,0,0,0,-17.851005026624257,31.05387933648384,3592.3731689453125,0.0,0,37.69696807861328,34.43549728393555,1,1,5.716612617135937,1.0,4,8,10,12,4,0.0042554632464949
23,zimbabwe,716009,Harare,1925,0.5833333333333334,0.375,0.20833333333333334,24,4.956817766103963,Harare,50.17967716117751,1443.3333333333333,1373.0,1535.0,9,825.4444444444445,751.0,892.0,45.205975787649805,9,18.355767991807724,17.9047908782959,18.67774772644043,0.2288626063824584,939.9681699271258,0,0,0,-17.851005026624257,31.05387933648384,3592.3731689453125,0.0,0,37.69696807861328,34.43549728393555,1,1,5.716612617135937,1.0,4,8,10,12,4,0.0042554632464949
4,cote_divoire,384001,Lagunes,1915,0.08595585809266842,0.02775694383060878,0.0061773990423871885,2253,322.9693959438218,Kumasi,61.654588161913736,96.74193548387096,5.0,254.0,155,1448.683870967742,1121.0,1931.0,199.40659564070492,155,26.30764381654801,25.31741523742676,26.79295539855957,0.3494729684786183,40522.45914982263,0,1,1,5.711008677401922,-4.380249815717464,2815.6222546948547,0.0,1,7.736227512359619,9.605833053588867,1,1,43.490272069027625,0.2611366467582668,0,1,5,7,9,0.0002220990578761
4,cote_divoire,384002,Haut Sassandra,1915,0.04030688311516132,0.01084733342412953,0.0006026296346738629,1661,499.2901292828852,Sikasso,32.937645583361004,235.63025210084032,167.0,320.0,119,1230.0588235294117,1064.0,1418.0,77.41422948235686,119,25.787072702616204,25.3157901763916,26.34029197692871,0.233934102698411,30769.201117852117,1,0,0,6.862415085823207,-6.236515529603821,2955.451305650685,0.0,0,6.78631067276001,7.520227432250977,0,0,153.801749073978,0.0002844670319042,0,0,0,0,0,0.0
4,cote_divoire,384003,Savanes,1915,0.01969413361015522,0.0073703827825504125,0.0024603362732035865,1206,195.50709279612187,Sikasso,50.6290742064958,336.9259259259259,211.0,472.0,162,1143.716049382716,995.0,1332.0,77.42495124797075,162,26.76087816261951,25.869644165039062,27.420936584472656,0.3624215194470649,40275.09058447214,0,0,1,9.564656833658772,-5.55858882993834,3974.991954062826,0.0,0,7.575565814971924,12.83729076385498,1,1,33.04506227348117,0.056316942080666,0,1,1,1,1,2.48292427276513e-05
4,cote_divoire,384004,Vallée du Bandam,1915,0.020117055459285563,0.006164571175469543,0.00024283349781255585,3532,358.6608959867541,Kumasi,71.85926933653676,228.7107843137255,79.0,380.0,204,1070.5343137254902,981.0,1250.0,51.45475643536897,204,26.5315011435864,25.864540100097656,27.25631523132324,0.2925652415452783,56261.75977828678,0,0,0,7.649287270648433,-4.728626900583071,3484.162578932683,0.0,0,7.090639114379883,9.09406852722168,1,1,125.48062219370335,0.0450208515964125,0,0,0,0,2,3.55481237679285e-05
4,cote_divoire,384005,Moyen Comoé,1915,0.045480128026560394,0.011370032006640099,0.0,176,198.2815657103249,Kumasi,34.43669749072858,175.4848484848485,128.0,253.0,33,1263.090909090909,1086.0,1575.0,132.83080229588126,33,26.44410659327652,25.959646224975582,26.64983367919922,0.1677596674578175,6902.532076095683,0,0,1,6.7127545647987406,-3.422195372254943,3036.4010148833067,0.0,0,6.3224382400512695,8.462395668029785,0,0,128.04121818031666,0.0,0,0,0,0,0,0.0
4,cote_divoire,384006,Montagnes,1915,0.02991516827154844,0.005431837903093296,0.002036939213659986,1010,348.465032776288,Monrovia,132.4984127574321,325.1735537190083,148.0,767.0,121,1637.5619834710744,1260.0,2040.0,200.98854424663085,121,25.1240106535352,22.73429107666016,26.00441551208496,0.7379041575206315,30723.596403889744,1,0,1,6.944118045100006,-7.65159943335305,2680.083260744893,0.0,1,6.547021865844727,7.764581203460693,0,0,154.40568709345544,0.0,0,0,0,0,0,0.0
4,cote_divoire,384008,Zanzan,1915,0.017896389324960755,0.007169839089481947,0.002264030612244898,853,290.7972336291091,Kumasi,54.69245981415708,281.1034482758621,173.0,436.0,145,1054.7862068965517,995.0,1198.0,36.49906681979437,145,26.761154253729455,25.47949981689453,27.420936584472656,0.41821861344211,38098.625307442046,1,0,1,8.668345962117781,-3.344592643821348,3754.771478925432,0.0,0,5.733087539672852,6.632352828979492,0,1,96.55472682079817,0.0514544236379121,0,0,0,1,1,2.6247666206598268e-05
4,cote_divoire,384009,Bas Sassandra,1915,0.056861932329136694,0.012470492356115108,0.0035128147482014387,283,455.04435140318657,Monrovia,65.5088971056604,126.62,18.0,224.0,100,1649.83,1289.0,2605.0,333.0965942485753,100,25.80770341873169,25.22509765625,26.19114875793457,0.200860173455382,26052.10178141492,1,1,1,5.356142301330035,-6.753345649222395,2622.86491493126,0.0,0,6.846950531005859,7.416143417358398,0,0,101.02168887152249,0.020468496206201,0,0,0,0,0,0.0
4,cote_divoire,384010,Denguele,1915,0.023016393799919512,0.010186869547821931,0.000870246821614191,1215,303.9140273972636,Kankan,77.19301793559944,393.5172413793104,224.0,608.0,203,1266.802955665025,1040.0,1595.0,124.34847186161248,203,25.68419008301984,24.050626754760746,26.89833641052246,0.597730971417226,52107.42783323396,1,0,1,8.87840707129803,-7.006208657520316,3542.836020192792,0.0,0,6.860250473022461,8.86528491973877,0,0,149.12429633248087,0.0,0,0,0,0,0,0.0
4,cote_divoire,384001,Lagunes,1925,0.10208131684170675,0.02826230115996479,0.005572484256099734,6262,322.9693959438218,Kumasi,61.654588161913736,96.74193548387096,5.0,254.0,155,1448.683870967742,1121.0,1931.0,199.40659564070492,155,26.30764381654801,25.31741523742676,26.79295539855957,0.3494729684786183,40522.45914982263,0,1,1,5.711008677401922,-4.380249815717464,2815.6222546948547,0.0,1,7.736227512359619,9.605833053588867,1,1,43.490272069027625,0.2611366467582668,0,1,5,7,9,0.0002220990578761
4,cote_divoire,384002,Haut Sassandra,1925,0.03905483032390098,0.010535803378517188,0.0010333879375519536,4828,499.2901292828852,Sikasso,32.937645583361004,235.63025210084032,167.0,320.0,119,1230.0588235294117,1064.0,1418.0,77.41422948235686,119,25.787072702616204,25.3157901763916,26.34029197692871,0.233934102698411,30769.201117852117,1,0,0,6.862415085823207,-6.236515529603821,2955.451305650685,0.0,0,6.78631067276001,7.520227432250977,0,0,153.801749073978,0.0002844670319042,0,0,0,0,0,0.0
4,cote_divoire,384003,Savanes,1925,0.014362878398225764,0.005643666840676738,0.0023085165244217626,3880,195.50709279612187,Sikasso,50.6290742064958,336.9259259259259,211.0,472.0,162,1143.716049382716,995.0,1332.0,77.42495124797075,162,26.76087816261951,25.869644165039062,27.420936584472656,0.3624215194470649,40275.09058447214,0,0,1,9.564656833658772,-5.55858882993834,3974.991954062826,0.0,0,7.575565814971924,12.83729076385498,1,1,33.04506227348117,0.056316942080666,0,1,1,1,1,2.48292427276513e-05
4,cote_divoire,384004,Vallée du Bandam,1925,0.022628275616562405,0.007655299264478214,0.0024341114448613284,10798,358.6608959867541,Kumasi,71.85926933653676,228.7107843137255,79.0,380.0,204,1070.5343137254902,981.0,1250.0,51.45475643536897,204,26.5315011435864,25.864540100097656,27.25631523132324,0.2925652415452783,56261.75977828678,0,0,0,7.649287270648433,-4.728626900583071,3484.162578932683,0.0,0,7.090639114379883,9.09406852722168,1,1,125.48062219370335,0.0450208515964125,0,0,0,0,2,3.55481237679285e-05
4,cote_divoire,384005,Moyen Comoé,1925,0.05886887142854515,0.018396522321420358,0.0036793044642840717,534,198.2815657103249,Kumasi,34.43669749072858,175.4848484848485,128.0,253.0,33,1263.090909090909,1086.0,1575.0,132.83080229588126,33,26.44410659327652,25.959646224975582,26.64983367919922,0.1677596674578175,6902.532076095683,0,0,1,6.7127545647987406,-3.422195372254943,3036.4010148833067,0.0,0,6.3224382400512695,8.462395668029785,0,0,128.04121818031666,0.0,0,0,0,0,0,0.0
4,cote_divoire,384006,Montagnes,1925,0.031898829030609366,0.01071451617548978,0.0015629894808575097,3190,348.465032776288,Monrovia,132.4984127574321,325.1735537190083,148.0,767.0,121,1637.5619834710744,1260.0,2040.0,200.98854424663085,121,25.1240106535352,22.73429107666016,26.00441551208496,0.7379041575206315,30723.596403889744,1,0,1,6.944118045100006,-7.65159943335305,2680.083260744893,0.0,1,6.547021865844727,7.764581203460693,0,0,154.40568709345544,0.0,0,0,0,0,0,0.0
4,cote_divoire,384008,Zanzan,1925,0.01563980128055068,0.0037471755643207804,0.0008751240737990537,2374,290.7972336291091,Kumasi,54.69245981415708,281.1034482758621,173.0,436.0,145,1054.7862068965517,995.0,1198.0,36.49906681979437,145,26.761154253729455,25.47949981689453,27.420936584472656,0.41821861344211,38098.625307442046,1,0,1,8.668345962117781,-3.344592643821348,3754.771478925432,0.0,0,5.733087539672852,6.632352828979492,0,1,96.55472682079817,0.0514544236379121,0,0,0,1,1,2.6247666206598268e-05
4,cote_divoire,384009,Bas Sassandra,1925,0.057437568533673655,0.01848380282126418,0.004921414720878222,849,455.04435140318657,Monrovia,65.5088971056604,126.62,18.0,224.0,100,1649.83,1289.0,2605.0,333.0965942485753,100,25.80770341873169,25.22509765625,26.19114875793457,0.200860173455382,26052.10178141492,1,1,1,5.356142301330035,-6.753345649222395,2622.86491493126,0.0,0,6.846950531005859,7.416143417358398,0,0,101.02168887152249,0.020468496206201,0,0,0,0,0,0.0
4,cote_divoire,384010,Denguele,1925,0.01712241419033039,0.007567608170550345,0.001401408920472286,3500,303.9140273972636,Kankan,77.19301793559944,393.5172413793104,224.0,608.0,203,1266.802955665025,1040.0,1595.0,124.34847186161248,203,25.68419008301984,24.050626754760746,26.89833641052246,0.597730971417226,52107.42783323396,1,0,1,8.87840707129803,-7.006208657520316,3542.836020192792,0.0,0,6.860250473022461,8.86528491973877,0,0,149.12429633248087,0.0,0,0,0,0,0,0.0
4,cote_divoire,384001,Lagunes,1935,0.13834064164100673,0.05200095834646029,0.01371336041102269,11912,322.9693959438218,Kumasi,61.654588161913736,96.74193548387096,5.0,254.0,155,1448.683870967742,1121.0,1931.0,199.40659564070492,155,26.30764381654801,25.31741523742676,26.79295539855957,0.3494729684786183,40522.45914982263,0,1,1,5.711008677401922,-4.380249815717464,2815.6222546948547,0.0,1,7.736227512359619,9.605833053588867,1,1,43.490272069027625,0.2611366467582668,0,1,5,7,9,0.0002220990578761
4,cote_divoire,384002,Haut Sassandra,1935,0.07434134924019624,0.02468679437287103,0.0054463313711897365,8569,499.2901292828852,Sikasso,32.937645583361004,235.63025210084032,167.0,320.0,119,1230.0588235294117,1064.0,1418.0,77.41422948235686,119,25.787072702616204,25.3157901763916,26.34029197692871,0.233934102698411,30769.201117852117,1,0,0,6.862415085823207,-6.236515529603821,2955.451305650685,0.0,0,6.78631067276001,7.520227432250977,0,0,153.801749073978,0.0002844670319042,0,0,0,0,0,0.0
4,cote_divoire,384003,Savanes,1935,0.021790745980786397,0.008583826094790378,0.0023049565523623884,7757,195.50709279612187,Sikasso,50.6290742064958,336.9259259259259,211.0,472.0,162,1143.716049382716,995.0,1332.0,77.42495124797075,162,26.76087816261951,25.869644165039062,27.420936584472656,0.3624215194470649,40275.09058447214,0,0,1,9.564656833658772,-5.55858882993834,3974.991954062826,0.0,0,7.575565814971924,12.83729076385498,1,1,33.04506227348117,0.056316942080666,0,1,1,1,1,2.48292427276513e-05
4,cote_divoire,384004,Vallée du Bandam,1935,0.03573339629195123,0.013397898388521914,0.0033091413496177794,19402,358.6608959867541,Kumasi,71.85926933653676,228.7107843137255,79.0,380.0,204,1070.5343137254902,981.0,1250.0,51.45475643536897,204,26.5315011435864,25.864540100097656,27.25631523132324,0.2925652415452783,56261.75977828678,0,0,0,7.649287270648433,-4.728626900583071,3484.162578932683,0.0,0,7.090639114379883,9.09406852722168,1,1,125.48062219370335,0.0450208515964125,0,0,0,0,2,3.55481237679285e-05
4,cote_divoire,384005,Moyen Comoé,1935,0.08039859208095083,0.03616914127568565,0.012612533074115749,1107,198.2815657103249,Kumasi,34.43669749072858,175.4848484848485,128.0,253.0,33,1263.090909090909,1086.0,1575.0,132.83080229588126,33,26.44410659327652,25.959646224975582,26.64983367919922,0.1677596674578175,6902.532076095683,0,0,1,6.7127545647987406,-3.422195372254943,3036.4010148833067,0.0,0,6.3224382400512695,8.462395668029785,0,0,128.04121818031666,0.0,0,0,0,0,0,0.0
4,cote_divoire,384006,Montagnes,1935,0.04593819609190678,0.013878228418502035,0.001713544875398442,6766,348.465032776288,Monrovia,132.4984127574321,325.1735537190083,148.0,767.0,121,1637.5619834710744,1260.0,2040.0,200.98854424663085,121,25.1240106535352,22.73429107666016,26.00441551208496,0.7379041575206315,30723.596403889744,1,0,1,6.944118045100006,-7.65159943335305,2680.083260744893,0.0,1,6.547021865844727,7.764581203460693,0,0,154.40568709345544,0.0,0,0,0,0,0,0.0
4,cote_divoire,384008,Zanzan,1935,0.026495432648572098,0.008866300273237928,0.0022308147473081887,4856,290.7972336291091,Kumasi,54.69245981415708,281.1034482758621,173.0,436.0,145,1054.7862068965517,995.0,1198.0,36.49906681979437,145,26.761154253729455,25.47949981689453,27.420936584472656,0.41821861344211,38098.625307442046,1,0,1,8.668345962117781,-3.344592643821348,3754.771478925432,0.0,0,5.733087539672852,6.632352828979492,0,1,96.55472682079817,0.0514544236379121,0,0,0,1,1,2.6247666206598268e-05
4,cote_divoire,384009,Bas Sassandra,1935,0.10080599927867769,0.0342965840925512,0.0072397600578022825,1688,455.04435140318657,Monrovia,65.5088971056604,126.62,18.0,224.0,100,1649.83,1289.0,2605.0,333.0965942485753,100,25.80770341873169,25.22509765625,26.19114875793457,0.200860173455382,26052.10178141492,1,1,1,5.356142301330035,-6.753345649222395,2622.86491493126,0.0,0,6.846950531005859,7.416143417358398,0,0,101.02168887152249,0.020468496206201,0,0,0,0,0,0.0
4,cote_divoire,384010,Denguele,1935,0.01932043412957044,0.00894880133187239,0.002274544339287001,6930,303.9140273972636,Kankan,77.19301793559944,393.5172413793104,224.0,608.0,203,1266.802955665025,1040.0,1595.0,124.34847186161248,203,25.68419008301984,24.050626754760746,26.89833641052246,0.597730971417226,52107.42783323396,1,0,1,8.87840707129803,-7.006208657520316,3542.836020192792,0.0,0,6.860250473022461,8.86528491973877,0,0,149.12429633248087,0.0,0,0,0,0,0,0.0
4,cote_divoire,384001,Lagunes,1945,0.2932048700876674,0.16436776960961308,0.03570051560536692,16935,322.9693959438218,Kumasi,61.654588161913736,96.74193548387096,5.0,254.0,155,1448.683870967742,1121.0,1931.0,199.40659564070492,155,26.30764381654801,25.31741523742676,26.79295539855957,0.3494729684786183,40522.45914982263,0,1,1,5.711008677401922,-4.380249815717464,2815.6222546948547,0.0,1,7.736227512359619,9.605833053588867,1,1,43.490272069027625,0.2611366467582668,0,1,5,7,9,0.0002220990578761
4,cote_divoire,384002,Haut Sassandra,1945,0.18685803251144742,0.08574395697382113,0.014220363300326415,11660,499.2901292828852,Sikasso,32.937645583361004,235.63025210084032,167.0,320.0,119,1230.0588235294117,1064.0,1418.0,77.41422948235686,119,25.787072702616204,25.3157901763916,26.34029197692871,0.233934102698411,30769.201117852117,1,0,0,6.862415085823207,-6.236515529603821,2955.451305650685,0.0,0,6.78631067276001,7.520227432250977,0,0,153.801749073978,0.0002844670319042,0,0,0,0,0,0.0
4,cote_divoire,384003,Savanes,1945,0.04944068402989094,0.024652994842234963,0.005125909949765113,11882,195.50709279612187,Sikasso,50.6290742064958,336.9259259259259,211.0,472.0,162,1143.716049382716,995.0,1332.0,77.42495124797075,162,26.76087816261951,25.869644165039062,27.420936584472656,0.3624215194470649,40275.09058447214,0,0,1,9.564656833658772,-5.55858882993834,3974.991954062826,0.0,0,7.575565814971924,12.83729076385498,1,1,33.04506227348117,0.056316942080666,0,1,1,1,1,2.48292427276513e-05
4,cote_divoire,384004,Vallée du Bandam,1945,0.09365466628206302,0.048036289931123514,0.008680522027068078,28105,358.6608959867541,Kumasi,71.85926933653676,228.7107843137255,79.0,380.0,204,1070.5343137254902,981.0,1250.0,51.45475643536897,204,26.5315011435864,25.864540100097656,27.25631523132324,0.2925652415452783,56261.75977828678,0,0,0,7.649287270648433,-4.728626900583071,3484.162578932683,0.0,0,7.090639114379883,9.09406852722168,1,1,125.48062219370335,0.0450208515964125,0,0,0,0,2,3.55481237679285e-05
4,cote_divoire,384005,Moyen Comoé,1945,0.2252221905840871,0.1418312017981231,0.028293782298665342,1617,198.2815657103249,Kumasi,34.43669749072858,175.4848484848485,128.0,253.0,33,1263.090909090909,1086.0,1575.0,132.83080229588126,33,26.44410659327652,25.959646224975582,26.64983367919922,0.1677596674578175,6902.532076095683,0,0,1,6.7127545647987406,-3.422195372254943,3036.4010148833067,0.0,0,6.3224382400512695,8.462395668029785,0,0,128.04121818031666,0.0,0,0,0,0,0,0.0
4,cote_divoire,384006,Montagnes,1945,0.11640526141758227,0.05158512025056892,0.008889401257284536,10235,348.465032776288,Monrovia,132.4984127574321,325.1735537190083,148.0,767.0,121,1637.5619834710744,1260.0,2040.0,200.98854424663085,121,25.1240106535352,22.73429107666016,26.00441551208496,0.7379041575206315,30723.596403889744,1,0,1,6.944118045100006,-7.65159943335305,2680.083260744893,0.0,1,6.547021865844727,7.764581203460693,0,0,154.40568709345544,0.0,0,0,0,0,0,0.0
4,cote_divoire,384008,Zanzan,1945,0.05215804144976837,0.02329185740040093,0.004552252080974912,7839,290.7972336291091,Kumasi,54.69245981415708,281.1034482758621,173.0,436.0,145,1054.7862068965517,995.0,1198.0,36.49906681979437,145,26.761154253729455,25.47949981689453,27.420936584472656,0.41821861344211,38098.625307442046,1,0,1,8.668345962117781,-3.344592643821348,3754.771478925432,0.0,0,5.733087539672852,6.632352828979492,0,1,96.55472682079817,0.0514544236379121,0,0,0,1,1,2.6247666206598268e-05
4,cote_divoire,384009,Bas Sassandra,1945,0.21020925658893075,0.10085867489071926,0.014631163320926791,2040,455.04435140318657,Monrovia,65.5088971056604,126.62,18.0,224.0,100,1649.83,1289.0,2605.0,333.0965942485753,100,25.80770341873169,25.22509765625,26.19114875793457,0.200860173455382,26052.10178141492,1,1,1,5.356142301330035,-6.753345649222395,2622.86491493126,0.0,0,6.846950531005859,7.416143417358398,0,0,101.02168887152249,0.020468496206201,0,0,0,0,0,0.0
4,cote_divoire,384010,Denguele,1945,0.054487922904389904,0.028368174316769395,0.006553067988485109,10085,303.9140273972636,Kankan,77.19301793559944,393.5172413793104,224.0,608.0,203,1266.802955665025,1040.0,1595.0,124.34847186161248,203,25.68419008301984,24.050626754760746,26.89833641052246,0.597730971417226,52107.42783323396,1,0,1,8.87840707129803,-7.006208657520316,3542.836020192792,0.0,0,6.860250473022461,8.86528491973877,0,0,149.12429633248087,0.0,0,0,0,0,0,0.0
4,cote_divoire,384001,Lagunes,1955,0.5544528657154465,0.31211369452396204,0.06832764957985799,34950,322.9693959438218,Kumasi,61.654588161913736,96.74193548387096,5.0,254.0,155,1448.683870967742,1121.0,1931.0,199.40659564070492,155,26.30764381654801,25.31741523742676,26.79295539855957,0.3494729684786183,40522.45914982263,0,1,1,5.711008677401922,-4.380249815717464,2815.6222546948547,0.0,1,7.736227512359619,9.605833053588867,1,1,43.490272069027625,0.2611366467582668,0,1,5,7,9,0.0002220990578761
4,cote_divoire,384002,Haut Sassandra,1955,0.39925099759991056,0.20414576224217876,0.03901043839369745,20009,499.2901292828852,Sikasso,32.937645583361004,235.63025210084032,167.0,320.0,119,1230.0588235294117,1064.0,1418.0,77.41422948235686,119,25.787072702616204,25.3157901763916,26.34029197692871,0.233934102698411,30769.201117852117,1,0,0,6.862415085823207,-6.236515529603821,2955.451305650685,0.0,0,6.78631067276001,7.520227432250977,0,0,153.801749073978,0.0002844670319042,0,0,0,0,0,0.0
4,cote_divoire,384003,Savanes,1955,0.11985344343946765,0.0622068546582902,0.0163534927856063,16937,195.50709279612187,Sikasso,50.6290742064958,336.9259259259259,211.0,472.0,162,1143.716049382716,995.0,1332.0,77.42495124797075,162,26.76087816261951,25.869644165039062,27.420936584472656,0.3624215194470649,40275.09058447214,0,0,1,9.564656833658772,-5.55858882993834,3974.991954062826,0.0,0,7.575565814971924,12.83729076385498,1,1,33.04506227348117,0.056316942080666,0,1,1,1,1,2.48292427276513e-05
4,cote_divoire,384004,Vallée du Bandam,1955,0.2739733547224453,0.15207010443684996,0.02901651629564688,41665,358.6608959867541,Kumasi,71.85926933653676,228.7107843137255,79.0,380.0,204,1070.5343137254902,981.0,1250.0,51.45475643536897,204,26.5315011435864,25.864540100097656,27.25631523132324,0.2925652415452783,56261.75977828678,0,0,0,7.649287270648433,-4.728626900583071,3484.162578932683,0.0,0,7.090639114379883,9.09406852722168,1,1,125.48062219370335,0.0450208515964125,0,0,0,0,2,3.55481237679285e-05
4,cote_divoire,384005,Moyen Comoé,1955,0.483746552571601,0.2651851872837168,0.057785345082802024,3486,198.2815657103249,Kumasi,34.43669749072858,175.4848484848485,128.0,253.0,33,1263.090909090909,1086.0,1575.0,132.83080229588126,33,26.44410659327652,25.959646224975582,26.64983367919922,0.1677596674578175,6902.532076095683,0,0,1,6.7127545647987406,-3.422195372254943,3036.4010148833067,0.0,0,6.3224382400512695,8.462395668029785,0,0,128.04121818031666,0.0,0,0,0,0,0,0.0
4,cote_divoire,384006,Montagnes,1955,0.31202452839280337,0.1501373660941523,0.022913358254257995,15745,348.465032776288,Monrovia,132.4984127574321,325.1735537190083,148.0,767.0,121,1637.5619834710744,1260.0,2040.0,200.98854424663085,121,25.1240106535352,22.73429107666016,26.00441551208496,0.7379041575206315,30723.596403889744,1,0,1,6.944118045100006,-7.65159943335305,2680.083260744893,0.0,1,6.547021865844727,7.764581203460693,0,0,154.40568709345544,0.0,0,0,0,0,0,0.0
4,cote_divoire,384008,Zanzan,1955,0.15399677808283224,0.07352714173005263,0.01526146632804351,12455,290.7972336291091,Kumasi,54.69245981415708,281.1034482758621,173.0,436.0,145,1054.7862068965517,995.0,1198.0,36.49906681979437,145,26.761154253729455,25.47949981689453,27.420936584472656,0.41821861344211,38098.625307442046,1,0,1,8.668345962117781,-3.344592643821348,3754.771478925432,0.0,0,5.733087539672852,6.632352828979492,0,1,96.55472682079817,0.0514544236379121,0,0,0,1,1,2.6247666206598268e-05
4,cote_divoire,384009,Bas Sassandra,1955,0.4390377668005545,0.1991270048561271,0.034315708536803234,3507,455.04435140318657,Monrovia,65.5088971056604,126.62,18.0,224.0,100,1649.83,1289.0,2605.0,333.0965942485753,100,25.80770341873169,25.22509765625,26.19114875793457,0.200860173455382,26052.10178141492,1,1,1,5.356142301330035,-6.753345649222395,2622.86491493126,0.0,0,6.846950531005859,7.416143417358398,0,0,101.02168887152249,0.020468496206201,0,0,0,0,0,0.0
4,cote_divoire,384010,Denguele,1955,0.10648238116336108,0.056826009077468216,0.013105096108659987,13916,303.9140273972636,Kankan,77.19301793559944,393.5172413793104,224.0,608.0,203,1266.802955665025,1040.0,1595.0,124.34847186161248,203,25.68419008301984,24.050626754760746,26.89833641052246,0.597730971417226,52107.42783323396,1,0,1,8.87840707129803,-7.006208657520316,3542.836020192792,0.0,0,6.860250473022461,8.86528491973877,0,0,149.12429633248087,0.0,0,0,0,0,0,0.0
4,cote_divoire,384001,Lagunes,1965,0.6282388522986357,0.34771505977431993,0.05378003556222591,64513,322.9693959438218,Kumasi,61.654588161913736,96.74193548387096,5.0,254.0,155,1448.683870967742,1121.0,1931.0,199.40659564070492,155,26.30764381654801,25.31741523742676,26.79295539855957,0.3494729684786183,40522.45914982263,0,1,1,5.711008677401922,-4.380249815717464,2815.6222546948547,0.0,1,7.736227512359619,9.605833053588867,1,1,43.490272069027625,0.2611366467582668,0,1,5,7,9,0.0002220990578761
4,cote_divoire,384002,Haut Sassandra,1965,0.44628818679856935,0.225882940435355,0.029774085086213334,32587,499.2901292828852,Sikasso,32.937645583361004,235.63025210084032,167.0,320.0,119,1230.0588235294117,1064.0,1418.0,77.41422948235686,119,25.787072702616204,25.3157901763916,26.34029197692871,0.233934102698411,30769.201117852117,1,0,0,6.862415085823207,-6.236515529603821,2955.451305650685,0.0,0,6.78631067276001,7.520227432250977,0,0,153.801749073978,0.0002844670319042,0,0,0,0,0,0.0
4,cote_divoire,384003,Savanes,1965,0.16819919242484052,0.08743442581821427,0.016190928650461938,24256,195.50709279612187,Sikasso,50.6290742064958,336.9259259259259,211.0,472.0,162,1143.716049382716,995.0,1332.0,77.42495124797075,162,26.76087816261951,25.869644165039062,27.420936584472656,0.3624215194470649,40275.09058447214,0,0,1,9.564656833658772,-5.55858882993834,3974.991954062826,0.0,0,7.575565814971924,12.83729076385498,1,1,33.04506227348117,0.056316942080666,0,1,1,1,1,2.48292427276513e-05
4,cote_divoire,384004,Vallée du Bandam,1965,0.35707572083729716,0.18906536369156599,0.02713366596551089,63605,358.6608959867541,Kumasi,71.85926933653676,228.7107843137255,79.0,380.0,204,1070.5343137254902,981.0,1250.0,51.45475643536897,204,26.5315011435864,25.864540100097656,27.25631523132324,0.2925652415452783,56261.75977828678,0,0,0,7.649287270648433,-4.728626900583071,3484.162578932683,0.0,0,7.090639114379883,9.09406852722168,1,1,125.48062219370335,0.0450208515964125,0,0,0,0,2,3.55481237679285e-05
4,cote_divoire,384005,Moyen Comoé,1965,0.5025436550419091,0.28809231253520506,0.04415272880767135,6335,198.2815657103249,Kumasi,34.43669749072858,175.4848484848485,128.0,253.0,33,1263.090909090909,1086.0,1575.0,132.83080229588126,33,26.44410659327652,25.959646224975582,26.64983367919922,0.1677596674578175,6902.532076095683,0,0,1,6.7127545647987406,-3.422195372254943,3036.4010148833067,0.0,0,6.3224382400512695,8.462395668029785,0,0,128.04121818031666,0.0,0,0,0,0,0,0.0
4,cote_divoire,384006,Montagnes,1965,0.41878900183026324,0.20507254342722983,0.020940685193440268,23160,348.465032776288,Monrovia,132.4984127574321,325.1735537190083,148.0,767.0,121,1637.5619834710744,1260.0,2040.0,200.98854424663085,121,25.1240106535352,22.73429107666016,26.00441551208496,0.7379041575206315,30723.596403889744,1,0,1,6.944118045100006,-7.65159943335305,2680.083260744893,0.0,1,6.547021865844727,7.764581203460693,0,0,154.40568709345544,0.0,0,0,0,0,0,0.0
4,cote_divoire,384008,Zanzan,1965,0.2196989023953433,0.11101440005942105,0.017831792004207044,18927,290.7972336291091,Kumasi,54.69245981415708,281.1034482758621,173.0,436.0,145,1054.7862068965517,995.0,1198.0,36.49906681979437,145,26.761154253729455,25.47949981689453,27.420936584472656,0.41821861344211,38098.625307442046,1,0,1,8.668345962117781,-3.344592643821348,3754.771478925432,0.0,0,5.733087539672852,6.632352828979492,0,1,96.55472682079817,0.0514544236379121,0,0,0,1,1,2.6247666206598268e-05
4,cote_divoire,384009,Bas Sassandra,1965,0.458276438384033,0.20292601152876363,0.02433913723567005,5752,455.04435140318657,Monrovia,65.5088971056604,126.62,18.0,224.0,100,1649.83,1289.0,2605.0,333.0965942485753,100,25.80770341873169,25.22509765625,26.19114875793457,0.200860173455382,26052.10178141492,1,1,1,5.356142301330035,-6.753345649222395,2622.86491493126,0.0,0,6.846950531005859,7.416143417358398,0,0,101.02168887152249,0.020468496206201,0,0,0,0,0,0.0
4,cote_divoire,384010,Denguele,1965,0.17448372642741383,0.08781224581800459,0.013456172654081017,18721,303.9140273972636,Kankan,77.19301793559944,393.5172413793104,224.0,608.0,203,1266.802955665025,1040.0,1595.0,124.34847186161248,203,25.68419008301984,24.050626754760746,26.89833641052246,0.597730971417226,52107.42783323396,1,0,1,8.87840707129803,-7.006208657520316,3542.836020192792,0.0,0,6.860250473022461,8.86528491973877,0,0,149.12429633248087,0.0,0,0,0,0,0,0.0
4,cote_divoire,384001,Lagunes,1975,0.6101184398611394,0.3361581920903955,0.08734939759036145,58764,322.9693959438218,Kumasi,61.654588161913736,96.74193548387096,5.0,254.0,155,1448.683870967742,1121.0,1931.0,199.40659564070492,155,26.30764381654801,25.31741523742676,26.79295539855957,0.3494729684786183,40522.45914982263,0,1,1,5.711008677401922,-4.380249815717464,2815.6222546948547,0.0,1,7.736227512359619,9.605833053588867,1,1,43.490272069027625,0.2611366467582668,0,1,5,7,9,0.0002220990578761
4,cote_divoire,384002,Haut Sassandra,1975,0.43245753202027626,0.21541616685369347,0.041945594551716134,25843,499.2901292828852,Sikasso,32.937645583361004,235.63025210084032,167.0,320.0,119,1230.0588235294117,1064.0,1418.0,77.41422948235686,119,25.787072702616204,25.3157901763916,26.34029197692871,0.233934102698411,30769.201117852117,1,0,0,6.862415085823207,-6.236515529603821,2955.451305650685,0.0,0,6.78631067276001,7.520227432250977,0,0,153.801749073978,0.0002844670319042,0,0,0,0,0,0.0
4,cote_divoire,384003,Savanes,1975,0.2049016641452345,0.11092284417549168,0.02777609682299546,16525,195.50709279612187,Sikasso,50.6290742064958,336.9259259259259,211.0,472.0,162,1143.716049382716,995.0,1332.0,77.42495124797075,162,26.76087816261951,25.869644165039062,27.420936584472656,0.3624215194470649,40275.09058447214,0,0,1,9.564656833658772,-5.55858882993834,3974.991954062826,0.0,0,7.575565814971924,12.83729076385498,1,1,33.04506227348117,0.056316942080666,0,1,1,1,1,2.48292427276513e-05
4,cote_divoire,384004,Vallée du Bandam,1975,0.3819008002893702,0.1960482886467423,0.04507844644391192,44234,358.6608959867541,Kumasi,71.85926933653676,228.7107843137255,79.0,380.0,204,1070.5343137254902,981.0,1250.0,51.45475643536897,204,26.5315011435864,25.864540100097656,27.25631523132324,0.2925652415452783,56261.75977828678,0,0,0,7.649287270648433,-4.728626900583071,3484.162578932683,0.0,0,7.090639114379883,9.09406852722168,1,1,125.48062219370335,0.0450208515964125,0,0,0,0,2,3.55481237679285e-05
4,cote_divoire,384005,Moyen Comoé,1975,0.440870954854175,0.21454254894127048,0.049540551338393926,5006,198.2815657103249,Kumasi,34.43669749072858,175.4848484848485,128.0,253.0,33,1263.090909090909,1086.0,1575.0,132.83080229588126,33,26.44410659327652,25.959646224975582,26.64983367919922,0.1677596674578175,6902.532076095683,0,0,1,6.7127545647987406,-3.422195372254943,3036.4010148833067,0.0,0,6.3224382400512695,8.462395668029785,0,0,128.04121818031666,0.0,0,0,0,0,0,0.0
4,cote_divoire,384006,Montagnes,1975,0.4454828660436137,0.19132022773659899,0.031260070899129876,18618,348.465032776288,Monrovia,132.4984127574321,325.1735537190083,148.0,767.0,121,1637.5619834710744,1260.0,2040.0,200.98854424663085,121,25.1240106535352,22.73429107666016,26.00441551208496,0.7379041575206315,30723.596403889744,1,0,1,6.944118045100006,-7.65159943335305,2680.083260744893,0.0,1,6.547021865844727,7.764581203460693,0,0,154.40568709345544,0.0,0,0,0,0,0,0.0
4,cote_divoire,384008,Zanzan,1975,0.22998618483240021,0.1023049516469134,0.02326765069439395,13753,290.7972336291091,Kumasi,54.69245981415708,281.1034482758621,173.0,436.0,145,1054.7862068965517,995.0,1198.0,36.49906681979437,145,26.761154253729455,25.47949981689453,27.420936584472656,0.41821861344211,38098.625307442046,1,0,1,8.668345962117781,-3.344592643821348,3754.771478925432,0.0,0,5.733087539672852,6.632352828979492,0,1,96.55472682079817,0.0514544236379121,0,0,0,1,1,2.6247666206598268e-05
4,cote_divoire,384009,Bas Sassandra,1975,0.3916967509025271,0.18411552346570398,0.028339350180505415,5540,455.04435140318657,Monrovia,65.5088971056604,126.62,18.0,224.0,100,1649.83,1289.0,2605.0,333.0965942485753,100,25.80770341873169,25.22509765625,26.19114875793457,0.200860173455382,26052.10178141492,1,1,1,5.356142301330035,-6.753345649222395,2622.86491493126,0.0,0,6.846950531005859,7.416143417358398,0,0,101.02168887152249,0.020468496206201,0,0,0,0,0,0.0
4,cote_divoire,384010,Denguele,1975,0.20040743570155334,0.10287751464222053,0.021645021645021644,11781,303.9140273972636,Kankan,77.19301793559944,393.5172413793104,224.0,608.0,203,1266.802955665025,1040.0,1595.0,124.34847186161248,203,25.68419008301984,24.050626754760746,26.89833641052246,0.597730971417226,52107.42783323396,1,0,1,8.87840707129803,-7.006208657520316,3542.836020192792,0.0,0,6.860250473022461,8.86528491973877,0,0,149.12429633248087,0.0,0,0,0,0,0,0.0
12,rwanda,000001,Kigali City,1915,0.16666666666666666,0.08333333333333333,0.0,12,365.9309180279921,Kampala,108.8884176577105,1559.75,1413.0,1737.0,8,1034.0,947.0,1125.0,55.51801509420163,8,19.9422607421875,18.89287376403809,20.65999794006348,0.5784651625576501,730.0897537371847,0,0,0,-1.9340830488239973,30.120937634458045,3337.303276909722,0.0,0,16.300859451293945,20.222410202026367,0,0,28.709554552920945,0.8966240876398877,0,6,13,19,0,0.0
12,rwanda,000002,Southern Province,1915,0.05384615384615385,0.0,0.0,130,434.1062996215759,Kampala,255.8327285857084,1787.258064516129,1413.0,2290.0,31,1303.0,1012.0,1670.0,190.99045745457985,31,18.563767525457568,15.586166381835938,20.65999794006348,1.53578283028119,5981.604614670956,0,0,1,-2.3674936134211304,29.68629705569099,3256.245944552951,0.0,0,6.656716346740723,8.524528503417969,0,1,6.5594784006661415,0.8497484290198368,5,8,15,26,8,0.0013374337682531
12,rwanda,000003,Western Province,1915,0.06796116504854369,0.009708737864077669,0.009708737864077669,103,446.2039622298451,Kampala,332.7733867830969,1853.741935483871,1128.0,2581.0,31,1409.451612903226,1125.0,1670.0,142.24237350374602,31,17.716565378250614,13.92893886566162,21.66366577148437,1.6195947598060614,4874.315921150836,0,0,1,-2.111388382781319,29.331150549816115,3173.585680945445,0.0,0,7.195402145385742,8.63730525970459,0,1,2.7073927463081224,0.9269549536315193,3,9,17,20,5,0.0010257849677539
12,rwanda,000004,Northern Province,1915,0.027522935779816515,0.0,0.0,109,363.6205082129889,Kampala,274.3997543851153,1931.9545454545453,1537.0,2581.0,22,1202.8636363636365,962.0,1558.0,169.0947274739935,22,17.527229569175027,13.92893886566162,20.035625457763672,1.7623364776272312,3256.8141377203456,0,0,1,-1.606622070499174,29.88248281149004,3551.175952808277,0.0,0,5.39130449295044,8.271523475646973,0,1,16.450278000875137,0.7831673173607063,2,7,11,17,3,0.0009211455960148
12,rwanda,000005,Eastern Province,1915,0.028169014084507043,0.0,0.0,71,332.2456599640968,Kampala,138.50852203775526,1465.1875,1315.0,1959.0,48,943.3333333333334,836.0,1087.0,63.21600975139833,48,20.201499978701275,17.014251708984375,20.902061462402344,0.8231745561102468,9457.764773775514,1,0,1,-1.847857335053279,30.459225960709592,3456.002284618693,0.0,0,5.342105388641357,7.128342151641846,0,1,15.41499071803892,0.3748210065872085,1,2,5,13,2,0.00021146645617
12,rwanda,000001,Kigali City,1925,0.041666666666666664,0.016666666666666666,0.016666666666666666,120,365.9309180279921,Kampala,108.8884176577105,1559.75,1413.0,1737.0,8,1034.0,947.0,1125.0,55.51801509420163,8,19.9422607421875,18.89287376403809,20.65999794006348,0.5784651625576501,730.0897537371847,0,0,0,-1.9340830488239973,30.120937634458045,3337.303276909722,0.0,0,16.300859451293945,20.222410202026367,0,0,28.709554552920945,0.8966240876398877,0,6,13,19,0,0.0
12,rwanda,000002,Southern Province,1925,0.047116165718927704,0.005686433793663688,0.0,1231,434.1062996215759,Kampala,255.8327285857084,1787.258064516129,1413.0,2290.0,31,1303.0,1012.0,1670.0,190.99045745457985,31,18.563767525457568,15.586166381835938,20.65999794006348,1.53578283028119,5981.604614670956,0,0,1,-2.3674936134211304,29.68629705569099,3256.245944552951,0.0,0,6.656716346740723,8.524528503417969,0,1,6.5594784006661415,0.8497484290198368,5,8,15,26,8,0.0013374337682531
12,rwanda,000003,Western Province,1925,0.037894736842105266,0.004210526315789474,0.0,950,446.2039622298451,Kampala,332.7733867830969,1853.741935483871,1128.0,2581.0,31,1409.451612903226,1125.0,1670.0,142.24237350374602,31,17.716565378250614,13.92893886566162,21.66366577148437,1.6195947598060614,4874.315921150836,0,0,1,-2.111388382781319,29.331150549816115,3173.585680945445,0.0,0,7.195402145385742,8.63730525970459,0,1,2.7073927463081224,0.9269549536315193,3,9,17,20,5,0.0010257849677539
12,rwanda,000004,Northern Province,1925,0.027563395810363836,0.0033076074972436605,0.0,907,363.6205082129889,Kampala,274.3997543851153,1931.9545454545453,1537.0,2581.0,22,1202.8636363636365,962.0,1558.0,169.0947274739935,22,17.527229569175027,13.92893886566162,20.035625457763672,1.7623364776272312,3256.8141377203456,0,0,1,-1.606622070499174,29.88248281149004,3551.175952808277,0.0,0,5.39130449295044,8.271523475646973,0,1,16.450278000875137,0.7831673173607063,2,7,11,17,3,0.0009211455960148
12,rwanda,000005,Eastern Province,1925,0.04739336492890995,0.002369668246445498,0.0,422,332.2456599640968,Kampala,138.50852203775526,1465.1875,1315.0,1959.0,48,943.3333333333334,836.0,1087.0,63.21600975139833,48,20.201499978701275,17.014251708984375,20.902061462402344,0.8231745561102468,9457.764773775514,1,0,1,-1.847857335053279,30.459225960709592,3456.002284618693,0.0,0,5.342105388641357,7.128342151641846,0,1,15.41499071803892,0.3748210065872085,1,2,5,13,2,0.00021146645617
12,rwanda,000001,Kigali City,1935,0.0696969696969697,0.021212121212121213,0.006060606060606061,330,365.9309180279921,Kampala,108.8884176577105,1559.75,1413.0,1737.0,8,1034.0,947.0,1125.0,55.51801509420163,8,19.9422607421875,18.89287376403809,20.65999794006348,0.5784651625576501,730.0897537371847,0,0,0,-1.9340830488239973,30.120937634458045,3337.303276909722,0.0,0,16.300859451293945,20.222410202026367,0,0,28.709554552920945,0.8966240876398877,0,6,13,19,0,0.0
12,rwanda,000002,Southern Province,1935,0.06781429316640585,0.014606155451225874,0.0020865936358894104,3834,434.1062996215759,Kampala,255.8327285857084,1787.258064516129,1413.0,2290.0,31,1303.0,1012.0,1670.0,190.99045745457985,31,18.563767525457568,15.586166381835938,20.65999794006348,1.53578283028119,5981.604614670956,0,0,1,-2.3674936134211304,29.68629705569099,3256.245944552951,0.0,0,6.656716346740723,8.524528503417969,0,1,6.5594784006661415,0.8497484290198368,5,8,15,26,8,0.0013374337682531
12,rwanda,000003,Western Province,1935,0.04843019372077488,0.014028056112224449,0.002004008016032064,2994,446.2039622298451,Kampala,332.7733867830969,1853.741935483871,1128.0,2581.0,31,1409.451612903226,1125.0,1670.0,142.24237350374602,31,17.716565378250614,13.92893886566162,21.66366577148437,1.6195947598060614,4874.315921150836,0,0,1,-2.111388382781319,29.331150549816115,3173.585680945445,0.0,0,7.195402145385742,8.63730525970459,0,1,2.7073927463081224,0.9269549536315193,3,9,17,20,5,0.0010257849677539
12,rwanda,000004,Northern Province,1935,0.033289386947923535,0.007251153592617007,0.0006591957811470006,3034,363.6205082129889,Kampala,274.3997543851153,1931.9545454545453,1537.0,2581.0,22,1202.8636363636365,962.0,1558.0,169.0947274739935,22,17.527229569175027,13.92893886566162,20.035625457763672,1.7623364776272312,3256.8141377203456,0,0,1,-1.606622070499174,29.88248281149004,3551.175952808277,0.0,0,5.39130449295044,8.271523475646973,0,1,16.450278000875137,0.7831673173607063,2,7,11,17,3,0.0009211455960148
12,rwanda,000005,Eastern Province,1935,0.06590450571620712,0.013449899125756557,0.0006724949562878278,1487,332.2456599640968,Kampala,138.50852203775526,1465.1875,1315.0,1959.0,48,943.3333333333334,836.0,1087.0,63.21600975139833,48,20.201499978701275,17.014251708984375,20.902061462402344,0.8231745561102468,9457.764773775514,1,0,1,-1.847857335053279,30.459225960709592,3456.002284618693,0.0,0,5.342105388641357,7.128342151641846,0,1,15.41499071803892,0.3748210065872085,1,2,5,13,2,0.00021146645617
12,rwanda,000001,Kigali City,1945,0.13657770800627944,0.04552590266875981,0.007849293563579277,637,365.9309180279921,Kampala,108.8884176577105,1559.75,1413.0,1737.0,8,1034.0,947.0,1125.0,55.51801509420163,8,19.9422607421875,18.89287376403809,20.65999794006348,0.5784651625576501,730.0897537371847,0,0,0,-1.9340830488239973,30.120937634458045,3337.303276909722,0.0,0,16.300859451293945,20.222410202026367,0,0,28.709554552920945,0.8966240876398877,0,6,13,19,0,0.0
12,rwanda,000002,Southern Province,1945,0.1129724491208639,0.02879689879551433,0.005814758410632701,7223,434.1062996215759,Kampala,255.8327285857084,1787.258064516129,1413.0,2290.0,31,1303.0,1012.0,1670.0,190.99045745457985,31,18.563767525457568,15.586166381835938,20.65999794006348,1.53578283028119,5981.604614670956,0,0,1,-2.3674936134211304,29.68629705569099,3256.245944552951,0.0,0,6.656716346740723,8.524528503417969,0,1,6.5594784006661415,0.8497484290198368,5,8,15,26,8,0.0013374337682531
12,rwanda,000003,Western Province,1945,0.0954951600893522,0.028481012658227847,0.004281459419210722,5372,446.2039622298451,Kampala,332.7733867830969,1853.741935483871,1128.0,2581.0,31,1409.451612903226,1125.0,1670.0,142.24237350374602,31,17.716565378250614,13.92893886566162,21.66366577148437,1.6195947598060614,4874.315921150836,0,0,1,-2.111388382781319,29.331150549816115,3173.585680945445,0.0,0,7.195402145385742,8.63730525970459,0,1,2.7073927463081224,0.9269549536315193,3,9,17,20,5,0.0010257849677539
12,rwanda,000004,Northern Province,1945,0.08134342846049311,0.020966802562609202,0.0034944670937682005,5151,363.6205082129889,Kampala,274.3997543851153,1931.9545454545453,1537.0,2581.0,22,1202.8636363636365,962.0,1558.0,169.0947274739935,22,17.527229569175027,13.92893886566162,20.035625457763672,1.7623364776272312,3256.8141377203456,0,0,1,-1.606622070499174,29.88248281149004,3551.175952808277,0.0,0,5.39130449295044,8.271523475646973,0,1,16.450278000875137,0.7831673173607063,2,7,11,17,3,0.0009211455960148
12,rwanda,000005,Eastern Province,1945,0.1141439205955335,0.026586316908897553,0.003544842254519674,2821,332.2456599640968,Kampala,138.50852203775526,1465.1875,1315.0,1959.0,48,943.3333333333334,836.0,1087.0,63.21600975139833,48,20.201499978701275,17.014251708984375,20.902061462402344,0.8231745561102468,9457.764773775514,1,0,1,-1.847857335053279,30.459225960709592,3456.002284618693,0.0,0,5.342105388641357,7.128342151641846,0,1,15.41499071803892,0.3748210065872085,1,2,5,13,2,0.00021146645617
12,rwanda,000001,Kigali City,1955,0.23308270676691728,0.07928913192071087,0.015037593984962405,1463,365.9309180279921,Kampala,108.8884176577105,1559.75,1413.0,1737.0,8,1034.0,947.0,1125.0,55.51801509420163,8,19.9422607421875,18.89287376403809,20.65999794006348,0.5784651625576501,730.0897537371847,0,0,0,-1.9340830488239973,30.120937634458045,3337.303276909722,0.0,0,16.300859451293945,20.222410202026367,0,0,28.709554552920945,0.8966240876398877,0,6,13,19,0,0.0
12,rwanda,000002,Southern Province,1955,0.20330721293268342,0.043808231011291415,0.008761646202258283,16207,434.1062996215759,Kampala,255.8327285857084,1787.258064516129,1413.0,2290.0,31,1303.0,1012.0,1670.0,190.99045745457985,31,18.563767525457568,15.586166381835938,20.65999794006348,1.53578283028119,5981.604614670956,0,0,1,-2.3674936134211304,29.68629705569099,3256.245944552951,0.0,0,6.656716346740723,8.524528503417969,0,1,6.5594784006661415,0.8497484290198368,5,8,15,26,8,0.0013374337682531
12,rwanda,000003,Western Province,1955,0.14994280111129268,0.03431933322438307,0.006128452361496977,12238,446.2039622298451,Kampala,332.7733867830969,1853.741935483871,1128.0,2581.0,31,1409.451612903226,1125.0,1670.0,142.24237350374602,31,17.716565378250614,13.92893886566162,21.66366577148437,1.6195947598060614,4874.315921150836,0,0,1,-2.111388382781319,29.331150549816115,3173.585680945445,0.0,0,7.195402145385742,8.63730525970459,0,1,2.7073927463081224,0.9269549536315193,3,9,17,20,5,0.0010257849677539
12,rwanda,000004,Northern Province,1955,0.15108236773556094,0.03431240456301087,0.005209736818467619,11133,363.6205082129889,Kampala,274.3997543851153,1931.9545454545453,1537.0,2581.0,22,1202.8636363636365,962.0,1558.0,169.0947274739935,22,17.527229569175027,13.92893886566162,20.035625457763672,1.7623364776272312,3256.8141377203456,0,0,1,-1.606622070499174,29.88248281149004,3551.175952808277,0.0,0,5.39130449295044,8.271523475646973,0,1,16.450278000875137,0.7831673173607063,2,7,11,17,3,0.0009211455960148
12,rwanda,000005,Eastern Province,1955,0.19629972247918595,0.040333024976873265,0.00906567992599445,5405,332.2456599640968,Kampala,138.50852203775526,1465.1875,1315.0,1959.0,48,943.3333333333334,836.0,1087.0,63.21600975139833,48,20.201499978701275,17.014251708984375,20.902061462402344,0.8231745561102468,9457.764773775514,1,0,1,-1.847857335053279,30.459225960709592,3456.002284618693,0.0,0,5.342105388641357,7.128342151641846,0,1,15.41499071803892,0.3748210065872085,1,2,5,13,2,0.00021146645617
12,rwanda,000001,Kigali City,1965,0.4232315112540193,0.1567524115755627,0.02572347266881029,2488,365.9309180279921,Kampala,108.8884176577105,1559.75,1413.0,1737.0,8,1034.0,947.0,1125.0,55.51801509420163,8,19.9422607421875,18.89287376403809,20.65999794006348,0.5784651625576501,730.0897537371847,0,0,0,-1.9340830488239973,30.120937634458045,3337.303276909722,0.0,0,16.300859451293945,20.222410202026367,0,0,28.709554552920945,0.8966240876398877,0,6,13,19,0,0.0
12,rwanda,000002,Southern Province,1965,0.33234475521284845,0.08158050828124287,0.01432677829994981,21917,434.1062996215759,Kampala,255.8327285857084,1787.258064516129,1413.0,2290.0,31,1303.0,1012.0,1670.0,190.99045745457985,31,18.563767525457568,15.586166381835938,20.65999794006348,1.53578283028119,5981.604614670956,0,0,1,-2.3674936134211304,29.68629705569099,3256.245944552951,0.0,0,6.656716346740723,8.524528503417969,0,1,6.5594784006661415,0.8497484290198368,5,8,15,26,8,0.0013374337682531
12,rwanda,000003,Western Province,1965,0.26216552582451774,0.07660236465463596,0.01655258245177349,16070,446.2039622298451,Kampala,332.7733867830969,1853.741935483871,1128.0,2581.0,31,1409.451612903226,1125.0,1670.0,142.24237350374602,31,17.716565378250614,13.92893886566162,21.66366577148437,1.6195947598060614,4874.315921150836,0,0,1,-2.111388382781319,29.331150549816115,3173.585680945445,0.0,0,7.195402145385742,8.63730525970459,0,1,2.7073927463081224,0.9269549536315193,3,9,17,20,5,0.0010257849677539
12,rwanda,000004,Northern Province,1965,0.28312594010665937,0.07213182004649255,0.011554765486120607,14626,363.6205082129889,Kampala,274.3997543851153,1931.9545454545453,1537.0,2581.0,22,1202.8636363636365,962.0,1558.0,169.0947274739935,22,17.527229569175027,13.92893886566162,20.035625457763672,1.7623364776272312,3256.8141377203456,0,0,1,-1.606622070499174,29.88248281149004,3551.175952808277,0.0,0,5.39130449295044,8.271523475646973,0,1,16.450278000875137,0.7831673173607063,2,7,11,17,3,0.0009211455960148
12,rwanda,000005,Eastern Province,1965,0.3073299632352941,0.06847426470588236,0.011948529411764705,8704,332.2456599640968,Kampala,138.50852203775526,1465.1875,1315.0,1959.0,48,943.3333333333334,836.0,1087.0,63.21600975139833,48,20.201499978701275,17.014251708984375,20.902061462402344,0.8231745561102468,9457.764773775514,1,0,1,-1.847857335053279,30.459225960709592,3456.002284618693,0.0,0,5.342105388641357,7.128342151641846,0,1,15.41499071803892,0.3748210065872085,1,2,5,13,2,0.00021146645617
12,rwanda,000001,Kigali City,1975,0.5874923609696476,0.22305968629048686,0.0802607455693624,4909,365.9309180279921,Kampala,108.8884176577105,1559.75,1413.0,1737.0,8,1034.0,947.0,1125.0,55.51801509420163,8,19.9422607421875,18.89287376403809,20.65999794006348,0.5784651625576501,730.0897537371847,0,0,0,-1.9340830488239973,30.120937634458045,3337.303276909722,0.0,0,16.300859451293945,20.222410202026367,0,0,28.709554552920945,0.8966240876398877,0,6,13,19,0,0.0
12,rwanda,000002,Southern Province,1975,0.4597956002078642,0.10452104624978348,0.029863156071366706,28865,434.1062996215759,Kampala,255.8327285857084,1787.258064516129,1413.0,2290.0,31,1303.0,1012.0,1670.0,190.99045745457985,31,18.563767525457568,15.586166381835938,20.65999794006348,1.53578283028119,5981.604614670956,0,0,1,-2.3674936134211304,29.68629705569099,3256.245944552951,0.0,0,6.656716346740723,8.524528503417969,0,1,6.5594784006661415,0.8497484290198368,5,8,15,26,8,0.0013374337682531
12,rwanda,000003,Western Province,1975,0.3854722771028627,0.10504855185169616,0.03283029971835722,23789,446.2039622298451,Kampala,332.7733867830969,1853.741935483871,1128.0,2581.0,31,1409.451612903226,1125.0,1670.0,142.24237350374602,31,17.716565378250614,13.92893886566162,21.66366577148437,1.6195947598060614,4874.315921150836,0,0,1,-2.111388382781319,29.331150549816115,3173.585680945445,0.0,0,7.195402145385742,8.63730525970459,0,1,2.7073927463081224,0.9269549536315193,3,9,17,20,5,0.0010257849677539
12,rwanda,000004,Northern Province,1975,0.41246558197747185,0.09551939924906133,0.02718397997496871,19975,363.6205082129889,Kampala,274.3997543851153,1931.9545454545453,1537.0,2581.0,22,1202.8636363636365,962.0,1558.0,169.0947274739935,22,17.527229569175027,13.92893886566162,20.035625457763672,1.7623364776272312,3256.8141377203456,0,0,1,-1.606622070499174,29.88248281149004,3551.175952808277,0.0,0,5.39130449295044,8.271523475646973,0,1,16.450278000875137,0.7831673173607063,2,7,11,17,3,0.0009211455960148
12,rwanda,000005,Eastern Province,1975,0.41443311557482143,0.08455949691678369,0.024238353989865073,16379,332.2456599640968,Kampala,138.50852203775526,1465.1875,1315.0,1959.0,48,943.3333333333334,836.0,1087.0,63.21600975139833,48,20.201499978701275,17.014251708984375,20.902061462402344,0.8231745561102468,9457.764773775514,1,0,1,-1.847857335053279,30.459225960709592,3456.002284618693,0.0,0,5.342105388641357,7.128342151641846,0,1,15.41499071803892,0.3748210065872085,1,2,5,13,2,0.00021146645617
